report_number,crash_year,crash_date_time,total_number_of_vehicles,total_number_of_persons,on_street_road_highway,street_address_number,latitude,longitude,feet_from_intersection,miles_from_intersection,direction_from_intersection,from_intersection_of,from_milepost_number,road_system_identifier,first_harmful_event,harmful_event_location,other1
88099944,2019,2019-05-23 18:00,1,1,WOODLANE CIRCLE,,30.5182704923497,-84.3663740106836,50,,W,STATE ROAD 263,,5,1,1,EC2
88092910,2019,2019-04-04 23:38,1,2,INTERSTATE 10 (STATE ROAD 8),,30.50174,-84.25136,,0.3,W,STATE ROAD 61,,1,1,2,EC2
89140585,2019,2019-04-27 03:20,1,1,Old Bainbridge Rd,,30.498312,-84.334174,100,,S,FRED GEORGE RD,,5,1,1,EC2
88111357,2019,2019-04-19 08:10,1,1,INTERSTATE 10 (STATE ROAD 8),,30.4973820813592,-84.1932494693292,,1,W,MILE MARKER 207,,1,1,2,EC2
87292198,2019,2019-06-06 03:15,1,1,US Highway 27,,30.49029,-84.32267,500,,S,RAY ROAD,,2,1,4,EC2
89141547,2019,2019-06-05 01:40,1,1,Centerville Rd,,30.487677,-84.226439,167,,W,CATHAY CT,,3,1,1,EC2
89140993,2019,2019-05-11 05:52,1,1,Gearhart Rd,,30.483239,-84.362946,50,,E,CAPITAL CIR NW,,5,1,2,EC2
88109678,2019,2019-04-01 21:35,1,1,BUCK LAKE ROAD,,30.4641959008682,-84.155877982111,500,,E,ALAMEDA ROAD,,4,1,2,EC2
89141275,2019,2019-05-23 09:20,1,1,W Call St,,30.448849,-84.312782,,,E,W TENNESSEE ST,,5,1,1,EC2
89141634,2019,2019-06-08 18:25,1,1,N Blair Stone Rd,,30.444307,-84.250187,957,,N,PARK AVE E,,5,1,1,EC2
88060356,2019,2019-05-29 10:35,1,1,EB ROAD TO THE LAKE ROAD,,30.4337858234877,-84.1278522264374,,1,E,CHAIRES CROSS ROAD,,5,1,1,EC2
89140746,2019,2019-05-02 02:25,1,0,S Magnolia Dr,,30.426866,-84.261912,89,,S,CHEROKEE DR,,5,1,2,EC2
88056992,2019,2019-06-29 06:00,1,1,UNITED STATES-27 (APALACHEE PARKWAY),,30.4159643350858,-84.086356448845,,1,W,CAP TRAM ROAD,,2,1,2,EC2
87505316,2019,2019-04-05 13:15,2,5,Maclay Rd,,,,100,,E,BOBBIN BRK E,,5,5,1,EC2
87270823,2019,2019-04-14 00:48,1,1,STATE ROAD 363 (WOODVILLE HIGHWAY),,30.3761578065922,-84.2703480852813,500,,S,SHANNON STREET,,3,6,1,EC2
89140359,2019,2019-04-19 09:39,1,1,Apalachee Pkwy,,30.42843,-84.210289,156,,E,SOUTHWOOD PLANTATION RD,,2,7,1,EC2
89139978,2019,2019-04-06 12:30,1,1,E Magnolia Dr,,30.419979,-84.270012,351,,W,COUNTRY CLUB DR,,5,7,1,EC2
88056988,2019,2019-06-15 00:00,1,2,UNITED STATES-319 (STATE ROAD-61) NB,,30.6140634222043,-84.172921663458,662,,N,HORSESHOE PLANTATION ROAD,,2,9,4,EC2
89140314,2019,2019-04-17 21:45,1,1,Centerville Rd,,30.528064,-84.188738,87,,W,KILLIMORE LN,,5,9,10,EC2
88074478,2019,2019-04-09 15:32,1,1,UNITED STATES HIGHWAY 27,,30.492374420166,-84.3242340087891,,,,TALPECO ROAD,,2,9,2,EC2
82014362,2019,2019-06-07 11:10,1,3,INTERSTATE 10 WESTBOUND (209 A EXIT RAMP),,30.4868697622281,-84.1592081577193,200,,W,U.S. HIGHWAY 90,,1,9,3,EC2
87249937,2019,2019-05-02 14:13,1,2,INTERSTATE 10 EASTBOUND,,30.48494,-84.39611,25,,E,MILE MARKER 194,,1,9,3,EC2
88098355,2019,2019-05-22 14:45,1,3,INTERSTATE 10 (SR 8),,30.4848497904479,-84.3943135286265,,0.1,W,REST AREA ENTRANCE RAMP,,1,9,1,EC2
87249939,2019,2019-05-12 14:35,1,5,INTERSTATE 10 209 EASTBOUND EXIT RAMP,,30.48381,-84.15652,300,,E,US-90,,1,9,3,EC2
88056989,2019,2019-06-19 09:25,1,2,INTERSTATE-10 (STATE ROAD-8) MM195 EB,,30.4820062945539,-84.3761854837399,,1,W,STATE ROAD-263,,1,9,1,EC2
87292189,2019,2019-04-05 16:37,1,1,INTERSTATE 10 WESTBOUND 196 MM,,30.4783733239897,-84.3481184974322,,1,E,STATE ROAD 263,,1,9,3,EC2
87292190,2019,2019-04-05 17:43,2,2,INTERSTATE 10 EB 197 MM,,30.47814,-84.34673,,1,W,OLD BAINBRIDGE ROAD,,1,9,1,EC2
88059984,2019,2019-04-27 18:45,1,1,INTERSTATE 10 (STATE ROAD 8),,30.4781,-84.12464,,1.5,E,US HIGHWAY 90,,1,9,1,EC2
89141060,2019,2019-05-14 13:05,2,2,Mahan Dr,3111,30.460553,-84.225665,,,,,,9,9,8,EC2
89140170,2019,2019-04-12 07:24,1,1,Capital Circle NW,5000,30.459164,-84.361877,,,,,,9,9,2,EC2
88056976,2019,2019-05-08 23:40,1,4,STATE ROAD-20 (BLOUNTSTOWN HIGHWAY,,30.4437945442723,-84.3996777480177,,0.1,E,SILVER SADDLE DRIVE,,3,9,2,EC2
89141796,2019,2019-06-15 13:46,1,2,N PAUL RUSSELL RD,,30.429776,-84.243523,,,,APALACHEE PKWY,,2,9,2,EC2
89140926,2019,2019-05-08 11:14,2,2,Apalachee Pkwy,3210,30.427871,-84.222791,,,,,,9,9,8,EC2
89297462,2019,2019-06-28 00:40,1,1,W CAPPS HWY,,30.413051,-84.074691,916,,E,CAP TRAM RD,,2,9,1,EC2
89297482,2019,2019-05-31 22:00,1,1,E Orange Ave,,30.412374,-84.264106,,,,JIM LEE RD,,5,9,1,EC2
87249945,2019,2019-05-30 04:30,1,1,US-319 (CRAWFORDVILLE RD),,30.33197,-84.32577,,0.5,N,OAK RIDGE ROAD,,2,9,2,EC2
89141368,2019,2019-05-28 11:43,1,1,Dixie Dr,600,,,,,,,,9,9,8,EC2
89140976,2019,2019-05-10 14:27,1,2,Maclay Blvd,3521,30.51276,-84.249897,,,,,,9,10,8,EC2
89141410,2019,2019-05-29 18:51,1,2,TIMBERLANE SCHOOL RD,3569,30.502755,-84.26067,,,,,,9,10,8,EC2
89141630,2019,2019-05-29 19:45,1,2,Capital Cir,2785,30.490267,-84.240793,,,,,,9,10,8,EC2
87505325,2019,2019-04-07 14:59,1,2,N Monroe St,3221,30.488696,-84.318041,0,,,,,9,10,8,EC2
89140843,2019,2019-05-04 03:30,1,2,HUNTINGTON WOODS BLVD,,30.482244,-84.339529,314,,W,DUFFTON LOOP,,5,10,1,EC2
89140117,2019,2019-04-11 17:15,1,2,Gearhart Rd,,30.481545,-84.347374,172,,E,BENT OAK RUN,,5,10,10,EC2
89140727,2019,2019-05-01 14:55,1,2,Capital Circle NW,,30.467917,-84.361372,316,,N,PEDDIE DR,,5,10,1,EC2
89140080,2019,2019-04-10 08:00,1,1,W Tharpe St,,30.4654,-84.330108,116,,W,VILLA SAN MARCO APARTMENTS,,5,10,1,EC2
89140890,2019,2019-05-06 18:04,1,3,Weems Rd,,30.461925,-84.22235,,,,MAHAN DR,,2,10,1,EC2
89140962,2019,2019-05-09 07:49,1,2,CALLOWAY ST,,30.458938,-84.305688,,,,INDIANA ST,,5,10,1,EC2
89141993,2019,2019-06-23 18:11,1,2,E 7TH AVE,136,30.45797,-84.279025,,,,,,9,10,2,EC2
87505408,2019,2019-04-24 14:55,1,3,W Tennessee St,,30.456964,-84.366811,0,,,TENNESSEE CAPITAL BLVD,,5,10,1,EC2
89141025,2019,2019-05-12 03:10,1,2,Continental Ave,,30.455426,-84.317751,,,,OCALA RD,,5,10,10,EC2
89140181,2019,2019-04-13 13:50,1,3,Old Bainbridge Rd,,30.450818,-84.290279,,,,CENTRAL ST,,5,10,1,EC2
89141058,2019,2019-05-14 08:50,1,1,Old Bainbridge Rd,,30.450682,-84.290222,26,,S,CENTRAL ST,,5,10,1,EC2
89140782,2019,2019-05-02 21:43,1,2,Chapel Dr,,30.447148,-84.310312,314,,S,W CALL ST,,5,10,1,EC2
89141860,2019,2019-06-18 10:45,1,2,Ocala Rd,800,30.445776,-84.318047,,,,,,9,10,8,EC2
89140269,2019,2019-04-16 12:22,1,2,W Tennessee St,412,30.444856,-84.285911,,,,,,9,10,2,EC2
89140701,2019,2019-04-30 16:00,1,2,N Macomb St,,30.443682,-84.288421,,,,W CALL ST,,5,10,1,EC2
89141429,2019,2019-05-30 17:05,1,2,E Call St,,30.44358,-84.273255,,,,N FRANKLIN BLVD,,5,10,1,EC2
89140308,2019,2019-04-17 20:30,1,3,W Pensacola St,,30.441396,-84.333474,100,,E,CACTUS ST,,5,10,1,EC2
89140496,2019,2019-04-24 01:09,1,2,W Pensacola St,,30.441357,-84.333477,,,,CACTUS ST,,5,10,1,EC2
89141367,2019,2019-05-28 13:51,1,3,S WOODWARD AVE,,30.438908,-84.298161,68,,N,W PENSACOLA ST,,5,10,1,EC2
89140591,2019,2019-04-26 20:50,1,2,W Pensacola St,,30.438185,-84.346004,908,,W,CENTURY PARK DR,,3,10,1,EC2
89141933,2019,2019-06-20 18:50,2,4,UNNAMED RD,,30.437998,-84.254364,,,,,,9,10,8,EC2
89140943,2019,2019-05-09 08:32,1,2,Jackson Bluff Rd,2415,30.434438,-84.327216,,,,,,9,10,1,EC2
89140747,2019,2019-05-02 06:47,1,2,Jackson Bluff Rd,,30.43441,-84.319515,,,S,AUSLEY RD,,5,10,1,EC2
89141839,2019,2019-06-13 21:09,1,2,S Adams St,,30.432442,-84.281944,27,,N,W VAN BUREN ST,,5,10,1,EC2
89140593,2019,2019-04-27 11:45,1,2,Apalachee Pkwy,,30.427154,-84.22907,100,,E,FOREST TOWER DR,,2,10,1,EC2
83780819,2019,2019-04-19 07:58,1,2,APALACHEE PARKWAY,2900,30.42705,-84.23223,450,,N,U.S. HWY 27 (APALACHEE PARKWAY),,9,10,3,EC2
89139772,2019,2019-04-01 07:05,1,4,PERKINS ST,,30.422255,-84.280553,,,,S MONROE ST,,5,10,1,EC2
89139920,2019,2019-04-04 10:40,1,2,HOLTON STREET,2500,30.416002,-84.29699,,,,,,9,10,1,EC2
89141943,2019,2019-06-21 10:33,1,2,E Orange Ave,,30.412598,-84.277288,,,,S MERIDIAN ST,,5,10,1,EC2
87505346,2019,2019-04-10 17:22,1,2,OAKRIDGE RD,,30.321629489186,-84.249019716165,0,,,WOODVILLE HWY,,5,10,1,EC2
88592893,2019,2019-04-11 18:45,1,2,W Pensacola St,,30.4389450341371,-84.2958522397509,,,,LORENE ST,,5,10,1,EC2
87505385,2019,2019-04-16 11:48,1,2,VELDA DAIRY,,30.538537385021,-84.2164554183024,0,,,KERRY FOREST PKWY,,5,10,1,EC2
87289536,2019,2019-05-28 21:30,1,2,NORTH MONROE STREET,,30.4729131140739,-84.29233781857,200,,E,JOHN KNOX ROAD,,2,11,2,EC2
89140918,2019,2019-05-07 17:45,1,2,Monticello Dr,,30.469664,-84.29326,,,,WATT DR,,5,11,1,EC2
89141544,2019,2019-06-04 20:00,1,2,W Tennessee St,3114,30.457763,-84.348342,,,,,,9,11,10,EC2
89141041,2019,2019-05-13 12:19,1,2,W Tennessee St,,30.452909,-84.337684,,,,APPLEYARD DR,,2,11,1,EC2
89140477,2019,2019-04-23 13:00,1,2,MURPHREE ST,,30.448906,-84.30585,,,N,W TENNESSEE ST,,5,11,1,EC2
89141415,2019,2019-05-29 17:54,1,1,W Tennessee St,646,30.444588,-84.292892,,,,,,9,11,10,EC2
89141426,2019,2019-05-30 12:21,1,2,COLLINSFORD RD,,30.441738,-84.236571,,,,E PARK AVE,,5,11,1,EC2
89141835,2019,2019-06-17 13:27,1,3,IDLEWILD DR,,30.427612,-84.216365,152,,S,APALACHEE PKWY,,5,11,1,EC2
89141490,2019,2019-06-03 10:03,1,2,Gamble St,,30.426695,-84.302057,5,,E,LAKE BRADFORD RD,,5,11,1,EC2
87249944,2019,2019-05-24 21:08,1,1,COUNTY ROAD 12 ( IAMONIA CUT-OFF),,30.66166,-84.20823,500,,W,US-319,,4,13,1,EC2
89297759,2019,2019-06-13 06:45,1,1,N Meridian Rd,,30.590972,-84.282377,,,N,ORCHARD POND PKWY,,4,13,1,EC2
88109691,2019,2019-05-26 21:09,1,1,US HIGHWAY 27 (STATE ROAD 63),,30.5510471616918,-84.3822957265851,,0.5,N,FAMILY TREE DR,,3,13,1,EC2
89297550,2019,2019-06-18 21:15,1,1,ROBERTS RD,,30.535303,-84.16678,1774,,W,LADYBUG LN,,4,13,1,EC2
89297596,2019,2019-05-19 05:10,1,1,N Meridian Rd,,30.526208,-84.277455,1550,,N,MACLAY RD,,4,13,1,EC2
88047544,2019,2019-04-27 20:55,1,1,STATE ROAD 263 (CAPITAL CIRCLE NW),,30.49251,-84.36141,10,,N,COUNTY ROAD  0356 (FRED GEORGE RD),,3,13,1,EC2
88056971,2019,2019-04-24 00:50,1,1,INTERSTATE-10 (STATE ROAD-8) MM212 WB,,30.4783387778711,-84.1065495995212,,5,W,STATE ROAD-59,,1,13,1,EC2
88135036,2019,2019-04-30 22:46,1,2,INTERSTATE 10 (STATE ROAD 8),,30.4781912847001,-84.1119835545044,,2,E,CHAIRES CROSS ROAD,,1,13,1,EC2
89297525,2019,2019-06-20 21:18,1,1,Buck Lake Rd,,30.463488,-84.162221,362,,W,ALAMEDA DR,,5,13,1,EC2
87292197,2019,2019-05-23 01:04,1,1,STATE ROAD 20 (BLOUNTSTOWN HWY),,30.43883,-84.47176,50,,E,LAKE MCCOLLUM CT,,3,13,1,EC2
89139993,2019,2019-04-06 22:06,1,1,E Magnolia Dr,,30.419945,-84.276224,,,,GOLF TERRACE DR,,5,13,1,EC2
89297675,2019,2019-06-02 03:11,1,1,Springhill Rd,,30.402226,-84.310367,346,,W,AUTUMN LN,,4,13,1,EC2
85407973,2019,2019-06-11 06:15,1,1,COUNTY ROAD-2204 (SPRINGHILL ROAD),,30.3605889499603,-84.3718582605133,950,,S,LOST LAKE ROAD,,4,13,1,EC2
88060346,2019,2019-05-01 06:30,1,3,SB SR 373 (SPRINGHILL ROAD),,30.3271078177735,-84.3968387023921,50,,N,OH HUDSON LANE,,3,13,1,EC2
89297546,2019,2019-06-09 10:50,1,3,Woodville Hwy,,30.321471,-84.249062,250,,N,OAK RIDGE RD E,,4,13,1,EC2
87505301,2019,2019-04-02 23:40,1,1,Blountstown Hwy,,,,30,,E,SEABS RD,,3,13,1,EC2
87505305,2019,2019-04-03 16:45,1,2,RANCH RD,,,,315,,W,LOUVINIA RD,,8,13,10,EC2
87505307,2019,2019-04-03 22:00,1,2,MERIDIAN RD,,,,500,,N,EARLS SLOUGH CT,,4,13,1,EC2
87505466,2019,2019-05-08 21:05,1,1,ORCHARD POND PKWY,,,,2285,,W,N MERIDIAN RD,,6,13,1,EC2
87505486,2019,2019-05-10 20:17,1,1,CAP TRAM RD,,,,,0.5,N,APALACHEE PKWY,,5,13,1,EC2
87505488,2019,2019-05-11 04:16,1,1,ORCHARD POND PARKWAY,,,,,2,W,MERIDIAN RD N,,6,13,1,EC2
88074477,2019,2019-04-09 06:52,2,3,STATE ROAD 61,,30.62759,-84.16976,,,,UNITED STATES HIGHWAY 319,,3,14,1,EC2
87249946,2019,2019-06-09 00:15,2,1,US Hwy 319 (Thomasville Rd),,30.60117,-84.18352,400,,N,SMALL POND LANE,,2,14,1,EC2
87249398,2019,2019-04-23 18:00,2,1,MOCCASIN GAP ROAD,14000,30.59494,-84.04198,100,,W,VETERANS MEMORIAL PARKWAY,,5,14,8,EC2
89297598,2019,2019-06-23 17:24,2,1,Old Bainbridge Rd,,30.58304,-84.358606,,,,ORCHARD POND RD,,4,14,1,EC2
89297455,2019,2019-06-27 06:52,2,2,DEER LK S,,30.580939,-84.225552,12,,W,KINHEGA DR,,5,14,1,EC2
88004914,2019,2019-05-22 18:15,2,2,BANNERMAN RD,,30.57885,-84.23704,100,,W,TESKSA DR,,4,14,1,EC2
89142370,2019,2019-06-28 18:07,2,2,PRESERVATION RD,7505,30.573486,-84.259543,,,,,,9,14,2,EC2
88102364,2019,2019-04-05 07:15,2,2,US HIGHWAY 319,,30.57182,-84.20715,,,,LAWTON CHILES LANE,,2,14,1,EC2
89297733,2019,2019-05-22 13:55,2,2,LAWTON CHILES LN,7200,30.570539,-84.210234,,,,,,9,14,8,EC2
89297732,2019,2019-05-30 09:25,3,3,LAWTON CHILES LN,,30.568713,-84.211982,154,,E,WOLF PACK WAY,,4,14,1,EC2
88102366,2019,2019-04-22 12:28,2,2,BANNERMAN RD,,30.56854,-84.22433,300,,W,QUAIL COMMON,,4,14,1,EC2
89297750,2019,2019-06-03 09:44,2,2,QUAIL COMMON DR,,30.565974,-84.221747,75,,E,BANNERMAN RD,,4,14,1,EC2
89297666,2019,2019-06-03 09:44,2,2,QUAIL COMMON DR,,30.565903,-84.221873,28,,E,BANNERMAN RD,,4,14,1,EC2
88056963,2019,2019-04-01 18:05,2,2,BANNERMAN ROAD,,30.5657834419305,-84.2221510770404,,0.1,S,BEECH RIDGE TRAIL,,4,14,1,EC2
87505494,2019,2019-05-13 17:17,2,4,BANNERMAN RD,,30.563444,-84.219608,0,,,BEECH RIDGE TRL,,5,14,1,EC2
89297533,2019,2019-06-14 18:14,2,4,BANNERMAN RD,,30.563435,-84.219607,,,,BEECH RIDGE TRL,,5,14,1,EC2
88027215,2019,2019-04-26 11:30,2,3,COUNTY ROAD 0342 (BANNERMAN ROAD),,30.56342,-84.21971,25,,W,BEECH RIDGE ROAD,,4,14,1,EC2
89297626,2019,2019-06-19 17:59,2,2,Thomasville Rd,6753,30.56313,-84.214849,,,,,,9,14,8,EC2
89297719,2019,2019-06-20 07:40,2,2,Thomasville Rd,6753,30.56311,-84.214751,,,,,,9,14,8,EC2
89297544,2019,2019-05-22 07:20,2,2,BANNERMAN RD,,30.562502,-84.218977,647,,N,THOMASVILLE RD,,4,14,1,EC2
87270824,2019,2019-04-16 20:56,2,5,THOMASVILLE ROAD (CIRCLE K PARKING LOT),6706,30.5618674062597,-84.217625908791,150,,W,BANNERMAN ROAD,,2,14,8,EC2
89297610,2019,2019-05-23 07:00,2,2,BANNERMAN RD,,30.561666,-84.218221,261,,N,THOMASVILLE RD,,5,14,1,EC2
88111365,2019,2019-05-31 12:40,2,2,COUNTY ROAD 0342 (BRADFORDVILLE RD),,30.56143,-84.21031,100,,E,VELDA DAIRY RD,,4,14,1,EC2
89140341,2019,2019-04-18 18:18,2,2,Thomasville Rd,6668,30.561429,-84.21963,,,,,,9,14,8,EC2
89297575,2019,2019-06-05 15:00,2,3,Thomasville Rd,6711,30.561402,-84.216851,,,,,,9,14,8,EC2
87289538,2019,2019-06-12 13:48,2,2,BANNERMAN ROAD,,30.5613193436727,-84.2107245031176,,,,VELDA DAIRY ROAD,,4,14,1,EC2
89297440,2019,2019-06-27 13:30,2,2,Thomasville Rd,,30.561282,-84.217495,,,N,BANNERMAN RD,,2,14,1,EC2
89297631,2019,2019-06-05 22:10,2,3,Thomasville Rd,,30.561038,-84.217453,,,,BRADFORDVILLE RD,,5,14,1,EC2
88060355,2019,2019-05-25 15:50,2,4,NB SR 61 (THOMASVILLE ROAD),,30.5609896483788,-84.2175165975926,4,,E,SR 154 (BRADFORDVILLE ROAD),,3,14,1,EC2
89141569,2019,2019-06-06 21:43,2,3,Thomasville Rd,,30.560921,-84.217712,,,,BRADFORDVILLE RD,,4,14,1,EC2
87270828,2019,2019-04-27 22:18,2,1,COUNTY ROAD 0342 (BRADFORDVILLE ROAD),,30.5607537271397,-84.202324963781,50,,W,CHARLES SAMUEL DRIVE,,5,14,1,EC2
89297468,2019,2019-06-29 16:45,2,2,BRADFORDVILLE RD,,30.558647,-84.178784,812,,W,PISGAH CHURCH RD,,5,14,1,EC2
88038626,2019,2019-06-07 17:12,2,2,VETERANS MEMORIAL DR,,30.5585017696801,-84.0453153736933,,,,RO CO CO RD.,,4,14,1,EC2
87249935,2019,2019-04-22 16:58,2,3,US Hwy 319 (Thomasville Rd),,30.55786,-84.22022,400,,N,LAUDER PLACE,,2,14,1,EC2
89297441,2019,2019-06-22 18:20,2,2,BRADFORDVILLE RD,,30.557341,-84.176681,,,,PISGAH CHURCH RD,,3,14,1,EC2
88027224,2019,2019-06-17 11:15,2,2,US HIGHWAY 319 (STATE ROAD 61) NB,,30.5570191801453,-84.2205082597957,100,,S,LOMA FARMS ROAD,,2,14,1,EC2
89297641,2019,2019-06-19 11:40,2,2,PISGAH CHURCH RD,,30.553902,-84.160458,,,E,CENTERVILLE RD,,4,14,1,EC2
88102363,2019,2019-04-03 15:40,3,3,OLD BAINBRIDGE ROAD,,30.55066,-84.3597,,,,BOX WOOD LANE,,5,14,1,EC2
88102368,2019,2019-05-16 16:29,2,3,US HIGHWAY 319,,30.54845,-84.22512,150,,S,CHANCELORSVILLE RD,,2,14,1,EC2
89140049,2019,2019-04-09 12:40,2,2,Thomasville Rd,5500,30.545591,-84.228278,,,,,,9,14,8,EC2
89140529,2019,2019-04-25 12:15,2,4,UNNAMED RD,,30.545415,-84.227806,,,,,,9,14,2,EC2
89140364,2019,2019-04-19 13:30,2,2,Thomasville Rd,5500,30.544674,-84.227624,,,,,,9,14,2,EC2
88056983,2019,2019-06-01 10:00,2,2,STATE ROAD-61 (THOMASVILLE ROAD),,30.5446113604703,-84.2271197717462,,0.5,N,KERRY FORREST PARKWAY,,3,14,1,EC2
89297483,2019,2019-05-18 22:50,2,2,N Monroe St,,30.544252,-84.373349,1760,,N,CARTER TRL,,2,14,1,EC2
89297648,2019,2019-05-25 23:55,2,2,SANTA ANITA DR,,30.54361,-84.176435,,,,BRADFORDVILLE RD,,5,14,1,EC2
89141353,2019,2019-05-28 07:31,2,2,Kerry Forest Pkwy,2888,30.543258,-84.22892,,,,,,9,14,2,EC2
89142091,2019,2019-06-28 07:28,2,3,Kerry Forest Pkwy,,30.543133,-84.229733,566,,W,THOMASVILLE RD,,5,14,1,EC2
89141542,2019,2019-06-04 16:06,3,3,Kerry Forest Pkwy,,30.543131,-84.229719,1000,,W,THOMASVILLE RD,,5,14,1,EC2
89141337,2019,2019-05-27 12:15,2,2,Kerry Forest Pkwy,,30.543126,-84.229713,561,,W,THOMASVILLE RD,,5,14,1,EC2
89141709,2019,2019-06-12 11:48,2,2,Kerry Forest Pkwy,,30.543121,-84.229737,564,,W,THOMASVILLE RD,,5,14,1,EC2
89139843,2019,2019-04-02 14:25,2,2,Thomasville Rd,,30.542722,-84.228021,144,,N,KERRY FOREST PKWY,,5,14,1,EC2
89140333,2019,2019-04-18 15:34,2,2,Thomasville Rd,,30.542636,-84.228122,100,,N,KERRY FOREST PKWY,,5,14,1,EC2
89141506,2019,2019-06-03 16:15,2,2,Thomasville Rd,,30.542606,-84.228134,91,,N,KERRY FOREST PKWY,,5,14,1,EC2
89140442,2019,2019-04-22 08:20,2,2,Thomasville Rd,,30.542514,-84.228125,61,,N,KERRY FOREST PKWY,,2,14,1,EC2
89140075,2019,2019-04-10 07:26,2,2,Thomasville Rd,,30.542503,-84.228151,54,,N,KERRY FOREST PKWY,,5,14,1,EC2
89140059,2019,2019-04-09 16:00,2,2,Thomasville Rd,,30.542423,-84.227916,57,,N,KERRY FOREST PKWY,,5,14,1,EC2
89140048,2019,2019-04-09 12:31,2,2,Thomasville Rd,,30.542392,-84.228199,,,,KERRY FOREST PKWY,,2,14,1,EC2
89141312,2019,2019-05-25 09:57,2,2,Thomasville Rd,,30.542235,-84.228306,,,,KERRY FOREST PKWY,,2,14,1,EC2
89141481,2019,2019-06-02 12:42,2,3,Kerry Forest Pkwy,,30.542212,-84.227784,97,,E,THOMASVILLE RD,,5,14,1,EC2
89139839,2019,2019-04-02 11:30,2,3,Kerry Forest Pkwy,,30.542178,-84.228077,,,,THOMASVILLE RD,,2,14,1,EC2
89140079,2019,2019-04-10 11:50,2,3,Thomasville Rd,,30.542067,-84.228195,49,,S,KERRY FOREST PKWY,,2,14,1,EC2
89141971,2019,2019-06-22 11:50,2,2,Thomasville Rd,,30.542067,-84.228182,47,,S,KERRY FOREST PKWY,,2,14,1,EC2
89140803,2019,2019-05-03 20:50,2,3,Thomasville Rd,,30.542044,-84.228184,56,,S,KERRY FOREST PKWY,,5,14,1,EC2
89141005,2019,2019-05-11 18:00,2,3,Thomasville Rd,,30.542021,-84.228233,70,,S,KERRY FOREST PKWY,,5,14,1,EC2
89140140,2019,2019-04-12 08:29,2,5,Thomasville Rd,,30.541988,-84.228308,90,,S,KERRY FOREST PKWY,,3,14,1,EC2
89140086,2019,2019-04-10 16:45,2,3,Thomasville Rd,,30.541864,-84.22824,100,,S,KERRY FOREST PKWY,,5,14,1,EC2
89141147,2019,2019-05-17 11:01,2,2,Thomasville Rd,,30.541669,-84.228598,233,,S,KERRY FOREST PKWY,,2,14,1,EC2
89141323,2019,2019-05-25 20:50,2,4,Thomasville Rd,,30.541475,-84.228481,283,,S,KERRY FOREST PKWY,,5,14,1,EC2
89140640,2019,2019-04-28 18:07,2,3,Kerry Forest Pkwy,,30.540505,-84.220322,44,,E,APPLEDORE LN,,5,14,1,EC2
89141873,2019,2019-06-18 18:28,2,4,Thomasville Rd,,30.539658,-84.229457,566,,N,VELDA DAIRY RD,,2,14,1,EC2
89139878,2019,2019-04-03 13:59,2,3,Kerry Forest Pkwy,,30.538614,-84.216525,,,,VELDA DAIRY RD,,5,14,1,EC2
89141227,2019,2019-05-21 08:32,2,5,Thomasville Rd,,30.538444,-84.230005,,,,VELDA DAIRY RD,,2,14,1,EC2
89141228,2019,2019-05-21 08:15,2,2,Velda Dairy Rd,,30.537557,-84.222267,,,,TREDINGTON PARK DR,,5,14,1,EC2
89140108,2019,2019-04-11 13:18,2,2,Thomasville Rd,,30.537475,-84.230509,281,,N,OX BOTTOM RD,,5,14,1,EC2
89141402,2019,2019-05-29 15:50,2,2,Velda Dairy Rd,,30.537019,-84.22626,741,,E,MINT HILL CT,,5,14,1,EC2
89141577,2019,2019-06-06 09:55,2,2,WHIRL A WAY TRL,,30.536593,-84.212514,,,,N SHANNON LAKES DR,,5,14,1,EC2
89141866,2019,2019-06-18 16:00,3,5,N Meridian Rd,,30.534804,-84.277438,640,,S,MILLER LANDING RD,,5,14,1,EC2
89141541,2019,2019-06-04 17:30,3,3,Thomasville Rd,,30.534205,-84.232247,388,,S,FOXCROFT DR,,5,14,1,EC2
87505422,2019,2019-04-29 13:40,2,2,N Monroe St,,30.532771,-84.362442,0,,,CAPITAL CIR NW,,5,14,1,EC2