report_number,crash_year,crash_date_time,total_number_of_vehicles,total_number_of_persons,on_street_road_highway,street_address_number,latitude,longitude,feet_from_intersection,miles_from_intersection,direction_from_intersection,from_intersection_of,from_milepost_number,road_system_identifier,first_harmful_event,harmful_event_location,other1
89297710,2019,2019-06-21 09:58,2,2,Capital Circle NW,,30.531847,-84.361946,,,,N MONROE ST,,5,14,1,EC2
88056972,2019,2019-04-28 23:30,3,1,WATER VALLEY DRIVE,5214,30.5316694765316,-84.3654970263891,,0.5,S,BELKNAP ROAD,,5,14,1,EC2
89141571,2019,2019-06-05 21:37,2,3,Thomasville Rd,,30.530161,-84.234238,501,,S,CERCY TRCE,,4,14,1,EC2
89297486,2019,2019-06-10 19:33,2,4,Capital Circle NW,,30.528768,-84.362436,,,,TOWER RD,,5,14,1,EC2
89140883,2019,2019-05-06 16:26,3,4,Centerville Rd,,30.528239,-84.188569,,,,KILLIMORE LN,,5,14,1,EC2
89141375,2019,2019-05-28 15:20,2,2,Centerville Rd,,30.528222,-84.188592,,,,KILLIMORE LN,,4,14,1,EC2
89141590,2019,2019-06-06 17:09,2,2,Thomasville Rd,,30.526593,-84.236103,196,,N,FORSYTHE WAY,,2,14,1,EC2
89140513,2019,2019-04-24 16:40,2,2,Thomasville Rd,,30.526148,-84.236272,26,,N,FORSYTHE WAY,,5,14,1,EC2
89141238,2019,2019-05-21 14:10,2,2,Thomasville Rd,,30.526105,-84.236274,,,,FORSYTHE WAY,,5,14,1,EC2
89140561,2019,2019-04-26 13:02,2,3,Thomasville Rd,,30.525972,-84.236361,44,,S,FORSYTHE WAY,,2,14,1,EC2
87505376,2019,2019-04-15 16:29,2,5,Old Bainbridge Rd,,30.525166,-84.363034,0,,,CAPITAL CIR NW,,5,14,1,EC2
89140799,2019,2019-05-03 12:39,2,2,TAM O SHANTER,,30.525012,-84.215554,233,,N,JONATHAN LANDING DR,,5,14,1,EC2
89141591,2019,2019-06-06 18:40,2,3,ROYAL OAKS DR,,30.523812,-84.237411,10,,E,THOMASVILLE RD,,2,14,1,EC2
89140719,2019,2019-05-01 11:21,2,2,Thomasville Rd,,30.523809,-84.237418,,,,ROYAL OAKS DR,,2,14,1,EC2
89140476,2019,2019-04-23 13:20,2,4,ROYAL OAKS DR,,30.522675,-84.232572,364,,E,RUNNYMEDE RD,,5,14,1,EC2
89141874,2019,2019-06-18 17:45,2,2,N Meridian Rd,,30.520908,-84.277418,379,,S,MACLAY RD,,5,14,1,EC2
89297515,2019,2019-06-19 13:51,4,5,Thomasville Rd,,30.520749,-84.238936,50,,S,RADFORD FARM RD,,5,14,1,EC2
89297737,2019,2019-06-21 21:04,2,2,QUEENSWOOD DR,,30.519782,-84.332876,,,,OAKMONT RD,,4,14,1,EC2
89141545,2019,2019-06-04 18:17,2,2,Thomasville Rd,,30.519616,-84.239472,200,,S,PAPILLION WAY,,5,14,1,EC2
89140081,2019,2019-04-10 13:32,2,3,SHAMROCK ST W,,30.518921,-84.225055,24,,N,LIFFORD CIR,,5,14,1,EC2
88079699,2019,2019-06-26 15:20,2,2,Mahan Dr,,30.51855,-84.04655,,,,STILL CREEK DR,,5,14,1,EC2
87249941,2019,2019-05-16 19:03,2,4,WOODLANE CIRCLE,,30.5181799593973,-84.3661512101714,15,,W,STATE ROAD 263,,4,14,1,EC2
87249943,2019,2019-05-24 19:12,2,2,MICCOSUKEE ROAD,,30.51749,-84.12982,15,,E,CRUMP ROAD,,4,14,1,EC2
89297436,2019,2019-06-22 09:20,2,3,Miccosukee Rd,,30.517475,-84.129825,,,,CRUMP RD,,5,14,1,EC2
89140237,2019,2019-04-15 16:00,2,6,SHAMROCK ST S,,30.515734,-84.20097,,,W,CENTERVILLE RD,,5,14,1,EC2
89139863,2019,2019-04-03 07:45,2,2,Thomasville Rd,,30.515459,-84.24181,256,,S,ALTOONA DR,,2,14,1,EC2
89141881,2019,2019-06-19 08:42,2,6,Thomasville Rd,,30.514975,-84.242343,556,,N,TALLAHASSEE DR,,2,14,1,EC2
87505356,2019,2019-04-12 20:50,2,1,LONGVIEW DR,,30.514873,-84.334234,471,,E,KIMBREL DR,,4,14,2,EC2
89139980,2019,2019-04-06 12:19,2,5,Thomasville Rd,,30.51479,-84.242539,466,,N,TALLAHASSEE DR,,3,14,1,EC2
87505496,2019,2019-05-13 15:25,2,2,N Monroe St,,30.514644,-84.345395,0,,,CLARA KEE BLVD,,2,14,1,EC2
89141683,2019,2019-06-10 20:00,2,3,SHAMROCK ST W,,30.514408,-84.223618,151,,S,CAVAN DR,,5,14,1,EC2
89142086,2019,2019-06-27 17:56,2,6,SHAMROCK ST W,,30.513684,-84.223238,,,,KILLARNEY WAY,,5,14,1,EC2
89140149,2019,2019-04-12 14:27,2,4,MACLAY BLVD S,,30.513639,-84.249878,54,,S,MACLAY RD,,5,14,1,EC2
89141320,2019,2019-05-25 15:25,3,3,Thomasville Rd,,30.513626,-84.24351,500,,N,MCCLAY BLVD,,2,14,1,EC2
89141811,2019,2019-06-16 11:42,2,3,Thomasville Rd,,30.513218,-84.243978,214,,N,MACLAY RD,,3,14,1,EC2
89140047,2019,2019-04-08 15:35,2,2,Thomasville Rd,,30.513163,-84.243994,195,,N,MACLAY RD,,5,14,1,EC2
89141651,2019,2019-06-11 08:42,2,3,Thomasville Rd,,30.513088,-84.244044,164,,N,MACLAY RD,,2,14,1,EC2
89141649,2019,2019-06-10 11:40,2,2,Thomasville Rd,,30.513063,-84.24407,152,,N,MACLAY RD,,2,14,1,EC2
89140417,2019,2019-04-20 21:57,2,3,Thomasville Rd,,30.512906,-84.244333,,,,MACLAY RD,,5,14,1,EC2
89141631,2019,2019-06-08 12:55,2,4,Thomasville Rd,,30.512853,-84.244291,49,,N,MACLAY RD,,2,14,1,EC2
89139789,2019,2019-04-01 15:05,2,2,Killarney Way,,30.512628,-84.225257,23,,E,FOLEY DR,,5,14,1,EC2
89141589,2019,2019-06-06 17:13,2,2,Thomasville Rd,,30.512533,-84.244319,40,,S,KILLARNEY WAY,,2,14,1,EC2
89140468,2019,2019-04-23 09:10,2,3,Thomasville Rd,,30.512454,-84.244738,39,,S,MACLAY RD,,2,14,1,EC2
89297595,2019,2019-05-28 16:37,2,2,Thomasville Rd,,30.512363,-84.24459,,,,KILLARNEY WAY,,5,14,1,EC2
89141830,2019,2019-06-17 11:00,3,3,Thomasville Rd,,30.512166,-84.244733,108,,S,KILLARNEY WAY,,2,14,1,EC2
89140222,2019,2019-04-15 11:43,2,3,Thomasville Rd,,30.512,-84.244946,198,,S,KILLARNEY WAY,,2,14,1,EC2
89141460,2019,2019-06-01 10:42,2,5,Thomasville Rd,,30.511889,-84.245127,267,,S,KILLARNEY WAY,,2,14,1,EC2
89141032,2019,2019-05-13 08:39,2,4,Killarney Way,,30.511534,-84.242938,,,,MONAGHAN DR,,5,14,1,EC2
89141370,2019,2019-05-28 14:20,3,4,Thomasville Rd,,30.511465,-84.245865,544,,S,MACLAY RD,,2,14,1,EC2
88074490,2019,2019-06-04 11:50,2,5,UNITED STATES HIGHWAY 27,,30.51146,-84.34293,,,,PERKINS ROAD,,2,14,1,EC2
89141898,2019,2019-06-19 16:00,2,2,Thomasville Rd,,30.511331,-84.245644,526,,S,KILLARNEY WAY,,5,14,1,EC2
89141440,2019,2019-05-31 11:32,2,2,Village Square Blvd,1390,30.511247,-84.249885,,,,,,9,14,2,EC2
89140984,2019,2019-05-10 19:16,2,2,Village Square Blvd,1394,30.511188,-84.248567,,,,,,9,14,1,EC2
89141211,2019,2019-05-20 12:10,2,2,Village Square Blvd,,30.511006,-84.24859,230,,E,FINANCIAL PLZ,,5,14,1,EC2
89140999,2019,2019-05-11 12:13,2,3,Thomasville Rd,,30.510989,-84.246492,353,,N,VILLAGE SQUARE BLVD,,2,14,1,EC2
89297712,2019,2019-06-11 16:33,2,3,Capital Circle NW,,30.51079,-84.362961,438,,N,FLOWERWOOD DR,,3,14,1,EC2
89141862,2019,2019-06-18 13:15,2,3,Village Square Blvd,,30.510733,-84.24778,248,,W,THOMASVILLE RD,,5,14,1,EC2
89141260,2019,2019-05-22 16:55,2,2,Thomasville Rd,,30.510553,-84.246589,214,,N,VILLAGE SQUARE BLVD,,2,14,1,EC2
89141188,2019,2019-05-18 17:20,2,4,Village Square Blvd,,30.510332,-84.247526,92,,W,THOMASVILLE RD,,5,14,1,EC2
89140186,2019,2019-04-13 16:25,2,3,Thomasville Rd,,30.510249,-84.2473,,,,VILLAGE SQUARE BLVD,,2,14,1,EC2
89140413,2019,2019-04-20 21:41,2,8,Thomasville Rd,,30.510239,-84.246959,51,,N,VILLAGE SQUARE BLVD,,5,14,1,EC2
89140630,2019,2019-04-28 13:02,2,3,Village Square Blvd,,30.510082,-84.246928,44,,E,THOMASVILLE RD,,5,14,1,EC2
89140977,2019,2019-05-10 13:50,2,2,S MACLAY BLVD,3521,30.510062,-84.251335,,,,,,9,14,8,EC2
89142021,2019,2019-06-25 13:25,2,2,Thomasville Rd,,30.510016,-84.247155,51,,S,VILLAGE SQUARE BLVD,,3,14,1,EC2
89140687,2019,2019-04-30 13:14,2,3,Village Square Blvd,,30.509772,-84.246068,341,,E,THOMASVILLE RD,,5,14,1,EC2
89141447,2019,2019-05-31 14:12,2,5,RAMP FROM THOMASVILLE RD TO,,30.50958,-84.247986,,,S,THOMASVILLE RD,,3,14,1,EC2
89141706,2019,2019-06-12 10:45,2,2,Thomasville Rd,3521,30.509304,-84.246311,,,,,,9,14,8,EC2
88098354,2019,2019-05-08 16:40,2,2,U.S. 27 (STATE ROAD 63,,30.5090267701842,-84.3393866026871,,0.3,N,BOOTH ROAD,,2,14,1,EC2
89140068,2019,2019-04-09 17:56,2,2,Thomasville Rd,3519,30.508853,-84.247088,,,,,,9,14,1,EC2
89297510,2019,2019-06-11 14:50,2,4,N Monroe St,,30.508759,-84.338273,479,,E,HARRIET DR,,5,14,1,EC2
89140436,2019,2019-04-21 23:25,2,2,Thomasville Rd,,30.5082,-84.249223,,,,MACLAY COMMERCE DR,,5,14,1,EC2
89141766,2019,2019-06-14 12:20,2,2,Thomasville Rd,,30.507768,-84.249572,253,,S,MACLAY COMMERCE DR,,3,14,1,EC2
89140008,2019,2019-04-07 10:39,2,5,Thomasville Rd,3488,30.507559,-84.250324,,,,,,9,14,2,EC2
89297516,2019,2019-05-29 12:50,2,2,MARTIN HURST RD,3490,30.507165,-84.254431,134,,S,MACLAY COMMERCE DR,,5,14,8,EC2
89140158,2019,2019-04-12 18:26,2,4,Thomasville Rd,,30.506887,-84.249643,,,,CAPITAL CIR NE,,5,14,1,EC2
89139876,2019,2019-04-03 13:40,2,2,Market St,,30.506757,-84.251921,,,,MACLAY BLVD S,,5,14,1,EC2
89141650,2019,2019-06-11 09:00,2,2,Thomasville Rd,,30.506708,-84.249632,,,,CAPITAL CIRCLE NE,,2,14,1,EC2
89141285,2019,2019-05-23 16:50,2,3,Thomasville Rd,,30.506664,-84.250243,43,,N,MARKET ST,,5,14,1,EC2
89141960,2019,2019-06-08 16:41,2,2,Killearn Center Blvd,,30.505832,-84.247959,270,,W,KILLEARN CT,,5,14,1,EC2
89140051,2019,2019-04-09 13:35,2,2,Market St,1380,30.505545,-84.254324,,,,,,9,14,8,EC2
89140280,2019,2019-04-16 19:25,2,2,Killearn Center Blvd,,30.505521,-84.248829,158,,E,CAPITAL CIR NE,,5,14,1,EC2
89141385,2019,2019-05-28 11:41,2,2,KILLEARN CT,3850,30.505428,-84.247692,,,,,,9,14,8,EC2
89141958,2019,2019-06-21 20:12,2,3,Capital Circle NE,,30.505286,-84.249219,,,,KILLEARN CENTER BLVD,,5,14,1,EC2
88076074,2019,2019-06-18 18:08,2,2,Killearn Center Blvd,,30.5052719383126,-84.249136654182,50,,E,CAPITAL CIRCLE NE,,4,14,1,EC2
89141021,2019,2019-05-12 17:26,2,2,Capital Circle NE,,30.505058,-84.249126,67,,S,KILLEARN CENTER BLVD,,5,14,1,EC2
89140783,2019,2019-05-02 21:31,2,2,Olson Rd,,30.505047,-84.229948,,,,RAYMOND DIEHL RD,,5,14,1,EC2
89139914,2019,2019-04-04 13:00,2,3,TIMBERLAND RD,,30.505012,-84.249528,29,,W,CAPITAL CIR NE,,5,14,1,EC2
89141419,2019,2019-05-30 09:41,2,5,Capital Circle NE,,30.504915,-84.249091,120,,S,KILLEARN CENTER BLVD,,3,14,1,EC2
89140029,2019,2019-04-08 13:43,2,4,Thomasville Rd,,30.504863,-84.25098,,,,TIMBERLANE RD,,2,14,1,EC2
89141039,2019,2019-05-13 14:47,2,2,Timberlane Rd,,30.504796,-84.25112,,,,THOMASVILLE RD,,2,14,1,EC2
89141201,2019,2019-05-19 17:30,2,2,Timberlane Rd,,30.504763,-84.252398,421,,W,THOMASVILLE RD,,5,14,1,EC2
89141528,2019,2019-06-04 13:40,2,2,Killearn Center Blvd,,30.504745,-84.24989,,,,,,9,14,8,EC2
89140254,2019,2019-04-15 22:15,2,3,TIMBERLAND RD,,30.504736,-84.250558,72,,E,THOMASVILLE RD,,5,14,1,EC2
89140961,2019,2019-05-09 18:08,2,2,TIMBERLAND RD,,30.504736,-84.250664,39,,E,THOMASVILLE RD,,5,14,1,EC2
89141144,2019,2019-05-17 08:18,2,3,Timberlane Rd,,30.504731,-84.254292,,,,MARKET ST,,5,14,1,EC2
89140914,2019,2019-05-07 14:46,2,4,Thomasville Rd,3425,30.504522,-84.25042,,,,,,9,14,8,EC2
89140407,2019,2019-04-20 08:55,2,2,Thomasville Rd,,30.504389,-84.251091,134,,S,TIMBERLANE RD,,3,14,1,EC2
89141952,2019,2019-06-21 16:22,2,3,Thomasville Rd,,30.504302,-84.251003,183,,S,TIMBERLAND RD,,2,14,1,EC2
89140906,2019,2019-05-07 12:06,2,4,Capital Circle NE,,30.504202,-84.249016,640,,S,KILLEARN CENTER BLVD,,2,14,1,EC2
89297562,2019,2019-06-24 07:35,4,6,N Monroe St,,30.503648,-84.330072,101,,S,HASTINGS DR,,5,14,1,EC2
89139979,2019,2019-04-06 11:39,2,4,Killearn Center Blvd,2305,30.503497,-84.243126,,,,,,9,14,8,EC2
88109681,2019,2019-04-05 01:15,2,4,N MONROE STREET (STATE ROAD 63),,30.5032880129016,-84.3295482597957,50,,N,CROWDER ROAD,,3,14,1,EC2
89140113,2019,2019-04-11 14:50,2,3,UNNAMED RD,,30.502591,-84.248447,26,,N,CAPITAL CIR NE,,5,14,1,EC2
89141714,2019,2019-06-12 15:36,3,3,Capital Circle NE,,30.502492,-84.248429,,,,W I-10,,2,14,1,EC2
88074488,2019,2019-05-20 17:00,2,4,UNITED STATES HIGHWAY 27,,30.50248,-84.32937,,0.25,S,FRED GEORGE RD,,2,14,1,EC2
89141970,2019,2019-06-22 10:50,2,2,Capital Circle NE,,30.502444,-84.248179,,,,W I-10,,2,14,1,EC2
88056966,2019,2019-04-06 20:20,2,2,UNITED STATES-27,,30.5024282898374,-84.3292805778937,,0.1,N,FRED GEORGE ROAD,,2,14,1,EC2
89140765,2019,2019-05-02 15:49,3,5,Capital Circle NE,,30.502427,-84.248119,,,,W I-10,,5,14,1,EC2
89141793,2019,2019-06-15 08:24,2,2,Capital Circle NE,,30.502414,-84.248127,,,,W I-10,,5,14,1,EC2
89142016,2019,2019-06-24 07:54,2,2,Thomasville Rd,,30.50223,-84.252141,204,,S,W I-10,,3,14,1,EC2
89141922,2019,2019-06-20 15:06,2,2,Thomasville Rd,,30.502142,-84.252096,232,,S,W I-10,,3,14,1,EC2
89141843,2019,2019-06-17 19:08,2,2,RAMP FROM I-10 W TO SR-61 N,,30.502105,-84.248179,1100,,E,THOMASVILLE RD,,5,14,10,EC2
89140507,2019,2019-04-24 14:10,2,2,Thomasville Rd,,30.501875,-84.252265,229,,N,RAYMOND DIEHL RD,,5,14,1,EC2
87505378,2019,2019-04-16 22:34,2,6,Fred George Rd,,30.50186,-84.330511,419,,W,N MONROE ST,,4,14,1,EC2
87193444,2019,2019-04-02 07:55,2,2,INTERSTATE 10 WB,,30.50174,-84.25136,,0.25,W,STATE ROAD 61,,1,14,1,EC2
87292193,2019,2019-05-08 08:38,3,6,INTERSTATE 10 EB 203 MM,,30.50174,-84.25136,,0.5,W,STATE ROAD 61,,1,14,1,EC2
89140033,2019,2019-04-08 16:07,2,6,Thomasville Rd,,30.501564,-84.252385,108,,N,RAYMOND DIEHL RD,,4,14,1,EC2
89140570,2019,2019-04-26 16:03,3,3,Thomasville Rd,,30.501492,-84.252032,117,,N,RAYMOND DIEHL RD,,2,14,1,EC2
88059991,2019,2019-05-10 14:00,2,6,INTERSTATE 10 (STATE ROAD 8),,30.50145,-84.23461,,,,STATE ROAD 61,,1,14,1,EC2
89141355,2019,2019-05-28 07:16,2,3,E I-10 / SR-8 RAMP,,30.501315,-84.252958,75,,W,THOMASVILLE RD,,1,14,1,EC2
89139985,2019,2019-04-05 10:18,2,2,I 10,,30.50129,-84.252947,100,,W,THOMASVILLE RD,,5,14,1,EC2
88060351,2019,2019-05-11 10:50,2,3,EB SR 8 (I-10) MM 203 EXIT RAMP,,30.5012702597344,-84.253211527758,1,,E,SR 8 (I-10) MM 203,,1,14,1,EC2
89141234,2019,2019-05-21 08:42,2,2,I 10,,30.501265,-84.254436,900,,W,THOMASVILLE RD,,1,14,1,EC2
89141883,2019,2019-06-18 17:50,2,2,RAMP FROM I-10 E TO SR-61 S,,30.501261,-84.252955,163,,W,THOMASVILLE RD,,1,14,1,EC2
88135041,2019,2019-06-07 07:41,2,2,INTERSTATE 10 (STATE ROAD 8),,30.5012261133116,-84.2531277429741,200,,W,US 319 (STATE ROAD 61),,1,14,1,EC2
88098348,2019,2019-04-02 08:35,4,6,INTERSTATE 10 203 EXIT RAMP E/B,,30.5011969677421,-84.2560947131406,,0.2,W,STATE ROAD 61 (THOMASVILLE ROAD),,1,14,1,EC2
88047550,2019,2019-06-26 08:00,2,2,INTERSTATE 10 EB MM 203,,30.50119,-84.25201,300,,E,STATE ROAD 61,,1,14,1,EC2
89140329,2019,2019-04-18 14:00,2,2,Raymond Diehl Rd,,30.501106,-84.251748,163,,E,THOMASVILLE RD,,5,14,1,EC2
89142009,2019,2019-06-24 14:40,2,2,Thomasville Rd,,30.501102,-84.252217,,,,RAYMOND DIEHL RD,,5,14,1,EC2
89142109,2019,2019-06-29 01:10,2,2,Raymond Diehl Rd,,30.501072,-84.252216,,,,THOMASVILLE RD,,3,14,1,EC2
89141521,2019,2019-06-04 09:00,2,4,RAMP FROM I-10 E TO SR-61 S,,30.500978,-84.252718,93,,N,THOMASVILLE RD,,1,14,1,EC2
88056967,2019,2019-04-11 14:45,2,2,INTERSTATE-10 (STATE ROAD-8) 204 EB,,30.500868281293,-84.2332328943406,,1,E,STATE ROAD-61 (THOMASVILLE ROAD),,1,14,1,EC2
89140540,2019,2019-04-25 16:34,2,2,Capital Circle NE,,30.500803,-84.247676,171,,N,RAYMOND DIEHL RD,,2,14,1,EC2
89140786,2019,2019-05-03 06:57,2,3,Capital Circle NE,,30.500743,-84.247773,109,,N,RAYMOND DIEHL RD,,2,14,1,EC2
89140754,2019,2019-05-02 10:40,2,2,Capital Circle NE,,30.500729,-84.247793,106,,N,RAYMOND DIEHL RD,,2,14,1,EC2
89140401,2019,2019-04-20 14:15,2,2,Capital Circle NE,,30.500707,-84.247817,100,,N,RAYMOND DIEHL RD,,3,14,1,EC2
89141495,2019,2019-06-03 11:43,2,2,Capital Circle NE,,30.500706,-84.247825,101,,N,RAYMOND DIEHL RD,,2,14,1,EC2
89141066,2019,2019-05-14 12:45,2,2,Capital Circle NE,,30.500699,-84.24782,98,,N,RAYMOND DIEHL RD,,3,14,1,EC2
89297576,2019,2019-06-05 09:48,2,3,N Monroe St,,30.500645,-84.328406,,,,SWATTS RD,,2,14,1,EC2
88135049,2019,2019-06-18 17:31,3,5,INTERSTATE 10 (STATE ROAD 8),,30.5005652999403,-84.2599229605873,,2,W,U.S. 319 (STATE ROAD 61),,1,14,1,EC2
89141377,2019,2019-05-28 17:33,2,2,RAMP FROM I-10 E TO SR-61 S,,30.500412,-84.26024,165,,E,I-10,,1,14,1,EC2
89141984,2019,2019-06-23 07:56,2,2,Capital Circle NE,,30.500395,-84.247678,,,,RAYMOND DIEHL RD,,2,14,1,EC2
89140443,2019,2019-04-22 07:50,2,2,Raymond Diehl Rd,,30.500387,-84.247637,,,,CAPITAL CIR NE,,5,14,1,EC2
89142104,2019,2019-06-28 20:32,2,4,Raymond Diehl Rd,,30.50037,-84.247473,,,,CAPITAL CIR NE,,5,14,1,EC2
89141561,2019,2019-06-05 17:46,2,2,Raymond Diehl Rd,,30.500328,-84.248778,,,,LONNBLADH RD,,4,14,1,EC2
89141281,2019,2019-05-23 15:19,2,2,Capital Circle NE,,30.500309,-84.247451,,,,RAYMOND DIEHL RD,,4,14,1,EC2
89140794,2019,2019-05-03 12:12,2,2,Raymond Diehl Rd,,30.500301,-84.248649,60,,E,LONNBLADH RD,,5,14,1,EC2
89140506,2019,2019-04-24 14:48,2,2,Capital Circle NE,,30.500272,-84.247444,,,,RAYMOND DIEHL RD,,5,14,1,EC2
89141152,2019,2019-05-17 12:40,2,2,METROPOLITAN BLVD,,30.500212,-84.255466,1002,,W,THOMASVILLE RD,,5,14,1,EC2
89142121,2019,2019-06-29 17:45,2,3,Capital Circle NE,,30.500209,-84.247424,,,,RAYMOND DIEHL RD,,3,14,1,EC2
89139793,2019,2019-04-01 14:35,2,2,Capital Circle NE,,30.500054,-84.247653,93,,S,RAYMOND DIEHL RD,,5,14,1,EC2
89140624,2019,2019-04-27 15:47,2,4,Capital Circle NE,3398,30.500004,-84.247892,,,,,,9,14,2,EC2
89141113,2019,2019-05-16 08:31,3,4,Capital Circle NE,,30.499748,-84.247295,231,,S,RAYMOND DIEHL RD,,2,14,1,EC2
89139858,2019,2019-04-02 22:11,2,2,Capital Circle NE,,30.499401,-84.247182,362,,S,RAYMOND DIEHL RD,,4,14,1,EC2
89141359,2019,2019-05-28 10:58,2,2,Capital Circle NE,,30.49932,-84.247113,397,,S,RAYMOND DIEHL RD,,2,14,1,EC2
89141422,2019,2019-05-30 12:05,2,2,Capital Circle NE,,30.499238,-84.247335,407,,S,RAYMOND DIEHL RD,,2,14,1,EC2
89297754,2019,2019-06-08 20:25,2,3,Old Bainbridge Rd,,30.499142,-84.335145,30,,N,FRED GEORGE RD,,4,14,1,EC2
89297691,2019,2019-06-08 20:20,2,3,Old Bainbridge Rd,,30.499107,-84.335135,19,,W,FRED GEORGE RD,,5,14,1,EC2
89140301,2019,2019-04-17 16:34,2,3,Old Bainbridge Rd,,30.49901,-84.335016,,,,FRED GEORGE RD,,5,14,1,EC2
89297708,2019,2019-06-11 15:00,2,6,Fred George Rd,,30.498987,-84.334988,,,,OLD BAINBRIDGE RD,,5,14,1,EC2
89140268,2019,2019-04-16 12:40,2,5,Fred George Rd,,30.498948,-84.335133,,,,OLD BAINBRIDGE RD,,5,14,1,EC2
89140527,2019,2019-04-25 11:30,2,2,Thomasville Rd,,30.498684,-84.253439,57,,N,METROPOLITAN BLVD,,5,14,1,EC2
88102367,2019,2019-05-15 08:28,2,4,INTERSTATE 10 EB,,30.498255655896,-84.2667240604766,,,,MM 202,,1,14,1,EC2
89141684,2019,2019-06-11 17:42,2,2,Thomasville Rd,,30.498223,-84.253435,50,,S,METROPOLITAN BLVD,,5,14,1,EC2
89142033,2019,2019-06-25 17:50,2,2,Thomasville Rd,,30.498185,-84.25342,114,,S,METROPOLITAN BLVD,,2,14,1,EC2
89140300,2019,2019-04-17 16:48,2,2,Capital Circle NE,,30.498118,-84.246718,11,,N,VILLAGE GREEN WAY,,4,14,1,EC2
88027222,2019,2019-06-09 14:00,2,4,INTERSTATE 10 (STATE ROAD 8) EB 206 MM,,30.49811,-84.20139,3,,W,US HIGWAY 90 (STATE ROAD 10),,1,14,1,EC2
89140331,2019,2019-04-18 08:13,2,5,Thomasville Rd,,30.498021,-84.253531,180,,N,LIVE OAK PLANTATION RD,,5,14,1,EC2
89141864,2019,2019-06-18 14:35,2,3,Capital Circle NE,,30.497892,-84.246622,77,,S,VILLAGE GREEN WAY,,2,14,1,EC2
89140700,2019,2019-04-30 16:40,3,4,Capital Circle NE,,30.4978,-84.24665,107,,S,VILLAGE GREEN WAY,,2,14,1,EC2
89141717,2019,2019-06-12 17:05,2,3,Capital Circle NE,,30.49776,-84.246649,120,,S,VILLAGE GREEN WAY,,5,14,1,EC2
89140823,2019,2019-05-04 14:14,2,3,Thomasville Rd,,30.497701,-84.253705,52,,N,LIVE OAK PLANTATION RD,,3,14,1,EC2
89142142,2019,2019-06-30 21:05,2,4,Thomasville Rd,,30.497655,-84.25386,,,,LIVE OAK PLANTATION RD,,4,14,1,EC2
89141611,2019,2019-06-07 12:35,2,3,Thomasville Rd,,30.497635,-84.253867,,,,LIVE OAK PLANTATION RD,,2,14,1,EC2
89140057,2019,2019-04-09 15:30,2,2,Thomasville Rd,,30.497626,-84.253842,12,,N,LIVE OAK PLANTATION RD,,2,14,1,EC2
88056970,2019,2019-04-23 18:20,2,2,INTERSTATE-10 (STATE ROAD-8) MM201 WB,,30.4976038741171,-84.2688254335511,,2,W,STATE ROAD-61,,1,14,1,EC2
89142066,2019,2019-06-27 11:30,2,2,Live Oak Plantation Rd,,30.497557,-84.256225,,,,FONTAINE DR,,5,14,1,EC2
89141213,2019,2019-05-20 12:45,2,3,Lonnbladh Rd,,30.497534,-84.24843,,,,,,9,14,8,EC2
87505501,2019,2019-05-14 16:04,2,2,Capital Circle NE,,30.497154,-84.24649,344,,S,VILLAGE GREEN WAY,,5,14,1,EC2
87292200,2019,2019-06-19 07:49,2,2,INTERSTATE 10 EASTBOUND 202 MM,,30.4971492238446,-84.2679638445386,,0.5,W,STATE ROAD 61,,1,14,1,EC2
87505443,2019,2019-05-03 17:12,2,3,N Meridian Rd,,30.497113,-84.277331,683,,S,LEXINGTON RD,,5,14,1,EC2
89140180,2019,2019-04-13 14:55,2,3,Thomasville Rd,,30.496949,-84.254062,24,,N,THOMASWOOD DR,,5,14,1,EC2
89141648,2019,2019-06-11 11:05,2,2,THOMASWOOD DR,,30.496863,-84.254031,,,,THOMASVILLE RD,,5,14,1,EC2