report_number,crash_year,crash_date_time,total_number_of_vehicles,total_number_of_persons,on_street_road_highway,street_address_number,latitude,longitude,feet_from_intersection,miles_from_intersection,direction_from_intersection,from_intersection_of,from_milepost_number,road_system_identifier,first_harmful_event,harmful_event_location,other1
89139927,2019,2019-04-04 16:59,2,2,THOMASWOOD DR,,30.496851,-84.253935,,,,THOMASVILLE RD,,2,14,1,EC2
89297511,2019,2019-06-14 14:50,2,5,WALTRIP WAY,,30.496632,-84.206651,,,,CENTERVILLE RD,,5,14,1,EC2
88135048,2019,2019-06-18 13:08,2,2,PRIVATE DRIVE (UNNAMED ROAD),,30.496531650815,-84.3264746497362,150,,W,U.S.27 (STATE ROAD 63),,5,14,8,EC2
89141194,2019,2019-05-19 00:00,2,2,Capital Circle NE,,30.496453,-84.246161,620,,S,VILLAGE GREEN WAY,,2,14,1,EC2
89141900,2019,2019-06-19 17:01,2,2,Capital Circle NE,,30.496434,-84.246118,631,,S,VILLAGE GREEN WAY,,2,14,1,EC2
89141261,2019,2019-05-22 17:10,2,2,Capital Circle NE,,30.49639,-84.246088,649,,S,VILLAGE GREEN WAY,,5,14,1,EC2
88135050,2019,2019-06-21 16:03,2,4,INTERSTATE 10 (STATE ROAD 8),,30.4959481867991,-84.2713761524616,,1,W,N MERIDIAN ROAD,,1,14,1,EC2
88004915,2019,2019-06-14 14:25,2,2,STATE ROAD 261,,30.4958261186171,-84.2459496976166,1200,,N,HERMITAGE BLVD,,3,14,1,EC2
87505420,2019,2019-04-29 07:35,3,5,N Monroe St,,30.495762,-84.325866,500,,N,HOPKINS DR,,5,14,1,EC2
89140030,2019,2019-04-08 14:23,3,4,Capital Circle NE,,30.495604,-84.245691,963,,S,VILLAGE GREEN WAY,,5,14,1,EC2
89141885,2019,2019-06-19 10:29,2,3,Capital Circle NE,,30.495439,-84.245833,1004,,S,VILLAGE GREEN WAY,,2,14,1,EC2
88027226,2019,2019-06-18 17:20,2,2,INTERSTATE 10 (STATE ROAD 8) EB 201 MM,,30.495335173644,-84.2719490064048,,0.1,E,COUNTY ROAD 155  (N MERIDIAN ROAD),,1,14,1,EC2
89297503,2019,2019-06-11 15:15,3,6,Capital Circle NW,,30.495092,-84.361455,156,,S,BACK FORTY RD,,5,14,1,EC2
88060361,2019,2019-06-04 16:50,2,2,EB SR 8 (I-10) MM 207,,30.4944361217586,-84.1726570934257,,2,E,MM 209,,1,14,1,EC2
89141610,2019,2019-06-07 14:38,2,2,Capital Circle NE,,30.494303,-84.244672,565,,N,EASTGATE WAY,,77,14,2,EC2
89140060,2019,2019-04-09 16:15,2,5,Capital Circle NE,,30.494246,-84.244756,564,,N,EASTGATE WAY,,4,14,1,EC2
89140750,2019,2019-05-01 07:25,2,4,Capital Circle NE,,30.494135,-84.244893,533,,N,HERMITAGE BLVD,,5,14,1,EC2
89141236,2019,2019-05-21 13:37,2,3,Capital Circle NE,,30.494095,-84.24486,515,,N,HERMITAGE BLVD,,2,14,1,EC2
87270827,2019,2019-04-26 18:38,2,4,US HIGHWAY 90 (STATE ROAD 10),,30.4933163118825,-84.1131954848543,,,,WADESBORO WAY,,2,14,1,EC2
89140763,2019,2019-05-02 14:56,2,3,Mission Rd,,30.493223,-84.344521,,,,FRED GEORGE RD,,5,14,1,EC2
89141660,2019,2019-06-11 12:15,2,3,Capital Circle NE,,30.493178,-84.243754,,,,EASTGATE WAY,,2,14,1,EC2
89140790,2019,2019-05-03 09:19,2,2,EASTGATE WAY,,30.493158,-84.243575,56,,E,CAPITAL CIR NE,,5,14,1,EC2
89140942,2019,2019-05-09 07:35,2,3,Capital Circle NE,,30.493132,-84.244065,,,,HERMITAGE BLVD,,2,14,1,EC2
89140093,2019,2019-04-10 20:30,2,2,Capital Circle NE,,30.493086,-84.243976,54,,N,HERMITAGE BLVD,,4,14,1,EC2
88135047,2019,2019-06-12 15:18,2,3,INTERSTATE 10 (STATE ROAD 8),,30.4930358824891,-84.2776449552774,100,,W,N MERIDIAN ROAD,,1,14,1,EC2
88056981,2019,2019-05-23 14:55,2,2,UNITED STATES-27 (NORTH MONROE STREET),,30.4928964778093,-84.324148478375,,0.1,N,TALPECO ROAD,,2,14,1,EC2
89297487,2019,2019-06-17 12:50,2,4,N Monroe St,,30.492879,-84.324373,,,,TALPECO RD,,5,14,1,EC2
89141765,2019,2019-06-14 11:38,3,3,Capital Circle NE,,30.492817,-84.243503,90,,S,EASTGATE WAY,,5,14,1,EC2
89140189,2019,2019-04-13 19:23,2,3,Capital Circle NE,,30.492811,-84.243588,75,,S,EASTGATE WAY,,2,14,1,EC2
89141338,2019,2019-05-27 12:23,2,2,Capital Circle NE,,30.492796,-84.243477,101,,S,EASTGATE WAY,,2,14,1,EC2
89141417,2019,2019-05-30 08:15,2,2,Hermitage Blvd,,30.492768,-84.243855,,,,CAPITAL CIR NE,,5,14,1,EC2
88135046,2019,2019-06-12 15:15,3,4,INTERSTATE 10 (STATE ROAD 8),,30.4927225283737,-84.2788630638815,100,,W,MERIDIAN ROAD,,1,14,1,EC2
89139924,2019,2019-04-04 10:15,2,2,Capital Circle NE,2821,30.492612,-84.242664,,,,,,9,14,8,EC2
88059995,2019,2019-05-15 15:00,2,2,STATE ROAD 263 (CAPITAL CIRCLE NW),,30.49251,-84.36141,,,,COUNTY ROAD 0356 (FRED GEORGE ROAD),,3,14,1,EC2
89297623,2019,2019-06-17 17:58,2,2,HARPERS FERRY DR,,30.492469,-84.215753,,,,CENTERVILLE RD,,4,14,1,EC2
89140757,2019,2019-05-02 08:04,2,4,Capital Circle NE,,30.492184,-84.24294,140,,N,CALIS LN,,2,14,1,EC2
87289540,2019,2019-06-12 14:51,2,2,INTERSTATE 10 MM 201 WB,,30.4920949873492,-84.2795988710295,,2,W,THOMASVILLE ROAD,,1,14,1,EC2
89141120,2019,2019-05-16 13:06,2,2,Capital Circle NE,,30.49193,-84.242646,,,,GILLIAM LN,,3,14,1,EC2
89141593,2019,2019-06-06 22:38,2,3,Capital Circle NE,,30.491824,-84.242616,26,,S,CALIS LN,,5,14,1,EC2
89297723,2019,2019-05-17 16:34,2,3,Mahan Dr,,30.491607,-84.124624,279,,E,CRUMP RD,,5,14,1,EC2
89297671,2019,2019-05-17 22:10,2,6,Mahan Dr,,30.49156,-84.125064,100,,E,CHAIRES CROSS RD,,5,14,1,EC2
89297804,2019,2019-06-22 08:26,2,4,HICKORY RIDGE RD,,30.491558,-84.220375,280,,N,CENTERVILLE RD,,4,14,1,EC2
88111368,2019,2019-06-05 18:30,2,2,MAHAN DRIVE PAN GAS STATION PLOT,9003,30.49148,-84.1255,,,,CHAIRES CROSSROAD,,9,14,1,EC2
89297665,2019,2019-06-22 08:25,2,4,HICKORY RIDGE RD,,30.491475,-84.220417,251,,N,CENTERVILLE RD,,4,14,1,EC2
89141483,2019,2019-05-30 09:10,3,4,Thomasville Rd,,30.491389,-84.254747,131,,N,BROCKTON WAY,,5,14,1,EC2
89141887,2019,2019-06-19 11:40,3,1,Hermitage Blvd,1801,30.491324,-84.245597,,,,,,9,14,8,EC2
87289539,2019,2019-06-12 15:15,2,5,INTERSTATE 10 MM 201,,30.4913,-84.28225,,2,W,THOMASVILLE ROAD,,1,14,3,EC2
89140236,2019,2019-04-15 16:00,2,2,Thomasville Rd,,30.491252,-84.254681,80,,N,BROCKTON WAY,,2,14,1,EC2
89140717,2019,2019-05-01 11:12,2,3,BROCKTON WAY,,30.491062,-84.254739,,,,THOMASVILLE RD,,5,14,1,EC2
89141603,2019,2019-06-07 12:15,2,4,REMINGTON GREEN LN S,,30.490937,-84.242076,22,,W,CAPITAL CIR NE,,8,14,1,EC2
89297717,2019,2019-05-23 16:10,2,4,Mahan Dr,,30.49093,-84.129035,307,,W,LORD AND GARDENER RD,,5,14,1,EC2
89140428,2019,2019-04-19 14:05,2,2,Capital Circle NE,,30.490661,-84.241756,155,,S,REMINGTON GREEN LN S,,5,14,1,EC2
89140873,2019,2019-05-06 12:15,2,2,Thomasville Rd,,30.490602,-84.254729,157,,S,BROCKTON WAY,,3,14,1,EC2
88060345,2019,2019-04-28 07:25,2,4,EB SR 8 (I-10) MM 201,,30.4902167047273,-84.2851807698077,,3,E,MM 203,,1,14,1,EC2
89140910,2019,2019-05-07 13:41,2,2,Capital Circle NE,,30.490023,-84.241082,,,,NORTH POINT BLVD,,2,14,1,EC2
89140094,2019,2019-04-10 17:45,2,2,Capital Circle NE,,30.489948,-84.240819,95,,S,N POINT BLVD,,4,14,1,EC2
89139774,2019,2019-04-01 08:53,4,5,Capital Circle NE,,30.489688,-84.240643,203,,S,N POINT BLVD,,2,14,1,EC2
88074487,2019,2019-05-11 09:42,2,3,HILL N DALE LANE,,30.48968,-84.13776,,,,UNITED STATES HIGHWAY 90,,2,14,1,EC2
87505455,2019,2019-05-05 19:49,2,3,Mahan Dr,,30.489667,-84.137855,0,,,HILL N DALE DR N,,3,14,1,EC2
89141366,2019,2019-05-28 13:25,2,3,Capital Circle NE,,30.489027,-84.240139,352,,N,LONNBLADH RD,,2,14,1,EC2
89297438,2019,2019-06-22 13:13,2,2,N Monroe St,3271,30.488778,-84.317884,,,,,,9,14,1,EC2
89297470,2019,2019-05-28 12:25,2,6,N Monroe St,3221,30.488659,-84.317504,,,,,,9,14,8,EC2
89141777,2019,2019-06-14 17:22,2,3,Capital Circle NE,,30.488594,-84.239734,150,,N,LONNBLADH RD,,5,14,1,EC2
89140767,2019,2019-05-02 15:42,2,2,Thomasville Rd,,30.488252,-84.255672,,,,SANDHURST DR,,2,14,1,EC2
89141825,2019,2019-06-17 07:50,2,2,Hermitage Blvd,,30.488218,-84.255456,,,,THOMASVILLE RD,,5,14,1,EC2
89141221,2019,2019-05-20 17:13,2,2,GREER RD,,30.488087,-84.236759,,,,LONNBLADH RD,,5,14,1,EC2
89140184,2019,2019-04-13 16:21,2,2,Capital Circle NE,,30.488058,-84.239105,123,,S,LONNBLADH RD,,2,14,1,EC2
88027216,2019,2019-04-26 09:30,2,3,INTERSTATE 10 (STATE ROAD 8) 201 WB,,30.4880116412549,-84.2922824961627,,0.1,E,SHARER ROAD  (OVERPASS),,1,14,1,EC2
89140104,2019,2019-04-11 12:00,2,2,Capital Circle NE,2640,30.487959,-84.238408,,,,,,9,14,8,EC2
89141157,2019,2019-05-17 16:00,2,2,Thomasville Rd,,30.487846,-84.255746,122,,S,HERMITAGE BLVD,,2,14,1,EC2
89141704,2019,2019-06-12 07:50,2,2,Thomasville Rd,,30.487748,-84.255794,161,,S,HERMITAGE BLVD,,3,14,1,EC2
89139998,2019,2019-04-07 00:14,2,2,PIEDMONT DR,,30.487494,-84.277275,,,,N MERIDIAN RD,,5,14,1,EC2
89141872,2019,2019-06-18 16:16,2,3,PIEDMONT DR,,30.487473,-84.272698,,,,WINDSOR WAY,,5,14,1,EC2
89140536,2019,2019-04-25 16:21,2,3,NESHAMINY DR,,30.487391,-84.226965,,,,CENTERVILLE RD,,5,14,1,EC2
87249934,2019,2019-04-04 14:25,2,2,US-27 (NORTH MONROE ST),,30.48685,-84.31595,500,,N,SESSIONS ROAD,,2,14,1,EC2
88056980,2019,2019-05-18 23:00,3,5,UNITED STATES-27 (NORTH MONROE STREET),,30.4867987883182,-84.315688059086,,0.1,S,SESSIONS ROAD,,2,14,1,EC2
89297693,2019,2019-06-24 00:00,2,2,Mahan Dr,,30.486655,-84.154166,575,,E,W I-10,,5,14,1,EC2
89140232,2019,2019-04-15 14:10,3,3,Thomasville Rd,,30.486492,-84.256434,89,,N,WOODGATE WAY,,4,14,1,EC2
88111375,2019,2019-06-24 13:45,2,2,COUNTY ROAD 0347 (MICCOSUKEE ROAD),,30.48646,-84.19377,100,,E,CENTENNIAL OAK CIR,,4,14,1,EC2
89297569,2019,2019-05-24 18:45,2,3,N Monroe St,,30.486172,-84.315001,57,,W,NORTHMONT DR,,4,14,1,EC2
89142056,2019,2019-06-26 19:05,2,3,N Meridian Rd,,30.486091,-84.277278,11,,S,HENDERSON RD,,5,14,1,EC2
88111362,2019,2019-05-23 13:00,2,3,US 27 (STATE ROAD 63),,30.4860581457321,-84.3073251572402,,,,INTERSTATE 10 (WB EXIT RAMP 199),,2,14,1,EC2
89140936,2019,2019-05-08 18:05,2,5,N Mission Rd,,30.486055,-84.344446,,,,GAFFNEY LOOP,,5,14,1,EC2
89141297,2019,2019-05-24 11:25,2,3,HENDERSON RD,,30.486029,-84.285519,,,,THOMAS RD,,5,14,1,EC2
89141263,2019,2019-05-22 17:47,2,2,FLEISCHMANN LN,,30.485967,-84.226914,510,,S,CENTERVILLE RD,,5,14,1,EC2
89139955,2019,2019-04-05 14:54,2,4,N Monroe St,,30.485821,-84.31451,143,,E,NORTHMONT DR,,5,14,1,EC2
88111359,2019,2019-04-29 16:50,2,2,INTERSTATE 10 (STATE ROAD 8),,30.48561,-84.29766,,0.1,E,MILE MARKER 200,,1,14,1,EC2
89140736,2019,2019-05-01 17:13,4,4,Thomasville Rd,,30.485436,-84.257002,134,,N,PEACEFIELD PL,,3,14,1,EC2
89141471,2019,2019-06-01 16:58,2,2,Old Bainbridge Rd,,30.485321,-84.322726,15,,N,SETTING SUN BLVD,,5,14,1,EC2
88060367,2019,2019-06-17 21:45,2,3,WB SR 8 (I-10) MM 209B,,30.4850595192796,-84.1579498310344,25,,W,MM 209A,,1,14,1,EC2
89297629,2019,2019-06-28 09:30,2,3,GRAVES RD,,30.484924,-84.313406,,,,N MONROE ST,,2,14,1,EC2
89141418,2019,2019-05-30 09:50,3,6,GRADY RD,,30.484702,-84.289047,98,,S,STEELE DR,,5,14,1,EC2
89297736,2019,2019-06-27 20:35,2,3,RAMP FROM I-10 W TO N MONROE ST,,30.484399,-84.31059,287,,N,N MONROE ST,,3,14,1,EC2
89140711,2019,2019-05-01 08:04,2,4,Capital Circle NE,,30.484386,-84.237095,182,,N,CHRISTOPHER PL,,2,14,1,EC2
88109683,2019,2019-04-25 18:05,2,2,MICCOSUKEE ROAD,,30.4842418938578,-84.1985145948321,10,,E,EDEFIELD ROAD,,4,14,1,EC2
89141405,2019,2019-05-29 16:50,2,2,Thomasville Rd,,30.484043,-84.257758,13,,N,PENNEY LN,,5,14,1,EC2
89141456,2019,2019-05-31 20:20,2,3,RAMP FROM I-10 W TO N MONROE ST,,30.483959,-84.310994,82,,N,N MONROE ST,,5,14,1,EC2
89142064,2019,2019-06-27 11:51,2,3,N Monroe St,,30.483958,-84.311105,,,,MONROE ST,,1,14,1,EC2
89142062,2019,2019-06-27 10:40,2,2,RAMP FROM I-10 W TO N MONROE ST,,30.483928,-84.311143,47,,N,N MONROE ST,,2,14,1,EC2
89141934,2019,2019-06-20 19:10,2,2,MONROE ST/SR-63/US-27/W I-10/SR-8 RAMP,,30.483834,-84.311108,,,,N MONROE ST,,2,14,1,EC2
88059990,2019,2019-05-10 12:52,2,3,INTERSTATE 10 (STATE ROAD 8),,30.48381,-84.15652,,,,US HIGHWAY 90 (MAHAN DRIVE),,1,14,1,EC2
89297519,2019,2019-06-13 14:00,2,2,Capital Circle NW,,30.483792,-84.363068,218,,N,GEARHART RD,,3,14,1,EC2
89297692,2019,2019-06-25 15:06,2,2,Mahan Dr,,30.483614,-84.163049,43,,E,WALDEN RD,,5,14,1,EC2
88058287,2019,2019-05-31 06:12,2,2,I-10 E/B AT MM 199,,30.4835338885652,-84.3047917241328,150,,E,MONROE STREET,,1,14,1,EC2
89139964,2019,2019-04-05 16:30,2,3,N Monroe St,,30.483498,-84.311069,,,S,MONROE ST,,3,14,1,EC2
88056973,2019,2019-05-02 21:20,2,2,UNITED STATES-90,,30.4834878236052,-84.1631440215031,15,,W,WALDEN ROAD,,2,14,1,EC2
88047539,2019,2019-04-02 23:25,2,2,INTERSTATE 10 (STATE ROAD 8),,30.4834747800622,-84.3062097960625,1000,,E,U.S. 27 (STATE ROAD 63),,1,14,1,EC2
89141725,2019,2019-06-12 15:41,2,2,N Monroe St,,30.483412,-84.310941,383,,E,MONROE ST,,5,14,1,EC2
89139962,2019,2019-04-05 15:40,2,2,Thomasville Rd,,30.483307,-84.258029,,,,RENAE WAY,,3,14,1,EC2
89141167,2019,2019-05-17 15:35,2,4,Thomasville Rd,,30.483267,-84.257981,134,,N,SAVANNAH TRCE,,3,14,1,EC2
89141050,2019,2019-05-14 06:50,2,3,Gearhart Rd,,30.483196,-84.362978,20,,E,CAPITAL CIR NW,,4,14,1,EC2
88111364,2019,2019-05-23 18:20,2,4,STATE ROAD 263 (CAPITAL CIRCLE NW),,30.48319,-84.36311,,,,GEARHART RD,,3,14,1,EC2
88074483,2019,2019-05-01 09:25,2,2,INTERSTATE 10 WESTBOUND MM 195,,30.48309,-84.37955,,1,W,STATE ROAD 263,,1,14,1,EC2
89141442,2019,2019-05-31 13:10,2,2,Capital Circle NE,,30.482715,-84.236837,304,,S,MILL CREEK LN,,5,14,1,EC2
89140863,2019,2019-05-05 18:54,2,2,N Monroe St,,30.482625,-84.309291,200,,W,MONROE ST,,2,14,1,EC2
88111370,2019,2019-06-06 18:30,2,3,US 27 (STATE ROAD 63),,30.48255,-84.3089,,,,INTERSTATE 10 (I-10) 199WB EXIT RAMP,,2,14,1,EC2
89297742,2019,2019-05-08 15:34,2,6,Old Bainbridge Rd,,30.482504,-84.320095,248,,W,BURIAL GROUND RD,,5,14,1,EC2
89141325,2019,2019-05-22 12:17,2,2,Capital Circle NE,,30.482434,-84.236901,282,,N,DENNIS ST,,5,14,1,EC2
89139850,2019,2019-04-02 16:14,2,2,Capital Circle NW,,30.482423,-84.363063,279,,S,GEARHART RD,,5,14,1,EC2
87505375,2019,2019-04-16 07:45,2,2,Capital Circle NW,,30.482222,-84.363242,336,,N,W I-10/SR-8 RAMP,,3,14,1,EC2
89140125,2019,2019-04-11 20:37,2,2,Old Bainbridge Rd,,30.482045,-84.319526,3,,W,THE OASIS APARTEMENTS,,5,14,1,EC2
87292196,2019,2019-05-17 17:34,2,2,MAHAN DRIVE (SHELL PARKING LOT),6625,30.4817474822889,-84.1673759635339,500,,E,VINELAND DRIVE,,5,14,8,EC2
89140183,2019,2019-04-13 16:01,2,2,Old Bainbridge Rd,2660,30.48172,-84.319271,,,,,,9,14,2,EC2
89141059,2019,2019-05-14 11:15,2,3,N Monroe St,,30.481665,-84.306809,,,,EB I-10 OFF RAMP,,2,14,1,EC2
87505347,2019,2019-04-10 11:54,2,1,N Monroe St,,30.481645,-84.306174,191,,W,N. MONROE STREET,,5,14,1,EC2
89139830,2019,2019-04-01 18:49,2,6,Gearhart Rd,,30.48164,-84.362546,666,,S,CAPITAL CIR NW,,5,14,1,EC2
89141241,2019,2019-05-21 14:52,3,3,FULTON RD,,30.481636,-84.293063,377,,E,ALLEN RD,,5,14,1,EC2
89141464,2019,2019-06-01 12:52,2,3,N Mission Rd,,30.481616,-84.344544,,,,GEARHART RD,,5,14,1,EC2
89141815,2019,2019-06-16 14:54,2,2,Gearhart Rd,,30.481479,-84.344617,,,,N MISSION RD,,5,14,1,EC2
85567869,2019,2019-04-02 00:20,2,2,INTERSTATE 10 (STATE ROAD 8),,30.48144,-84.31368,,0.2,W,STATE ROAD 63 (MONROE STREET),,1,14,1,EC2
88109693,2019,2019-05-30 17:35,2,2,INTERSTATE 10 (STATE ROAD 8),,30.48144,-84.31368,,1,W,STATE ROAD 63,,1,14,1,EC2
89142007,2019,2019-06-24 15:43,2,2,Capital Circle NW,,30.481412,-84.363266,41,,N,W I-10,,2,14,1,EC2
89141895,2019,2019-06-19 12:21,3,3,Capital Circle NE,,30.481381,-84.236898,102,,S,DENNIS ST,,5,14,1,EC2
89140500,2019,2019-04-24 09:34,2,5,N Meridian Rd,,30.481367,-84.27727,,,E,WAVERLY RD,,5,14,1,EC2
88038628,2019,2019-06-09 12:18,2,3,I-10 E,,30.481290290429,-84.1526339364534,,,,MM 209,,1,14,1,EC2
89297485,2019,2019-05-31 17:20,2,2,N Monroe St,,30.481215,-84.305222,366,,W,CALLAWAY RD,,2,14,1,EC2
89141761,2019,2019-06-14 08:10,4,5,N Monroe St,,30.481141,-84.305053,306,,W,CALLAWAY RD,,2,14,1,EC2
89140097,2019,2019-04-11 07:35,2,2,N Monroe St,,30.481092,-84.30495,269,,W,CALLAWAY RD,,2,14,1,EC2
89297677,2019,2019-05-25 12:20,2,2,Mahan Dr,6615,30.480997,-84.167127,,,,,,9,14,8,EC2
89140828,2019,2019-05-04 14:42,2,2,N Monroe St,,30.480949,-84.304187,,,,MEGINNIS ARM RD,,2,14,1,EC2
89140628,2019,2019-04-28 11:25,2,4,N Monroe St,,30.480888,-84.303885,,,,MEGINNIS ARM RD,,2,14,1,EC2
89140007,2019,2019-04-06 15:11,2,4,Capital Circle NE,2247,30.48085,-84.236138,,,,,,9,14,2,EC2
88056984,2019,2019-06-05 08:10,2,2,UNITED STATES-27 (NORTH MONROE STREET) SB,,30.4807926978254,-84.3044328277446,50,,N,CALLAWAY ROAD,,2,14,1,EC2
89141679,2019,2019-06-10 18:25,2,4,N Monroe St,,30.480777,-84.303963,,,,CALLAWAY RD,,2,14,1,EC2
88102365,2019,2019-04-14 14:29,2,3,INTERSTATE 10,,30.4807722164773,-84.3141628415938,,,,MM198,,1,14,1,EC2
89141923,2019,2019-06-20 14:22,2,4,N Monroe St,,30.480757,-84.303714,149,,E,MEGINNIS ARM RD,,3,14,1,EC2
89140037,2019,2019-04-08 18:03,2,3,N Monroe St,,30.480641,-84.303982,,,,CALLAWAY RD,,3,14,1,EC2
89297571,2019,2019-05-31 17:20,2,2,N Monroe St,,30.480639,-84.303596,400,,W,CALLOWAY RD,,2,14,1,EC2
89140920,2019,2019-05-07 14:40,2,2,FLEISCHMANN RD,,30.480623,-84.226328,,,,WELAUNEE BLVD,,5,14,1,EC2
89141043,2019,2019-05-13 17:16,2,2,N Mission Rd,,30.48058,-84.344473,339,,S,GEARHART RD,,5,14,1,EC2
89140850,2019,2019-05-05 11:31,2,3,N Monroe St,,30.480577,-84.303823,132,,E,CALLAWAY RD,,2,14,1,EC2
89140801,2019,2019-05-03 16:59,2,3,Capital Circle NW,,30.480551,-84.362832,14,,N,W I-10,,5,14,1,EC2
89297709,2019,2019-06-06 10:45,2,2,Capital Circle NW,,30.480545,-84.36333,,,,W I-10,,4,14,1,EC2
89140373,2019,2019-04-19 17:45,2,5,Callaway Rd,,30.480541,-84.304209,,,,HOSPITALITY ST,,5,14,1,EC2
89142038,2019,2019-06-26 08:42,2,2,Capital Circle NW,,30.480424,-84.363096,31,,S,W I-10,,5,14,1,EC2
89141091,2019,2019-05-15 15:00,3,4,N Monroe St,,30.480422,-84.303277,269,,W,LAKESHORE DR,,2,14,1,EC2
89141057,2019,2019-05-08 06:44,3,1,ELTHAM PARK,4504,30.480366,-84.35199,,,,,,9,14,1,EC2
89140161,2019,2019-04-12 18:50,2,2,N Monroe St,,30.480298,-84.303109,200,,W,LAKESHORE DR,,3,14,1,EC2
89141831,2019,2019-06-17 12:00,2,2,Capital Circle NW,,30.48019,-84.363297,120,,S,W I-10,,5,14,1,EC2
89141518,2019,2019-06-03 16:39,2,2,N Monroe St,,30.479942,-84.302086,170,,E,LAKESHORE DR,,5,14,1,EC2
89141038,2019,2019-05-13 13:47,2,2,Capital Circle NE,,30.479898,-84.236829,218,,N,WEDNESDAY RD,,2,14,1,EC2
89139931,2019,2019-04-04 21:02,2,2,Capital Circle NW,,30.479884,-84.363309,231,,S,W I-10,,3,14,1,EC2
89140396,2019,2019-04-20 12:35,2,3,N Monroe St,,30.479858,-84.301998,210,,E,LAKESHORE DR,,3,14,1,EC2
89141621,2019,2019-06-07 21:11,2,6,N Monroe St,,30.479811,-84.302425,35,,W,LAKESHORE DR,,5,14,1,EC2
89142671,2019,2019-06-28 15:16,2,2,N Monroe St,,30.479621,-84.301574,369,,E,LAKESHORE DR,,5,14,1,EC2
88092916,2019,2019-06-11 15:33,2,3,INTERSTATE 10 (STATE ROAD 8),,30.47949,-84.36333,,0.5,E,STATE ROAD 263 (CAPITAL CIRCLE ),,1,14,1,EC2
88056982,2019,2019-05-31 07:18,3,5,INTERSTATE-10(STATE ROAD-8) EB,,30.4793752489733,-84.3227787317199,,1,W,UNITED STATES-27 (NORTH MONROE ST),,1,14,1,EC2
89141749,2019,2019-06-13 16:56,2,3,Allen Rd,,30.479279,-84.294292,94,,N,ACORN GROVE CT,,5,14,1,EC2
89142031,2019,2019-06-25 17:04,2,4,N Monroe St,,30.479137,-84.3008,669,,E,LAKESHORE DR,,2,14,1,EC2
89141142,2019,2019-05-16 14:08,3,4,Callaway Rd,,30.479091,-84.30421,506,,S,HOSPITALITY ST,,5,14,1,EC2
89140157,2019,2019-04-12 17:07,2,6,Old Bainbridge Rd,,30.47908,-84.315587,19,,W,PORTLAND AVE,,5,14,1,EC2
89140898,2019,2019-05-07 09:50,2,2,Portland Ave,,30.479031,-84.315517,,,,OLD BAINBRIDGE RD,,5,14,1,EC2
88027223,2019,2019-06-12 06:05,1,1,INTERSTATE 10 (STATE ROAD 8) WB 197 MM,,30.4788457955303,-84.325041724855,,1,E,STATE ROAD 263 (CAPITAL CIRCLE NW),,1,14,3,EC2
89140860,2019,2019-05-05 14:50,2,2,RAMP FROM CAPITAL CIR NW TO I-10 E,,30.478826,-84.362871,74,,E,CAPITAL CIR NW,,1,14,1,EC2
89141183,2019,2019-05-18 13:26,2,2,Capital Circle NW,,30.478822,-84.363004,12,,N,E I-10,,5,14,1,EC2
89142117,2019,2019-06-29 12:58,2,2,N Monroe St,2711,30.478783,-84.300108,,,,,,9,14,2,EC2
88109689,2019,2019-05-18 19:30,2,3,STATE ROAD 263,,30.47875,-84.36329,50,,S,INTERSTATE 10 (STATE ROAD 8),,3,14,1,EC2
89140793,2019,2019-05-03 12:08,2,2,Capital Circle NW,,30.478713,-84.363117,28,,S,E I-10,,5,14,1,EC2
89140038,2019,2019-04-08 18:25,2,2,N Monroe St,,30.478635,-84.300154,752,,W,SHARER RD,,3,14,1,EC2
88060445,2019,2019-05-31 09:42,2,3,INTERSTATE 10,,30.4785955402764,-84.3300476000566,,,,MM198,,1,14,1,EC2