report_number,crash_year,crash_date_time,total_number_of_vehicles,total_number_of_persons,on_street_road_highway,street_address_number,latitude,longitude,feet_from_intersection,miles_from_intersection,direction_from_intersection,from_intersection_of,from_milepost_number,road_system_identifier,first_harmful_event,harmful_event_location,other1
89141061,2019,2019-05-14 09:38,2,2,Capital Circle NE,,30.478568,-84.236838,36,,N,CENTERVILLE RD,,3,14,1,EC2
89141890,2019,2019-06-19 11:00,2,2,Centerville Rd,,30.478426,-84.234028,,,,WELAUNEE BLVD,,4,14,1,EC2
89140255,2019,2019-04-16 04:08,2,2,Centerville Rd,,30.478386,-84.234203,,,E,BUFORD BLVD,,5,14,1,EC2
89139890,2019,2019-04-03 20:12,2,2,N Monroe St,,30.47835,-84.299753,589,,W,SHARER RD,,5,14,1,EC2
89142094,2019,2019-06-28 11:05,2,2,Centerville Rd,,30.478237,-84.238096,106,,W,CAPITAL CIR NE,,4,14,1,EC2
89141085,2019,2019-05-15 10:10,2,3,Centerville Rd,,30.478204,-84.23881,331,,W,CAPITAL CIR NE,,5,14,1,EC2
89140816,2019,2019-05-04 13:16,2,3,N Monroe St,,30.478133,-84.299815,552,,W,SHARER RD,,2,14,1,EC2
88135043,2019,2019-06-07 11:31,2,8,INTERSTATE 19 (STATE ROAD 8),,30.4780540280735,-84.3308812989786,,1.5,E,MISSION ROAD,,1,14,1,EC2
89141048,2019,2019-05-13 15:46,2,2,Pullen Rd,,30.478011,-84.312675,115,,W,GRAVES RD,,5,14,1,EC2
89141663,2019,2019-06-10 13:11,2,6,Centerville Rd,,30.478005,-84.237133,25,,W,CAPITAL CIR NE,,4,14,1,EC2
88135042,2019,2019-06-07 10:30,3,9,INTERSTATE 10 (STATE ROAD 8),,30.4779999460283,-84.3331743845589,,1.5,E,MISSION ROAD,,1,14,1,EC2
89141289,2019,2019-05-23 18:15,2,2,Pullen Rd,,30.477999,-84.308912,,,E,FRED SMITH RD,,5,14,1,EC2
89140389,2019,2019-04-20 09:30,2,4,Old Bainbridge Rd,,30.477967,-84.313812,,,,PULLEN RD,,3,14,1,EC2
89141665,2019,2019-06-10 11:46,3,3,Centerville Rd,,30.477955,-84.236942,18,,E,CAPITAL CIR NE,,4,14,1,EC2
89141614,2019,2019-06-07 17:32,2,2,Centerville Rd,,30.47754,-84.237873,94,,W,CAPITAL CIR NE,,5,14,1,EC2
89142071,2019,2019-06-27 14:31,2,3,N Monroe St,,30.477365,-84.298755,117,,W,SHARER RD,,2,14,1,EC2
89142029,2019,2019-06-25 16:50,2,2,Allen Rd,2400,30.477349,-84.294255,500,,S,ACORN GROVE CT,,5,14,1,EC2
89141354,2019,2019-05-28 07:36,4,9,N Mission Rd,,30.477311,-84.344539,174,,S,MOON LN,,5,14,1,EC2
89140363,2019,2019-04-19 13:18,2,3,N Monroe St,,30.477308,-84.298335,,,,SHARER RD,,3,14,1,EC2
89141911,2019,2019-06-20 08:25,2,2,Capital Circle NE,,30.47717,-84.236331,232,,S,CENTERVILLE RD,,2,14,1,EC2
89140273,2019,2019-04-16 13:30,2,3,Centerville Rd,,30.477136,-84.238742,288,,E,CENTRE POINTE BLVD,,5,14,1,EC2
89141828,2019,2019-06-17 08:14,2,2,Capital Circle NE,,30.477084,-84.236255,269,,S,CENTERVILLE RD,,2,14,1,EC2
89140688,2019,2019-04-30 10:49,2,3,Centerville Rd,,30.476898,-84.239252,105,,E,CENTRE POINTE BLVD,,4,14,1,EC2
89141713,2019,2019-06-12 15:20,2,4,Centerville Rd,,30.476785,-84.239498,18,,E,CENTRE POINTE BLVD,,5,14,1,EC2
89141136,2019,2019-05-16 17:17,2,2,Centerville Rd,,30.476703,-84.239572,,,,CENTRE POINTE BLVD,,4,14,1,EC2
89139867,2019,2019-04-03 08:28,2,2,Centerville Rd,,30.476399,-84.24021,241,,E,CENTERVILLE PL,,4,14,1,EC2
89140508,2019,2019-04-24 15:36,3,4,Capital Circle NW,,30.476296,-84.363293,83,,N,COMMONWEALTH BLVD,,3,14,1,EC2
89142069,2019,2019-06-27 13:40,2,2,Capital Circle NW,,30.476232,-84.363356,,,,COMMONWEALTH BLVD,,3,14,1,EC2
89140207,2019,2019-04-14 15:22,3,4,Stone Rd,,30.476118,-84.309059,44,,W,FRED SMITH RD,,5,14,1,EC2
89140234,2019,2019-04-15 15:05,2,3,Commonwealth Blvd,,30.4761,-84.362035,348,,E,CAPITAL CIR NW,,5,14,1,EC2
89140557,2019,2019-04-26 11:00,2,2,Centerville Rd,,30.476091,-84.240833,15,,E,CENTERVILLE PL,,5,14,1,EC2
89141893,2019,2019-06-19 12:27,2,2,Stone Rd,,30.476068,-84.311417,,,,OLD BAINBRIDGE RD,,3,14,1,EC2
89141016,2019,2019-05-12 14:19,3,4,Thomasville Rd,,30.47606,-84.262643,142,,N,GARDENIA DR,,3,14,1,EC2
89141138,2019,2019-05-16 21:55,2,4,Stone Rd,,30.476047,-84.311489,,,,OLD BAINBRIDGE RD,,5,14,1,EC2
89140311,2019,2019-04-17 17:05,2,2,N Monroe St,,30.476041,-84.296631,105,,W,TORREYA DR,,5,14,1,EC2
89142095,2019,2019-06-28 12:58,2,3,Commonwealth Blvd,,30.476018,-84.362819,101,,E,CAPITAL CIR NW,,5,14,1,EC2
89141473,2019,2019-06-01 21:18,2,3,Stone Rd,,30.476017,-84.311534,,,,OLD BAINBRIDGE RD,,4,14,1,EC2
89141177,2019,2019-05-18 08:05,2,3,TIM GAMBLE PL,,30.475969,-84.236446,,,,,,9,14,8,EC2
89141654,2019,2019-06-10 13:19,2,2,Old Bainbridge Rd,,30.475871,-84.311442,53,,S,STONE RD,,5,14,1,EC2
89141876,2019,2019-06-18 22:30,2,2,Capital Circle NW,,30.475861,-84.363107,3,,S,COMMONWEALTH BLVD,,5,14,1,EC2
89139948,2019,2019-04-05 12:50,2,1,TORREYA DR,,30.475752,-84.296482,5,,N,N MONROE ST,,5,14,1,EC2
89141739,2019,2019-06-13 08:13,2,2,Capital Circle NW,1699,30.475718,-84.362633,,,,,,9,14,2,EC2
89141036,2019,2019-05-13 13:09,2,2,Capital Medical Blvd,,30.475682,-84.224376,113,,W,GINGER DR,,5,14,2,EC2
89141801,2019,2019-06-15 22:43,2,2,Capital Circle NW,,30.475664,-84.363059,97,,S,COMMONWEALTH BLVD,,5,14,1,EC2
89141605,2019,2019-06-07 13:35,2,4,Centerville Rd,,30.475638,-84.242704,20,,N,PAVILLIONS WAY,,5,14,1,EC2
89140494,2019,2019-04-23 16:55,2,4,N Monroe St,,30.475623,-84.296432,41,,E,TORREYA DR,,5,14,1,EC2
87505483,2019,2019-05-10 22:48,2,3,Capital Circle NW,,30.475592,-84.363125,50,,S,COMMONWEALTH BLVD,,4,14,1,EC2
89141462,2019,2019-06-01 12:15,2,2,N Monroe St,,30.475426,-84.296448,,,,,,9,14,2,EC2
89139816,2019,2019-04-01 17:53,2,2,N Meridian Rd,,30.475346,-84.277217,140,,N,N RIDE,,5,14,1,EC2
89140596,2019,2019-04-27 12:49,2,3,N Monroe St,,30.475288,-84.295858,258,,E,TORREYA DR,,2,14,1,EC2
89140072,2019,2019-04-10 08:26,2,2,N Monroe St,,30.475265,-84.295819,273,,E,TORREYA DR,,5,14,1,EC2
89141469,2019,2019-06-01 16:20,2,4,Capital Circle NE,,30.474981,-84.235047,57,,N,CARE DR,,5,14,1,EC2
89141383,2019,2019-05-28 23:05,2,3,Capital Circle NW,,30.474933,-84.363006,365,,S,COMMONWEALTH BLVD,,5,14,1,EC2
89140206,2019,2019-04-05 07:20,3,5,Thomasville Rd,,30.474894,-84.263736,120,,N,N RIDE,,5,14,1,EC2
89139818,2019,2019-04-01 17:26,3,3,N Meridian Rd,,30.474871,-84.277247,22,,N,JOHN KNOX RD,,4,14,1,EC2
89140567,2019,2019-04-26 15:26,3,5,N Monroe St,,30.474865,-84.295314,150,,W,SPOONWOOD DR,,5,14,1,EC2
89141529,2019,2019-06-04 13:05,2,2,CARE DR,,30.474804,-84.234986,,,,CAPITAL CIR NE,,5,14,1,EC2
89140062,2019,2019-04-09 16:20,2,3,CARE DR,,30.474794,-84.234953,22,,S,CAPITAL CIR NE,,5,14,1,EC2
89141891,2019,2019-06-19 11:37,2,2,CARE DR,,30.474788,-84.234976,,,,CAPITAL CIR NE,,2,14,4,EC2
89139868,2019,2019-04-03 09:00,2,2,Capital Circle NE,,30.47478,-84.234839,41,,S,CARE DR,,5,14,1,EC2
89139799,2019,2019-04-01 17:45,2,2,CARE DR,,30.474758,-84.235008,,,,CAPITAL CIR NE,,4,14,1,EC2
89141284,2019,2019-05-23 17:31,2,2,Capital Circle NE,,30.474726,-84.234758,72,,S,CARE DR,,5,14,1,EC2
89141271,2019,2019-05-23 07:26,2,2,CARE DR,,30.474714,-84.235125,,,,CAPITAL CIR NE,,5,14,1,EC2
89141745,2019,2019-06-08 15:11,2,2,Miccosukee Rd,,30.47459,-84.223376,,,,CAPITAL MEDICAL BLVD,,5,14,1,EC2
89140725,2019,2019-05-01 15:40,2,2,John Knox Rd,,30.474546,-84.27725,,,,N MERIDIAN RD,,5,14,1,EC2
89139937,2019,2019-04-05 21:00,2,2,N Meridian Rd,,30.474541,-84.277231,,,,JOHN KNOX RD,,5,14,1,EC2
89141951,2019,2019-06-21 15:53,2,3,Capital Medical Blvd,,30.474464,-84.231799,15,,E,BUFORD BLVD,,5,14,1,EC2
89142002,2019,2019-06-24 13:45,2,2,N Monroe St,,30.47444,-84.294779,78,,E,SPOONWOOD DR,,2,14,1,EC2
89141108,2019,2019-05-16 08:40,2,3,N Meridian Rd,,30.474432,-84.277308,8,,N,JOHN KNOX RD,,4,14,1,EC2
89141963,2019,2019-06-21 18:24,2,2,N Meridian Rd,,30.474413,-84.277323,1,,N,JOHN KNOX RD,,5,14,1,EC2
89140819,2019,2019-05-04 13:56,2,2,Capital Circle NW,,30.474262,-84.363091,605,,S,COMMONWEALTH BLVD,,5,14,1,EC2
89140905,2019,2019-05-07 12:29,2,4,N Monroe St,,30.474105,-84.294297,110,,W,ALLEN RD,,5,14,1,EC2
89140836,2019,2019-05-04 19:40,2,5,N Monroe St,,30.474101,-84.293872,,,,ALLEN RD,,3,14,1,EC2
89141512,2019,2019-06-03 17:11,2,2,N Monroe St,,30.47398,-84.294178,10,,N,ALLEN RD,,2,14,1,EC2
89142028,2019,2019-06-25 16:00,2,4,N Monroe St,,30.473973,-84.29384,,,,ALLEN RD,,5,14,1,EC2
89141600,2019,2019-06-07 10:15,2,3,N Meridian Rd,,30.473911,-84.277235,15,,N,VINNEDGE RIDE,,4,14,1,EC2
89141823,2019,2019-06-16 23:24,2,4,Old Bainbridge Rd,,30.473847,-84.311204,8,,S,SWEET BAY CLUB APARTMENTS,,2,14,1,EC2
89140670,2019,2019-04-29 15:00,2,4,Hartsfield Rd,,30.473756,-84.333625,349,,E,ASTORIA CT,,4,14,1,EC2
89140710,2019,2019-05-01 08:02,2,2,Hartsfield Rd,,30.473737,-84.32911,,,,FOSTER DR,,5,14,1,EC2
89142146,2019,2019-06-30 16:24,2,2,Hartsfield Rd,,30.473684,-84.344239,,,,N MISSION RD,,3,14,1,EC2
89141463,2019,2019-06-01 12:44,2,2,Hartsfield Rd,,30.473648,-84.344721,88,,W,N MISSION RD,,5,14,1,EC2
89141574,2019,2019-06-06 06:50,2,2,Hartsfield Rd,,30.473622,-84.347586,,,E,MARYLAND CIR,,5,14,1,EC2
89140932,2019,2019-05-08 13:34,2,3,N Monroe St,,30.473587,-84.293565,21,,E,ALLEN RD,,2,14,1,EC2
89139984,2019,2019-04-06 12:20,2,2,Centerville Rd,,30.473351,-84.244195,132,,W,N BLAIR STONE RD,,5,14,1,EC2
89140249,2019,2019-04-15 19:32,2,3,Centerville Rd,,30.473312,-84.243798,,,,N BLAIR STONE RD,,4,14,1,EC2
89141114,2019,2019-05-16 10:50,2,2,Centerville Rd,,30.473302,-84.24376,,,,N BLAIR STONE RD,,4,14,1,EC2
89140272,2019,2019-04-16 11:29,2,3,Centerville Rd,,30.473276,-84.243835,,,,N BLAIR STONE RD,,5,14,1,EC2
89140854,2019,2019-05-05 12:37,2,3,Centerville Rd,,30.473253,-84.243791,1,,N,N BLAIR STONE RD,,4,14,1,EC2
89140600,2019,2019-04-27 09:00,2,5,Centerville Rd,,30.473252,-84.24381,,,,N BLAIR STONE RD,,4,14,1,EC2
89142080,2019,2019-06-27 17:23,2,2,N MONRORE ST,,30.473094,-84.29245,250,,S,JOHN KNOX RD,,5,14,1,EC2
89142063,2019,2019-06-27 10:15,2,3,WOODGATE WAY,,30.473067,-84.244827,,,,CENTERVILLE RD,,5,14,1,EC2
89141206,2019,2019-05-20 07:25,2,4,Old Bainbridge Rd,,30.473063,-84.311216,,,,HIGH RD,,4,14,1,EC2
89142026,2019,2019-06-25 16:36,2,3,Capital Circle NE,,30.473021,-84.233092,219,,N,CAPITAL MEDICAL BLVD,,5,14,1,EC2
89140469,2019,2019-04-23 09:40,2,2,Capital Circle NE,,30.472997,-84.233239,248,,N,CAPITAL MEDICAL BLVD,,5,14,1,EC2
89140291,2019,2019-04-17 12:25,2,2,Capital Medical Blvd,,30.472971,-84.232192,198,,N,CAPITAL CIR NE,,5,14,1,EC2
89140073,2019,2019-04-10 07:15,2,2,Capital Circle NE,,30.472803,-84.232863,112,,N,CAPITAL MEDICAL BLVD,,5,14,1,EC2
89141790,2019,2019-06-15 10:24,2,3,High Rd,,30.472738,-84.311809,110,,E,CROYDON DR,,5,14,1,EC2
89140912,2019,2019-05-07 14:27,2,2,Capital Medical Blvd,,30.472686,-84.232429,120,,E,CAPITAL CIR NE,,5,14,1,EC2
89140552,2019,2019-04-26 09:10,2,2,N Monroe St,,30.472604,-84.292112,411,,W,MONTICELLO DR,,2,14,1,EC2
89141921,2019,2019-06-20 15:00,2,2,N Monroe St,,30.472588,-84.292075,398,,W,MONTICELLO DR,,2,14,1,EC2
89140847,2019,2019-05-04 11:17,2,2,High Rd,,30.472573,-84.312039,16,,E,CROYDON DR,,5,14,1,EC2
89140559,2019,2019-04-26 12:45,2,3,John Knox Rd,,30.472566,-84.290429,319,,N,N MONROE ST,,4,14,1,EC2
89140870,2019,2019-05-06 11:33,2,5,Capital Medical Blvd,,30.472526,-84.232628,,,,CAPITAL CIR NE,,2,14,1,EC2
89141420,2019,2019-05-30 08:57,2,3,Capital Circle NE,,30.472368,-84.232414,101,,S,CAPITAL MEDICAL BLVD,,2,14,1,EC2
89140697,2019,2019-04-28 09:40,2,2,Hartsfield Rd,,30.472325,-84.313595,44,,W,HARTSFIELD CT,,5,14,1,EC2
89140262,2019,2019-04-16 08:41,2,2,Thomasville Rd,,30.472263,-84.265512,28,,N,S RIDE,,5,14,1,EC2
89140730,2019,2019-05-01 17:44,2,6,N Monroe St,,30.47222,-84.291651,210,,W,MONTICELLO DR,,2,14,1,EC2
89141279,2019,2019-05-23 15:29,2,2,N Monroe St,,30.472176,-84.291606,189,,W,MONTICELLO DR,,2,14,1,EC2
89141961,2019,2019-06-21 16:50,2,3,N Monroe St,,30.472142,-84.291644,190,,W,MONTICELLO DR,,5,14,1,EC2
89139765,2019,2019-04-01 07:59,2,2,Miccosukee Rd,,30.472058,-84.227207,52,,W,GINGER DR,,5,14,1,EC2
89141164,2019,2019-05-17 18:47,2,2,John Knox Rd,,30.472016,-84.291088,,,,N MONROE ST,,5,14,1,EC2
89141046,2019,2019-05-13 20:03,2,2,ALDER DR,,30.47198,-84.294684,,,,BOONE BLVD,,5,14,1,EC2
89140071,2019,2019-04-10 07:28,2,2,Capital Circle NE,,30.471968,-84.232098,277,,S,CAPITAL MEDICAL BLVD,,5,14,1,EC2
89141257,2019,2019-05-22 11:11,2,2,Monticello Dr,,30.471809,-84.291157,,,,N MONROE ST,,5,14,1,EC2
89140503,2019,2019-04-24 12:04,2,2,Old Bainbridge Rd,,30.471732,-84.310422,79,,N,MYRICK RD,,5,14,1,EC2
89141232,2019,2019-05-21 11:20,2,2,Monticello Dr,,30.471661,-84.291356,120,,S,N MONROE ST,,5,14,1,EC2
89141968,2019,2019-06-22 07:36,2,2,N Monroe St,,30.471269,-84.290368,323,,E,MONTICELLO DR,,5,14,1,EC2
89141583,2019,2019-06-06 11:04,2,2,Thomasville Rd,,30.471263,-84.266053,374,,S,S RIDE,,3,14,1,EC2
89139836,2019,2019-04-02 09:13,2,4,Old Bainbridge Rd,,30.471172,-84.309556,13,,W,AUGUSTA DR,,5,14,1,EC2
89141738,2019,2019-06-13 08:08,2,2,Monticello Dr,,30.471121,-84.291778,325,,N,BOONE BLVD,,5,14,1,EC2
89141894,2019,2019-06-19 13:17,2,3,N Monroe St,,30.470935,-84.28965,79,,W,SILVER SLIPPER LN,,5,14,1,EC2
88060005,2019,2019-06-15 22:15,2,3,BAUM ROAD (COUNTY ROAD 1541),,30.47088,-84.09191,5,,N,HEARTWOOD HILLS BLVD,,4,14,1,EC2
89141075,2019,2019-05-14 18:14,2,2,SILVER SLIPPER LN,,30.470841,-84.289374,,,,N MONROE ST,,5,14,1,EC2
89141117,2019,2019-05-16 11:01,2,2,N Monroe St,,30.470701,-84.289421,31,,E,SILVER SLIPPER LN,,3,14,1,EC2
89140111,2019,2019-04-11 13:29,3,3,Monticello Dr,,30.470498,-84.292452,,,,BOONE BLVD,,5,14,1,EC2
89140547,2019,2019-04-25 22:13,2,5,BOONE BLVD,,30.470484,-84.292486,,,,MONTICELLO DR,,5,14,1,EC2
89141524,2019,2019-06-04 09:40,2,2,Monticello Dr,,30.470468,-84.29244,,,,BOONE BLVD,,5,14,1,EC2
89141931,2019,2019-06-20 17:34,2,3,N Monroe St,,30.470464,-84.289015,184,,E,SILVER SLIPPER LN,,5,14,1,EC2
89142114,2019,2019-06-29 11:45,2,3,Monticello Dr,,30.470442,-84.292491,,,,BOONE BLVD,,5,14,1,EC2
89140245,2019,2019-04-15 18:35,2,2,WOODLAWN DR,,30.470134,-84.305664,83,,W,BEECH DR,,5,14,1,EC2
89141886,2019,2019-06-19 10:18,3,3,N Monroe St,,30.469919,-84.288469,95,,W,UNIVERSAL DR,,5,14,1,EC2
89141128,2019,2019-05-16 15:49,4,8,Old Bainbridge Rd,,30.469835,-84.307087,36,,W,YAUPON DR,,5,14,1,EC2
89140877,2019,2019-05-06 15:23,2,2,Old Bainbridge Rd,,30.469796,-84.306934,12,,E,YAUPON DR,,5,14,1,EC2
89140375,2019,2019-04-19 16:44,2,2,UNIVERSAL DR,,30.469774,-84.288257,,,,N MONROE ST,,5,14,1,EC2
88027218,2019,2019-05-10 13:50,2,3,US HIGHWAY 90 (STATE ROAD 10),,30.46971,-84.40276,,,,GEDDIE ROAD,,2,14,1,EC2
88158679,2019,2019-06-17 14:54,3,3,U.S 319 (CAPITAL CIRCLE NORTH EAST),,30.4697,-84.23083,10,,S,MICCOSKUEE ROAD,,2,14,1,EC2
89141783,2019,2019-06-15 02:24,2,4,WATT DR,,30.46967,-84.29324,,,,MONTICELLO DR,,3,14,1,EC2
89139857,2019,2019-04-02 20:48,3,3,N Monroe St,,30.469652,-84.28806,66,,E,UNIVERSAL DR,,5,14,1,EC2
89141554,2019,2019-06-05 07:00,3,4,Miccosukee Rd,,30.46962,-84.230908,,,,CAPITAL CIR NE,,4,14,1,EC2
89139909,2019,2019-04-04 09:47,2,2,Capital Circle NE,,30.469549,-84.230785,57,,S,MICCOSUKEE RD,,5,14,1,EC2
89140541,2019,2019-04-25 17:33,2,2,Thomasville Rd,,30.469376,-84.26683,85,,S,POST RD,,2,14,1,EC2
89140356,2019,2019-04-19 08:30,2,3,Capital Circle NE,,30.469322,-84.230989,98,,S,MICCOSUKEE RD,,3,14,1,EC2
89140751,2019,2019-05-02 10:00,2,2,Capital Circle NE,,30.469322,-84.230741,140,,S,MICCOSUKEE RD,,3,14,1,EC2
89140887,2019,2019-05-06 19:51,2,3,Capital Circle NE,,30.469311,-84.230991,102,,S,MICCOSUKEE RD,,5,14,1,EC2
89141507,2019,2019-06-03 16:11,3,3,Miccosukee Rd,,30.469308,-84.23137,162,,W,CAPITAL CIR NE,,4,14,1,EC2
89140992,2019,2019-05-11 02:10,2,3,Capital Circle NE,,30.469307,-84.230992,103,,S,MICCOSUKEE RD,,5,14,1,EC2
89140555,2019,2019-04-26 10:56,2,2,Capital Circle NW,,30.469284,-84.361194,79,,S,HARTSFIELD RD,,2,14,1,EC2
89141391,2019,2019-05-29 11:45,2,3,Capital Circle NW,,30.469274,-84.361177,82,,S,HARTSFIELD RD,,3,14,1,EC2
89140440,2019,2019-04-22 07:45,2,2,Centerville Rd,,30.469137,-84.25013,394,,W,TARPON DR,,5,14,1,EC2
89142019,2019,2019-06-25 12:09,2,2,Capital Circle NW,,30.469098,-84.361162,100,,S,HARTSFIELD RD,,3,14,1,EC2
89140083,2019,2019-04-10 15:39,2,2,Capital Circle NW,,30.468993,-84.361127,185,,S,HARTSFIELD RD,,3,14,1,EC2
89142090,2019,2019-06-28 08:06,2,2,Capital Circle NE,,30.468862,-84.230769,277,,S,MICCOSUKEE RD,,2,14,1,EC2
89139977,2019,2019-04-06 11:07,2,4,N Monroe St,,30.468861,-84.286917,,,,MARIANA DR,,2,14,1,EC2
88060342,2019,2019-04-09 07:05,2,3,SB SR 364 (BAUM ROAD),,30.4688271930807,-84.0921565007264,10,,N,TELFORD TRACE ROAD,,3,14,1,EC2
89140328,2019,2019-04-18 14:40,2,3,Capital Circle NE,,30.468559,-84.230564,424,,S,MICCOSUKEE RD,,2,14,1,EC2
89141926,2019,2019-06-20 14:25,2,2,Miccosukee Rd,,30.468506,-84.23283,,,,CENTRE POINTE BLVD,,4,14,1,EC2
89141989,2019,2019-06-23 15:39,2,2,MICCOSUKEE COMMONS DR,,30.468379,-84.232768,,,,MICCOSUKEE RD,,5,14,1,EC2
89139954,2019,2019-04-05 14:20,3,3,Miccosukee Rd,,30.468362,-84.232807,20,,W,MICCOSUKEE COMMONS DR,,5,14,1,EC2
89141342,2019,2019-05-27 19:14,2,2,Miccosukee Rd,,30.468356,-84.233085,99,,W,CENTRE POINTE BLVD,,5,14,1,EC2
89140023,2019,2019-04-08 08:25,2,2,MICCOSUKEE COMMONS DR,,30.468324,-84.232703,,,,MICCOSUKEE RD,,5,14,1,EC2
88109682,2019,2019-04-06 22:40,2,2,CAPITOLA ROAD,,30.4682636513711,-84.0637265319407,60,,E,BUCK LAKE ROAD,,77,14,2,EC2
87270829,2019,2019-04-27 23:57,2,4,US HIGHWAY 90 (STATE ROAD 10),,30.4682169653811,-84.2056589401584,50,,E,ROCKINGHORSE LANE,,2,14,1,EC2
89140061,2019,2019-04-09 17:08,3,4,Miccosukee Rd,,30.468187,-84.233054,120,,W,MICCOSUKEE COMMONS DR,,4,14,1,EC2
89141393,2019,2019-05-29 13:14,2,3,Capital Circle NW,,30.468101,-84.361263,382,,N,PEDDIE DR,,5,14,1,EC2
89141742,2019,2019-06-13 12:30,2,2,N Monroe St,,30.467882,-84.285763,286,,N,N M L KING JR BLVD,,2,14,1,EC2
89141513,2019,2019-06-03 20:14,2,3,N Meridian Rd,,30.467804,-84.277143,53,,S,E BRADFORD RD,,5,14,1,EC2
89141833,2019,2019-06-17 09:32,2,1,MICCOSUKEE COMMONS DR,,30.467789,-84.232488,245,,S,MICCOSUKEE RD,,5,14,1,EC2
89141913,2019,2019-06-20 08:20,2,6,N Monroe St,,30.467733,-84.285526,195,,N,N M L KING JR BLVD,,2,14,1,EC2
89140729,2019,2019-05-01 16:38,2,3,E Bradford Rd,,30.467644,-84.276905,50,,E,N MERIDIAN RD,,5,14,1,EC2
89140938,2019,2019-05-08 19:00,2,5,E Bradford Rd,,30.467558,-84.273078,256,,E,BRADFORD CT,,5,14,1,EC2
89141888,2019,2019-06-19 11:44,2,2,E Bradford Rd,,30.467554,-84.277128,37,,E,N MERIDIAN RD,,5,14,1,EC2
89140878,2019,2019-05-06 16:14,2,3,E Bradford Rd,,30.467539,-84.277979,229,,W,N MERIDIAN RD,,5,14,1,EC2
89141187,2019,2019-05-18 16:00,2,2,E Bradford Rd,,30.467538,-84.277239,,,,N MERIDIAN RD,,5,14,1,EC2
89139819,2019,2019-04-01 17:32,2,2,W BRADFORD RD,,30.467529,-84.284692,,,,MARIANA DR,,5,14,1,EC2
89141633,2019,2019-06-08 18:29,2,2,E Bradford Rd,,30.46752,-84.277474,71,,W,N MERIDIAN RD,,5,14,1,EC2
89142045,2019,2019-06-26 12:28,2,2,E Bradford Rd,,30.467519,-84.275586,329,,E,N MERIDIAN RD,,5,14,1,EC2
89140455,2019,2019-04-22 15:09,2,2,Thomasville Rd,,30.46748,-84.26802,44,,S,FLORIDA AVE,,4,14,1,EC2
89141540,2019,2019-06-04 18:08,2,2,N Monroe St,,30.467314,-84.285181,,,,BRADFORD RD,,2,14,1,EC2
89141381,2019,2019-05-28 21:09,2,4,N Monroe St,,30.467304,-84.285156,,,,N M L KING JR BLVD,,5,14,1,EC2
89141556,2019,2019-06-05 11:10,2,3,N Meridian Rd,,30.467202,-84.277204,123,,S,E BRADFORD RD,,4,14,1,EC2
89141929,2019,2019-06-20 17:48,2,4,N M L KING JR BLVD,,30.466816,-84.285519,226,,S,N MONROE ST,,5,14,1,EC2
89140090,2019,2019-04-10 14:39,2,2,Thomasville Rd,,30.46673,-84.268383,,,,E BRADFORD RD,,4,14,1,EC2
89140996,2019,2019-05-11 11:01,3,4,E Bradford Rd,,30.466707,-84.268833,102,,W,THOMASVILLE RD,,5,14,1,EC2
88047548,2019,2019-05-21 12:55,2,2,MICCOSUKEE COMMONS DR,1803,30.46667,-84.23301,,0.25,S,MICCOSUKEE ROAD,,9,14,8,EC2
88056978,2019,2019-05-12 18:45,2,2,UNITED STATES-90 (MAHAN DRIVE),,30.4666295904657,-84.2101695498112,10,,W,DEMPSEY MAYO,,2,14,1,EC2
89141789,2019,2019-06-15 09:49,2,4,Thomasville Rd,,30.466603,-84.268356,,,,BETTON RD,,3,14,1,EC2
89140846,2019,2019-05-04 00:35,2,1,VILLA SAN MARCO APARTMENTS,,30.466545,-84.329574,405,,N,W THARPE ST,,5,14,8,EC2
89140693,2019,2019-04-30 09:43,2,4,Betton Rd,,30.466508,-84.268351,13,,E,THOMASVILLE RD,,3,14,1,EC2