report_number,crash_year,crash_date_time,total_number_of_vehicles,total_number_of_persons,on_street_road_highway,street_address_number,latitude,longitude,feet_from_intersection,miles_from_intersection,direction_from_intersection,from_intersection_of,from_milepost_number,road_system_identifier,first_harmful_event,harmful_event_location,other1
89140602,2019,2019-04-27 14:45,2,2,Thomasville Rd,,30.466449,-84.268463,42,,S,BETTON RD,,3,14,1,EC2
89140454,2019,2019-04-22 16:27,2,2,Betton Rd,,30.466399,-84.267861,,,,MITCHELL AVE,,4,14,1,EC2
89140902,2019,2019-05-07 11:20,2,2,Thomasville Rd,,30.466374,-84.26854,78,,S,BETTON RD,,5,14,1,EC2
89297451,2019,2019-05-24 11:55,2,2,Mahan Dr,,30.466343,-84.210762,208,,W,DEMPSEY MAYO RD,,3,14,1,EC2
89297451,2019,2019-05-24 11:55,2,2,Mahan Dr,,30.466343,-84.210762,208,,W,DEMPSEY MAYO RD,,3,14,1,
87505442,2019,2019-05-03 19:11,2,6,Mahan Dr,,30.466294,-84.210501,125,,W,DEMPSEY MAYO RD,,5,14,1,EC2
89141151,2019,2019-05-17 12:36,2,2,MICCOSUKEE COMMONS DR,1803,30.4661,-84.231744,,,,,,9,14,8,EC2
89140231,2019,2019-04-15 15:04,2,1,MERIADOC RD,,30.466099,-84.328395,255,,N,W THARPE ST,,5,14,10,EC2
89140423,2019,2019-04-21 10:00,2,2,Thomasville Rd,,30.466023,-84.26885,121,,N,COLLINS DR,,3,14,1,EC2
89140566,2019,2019-04-26 13:40,2,3,Thomasville Rd,,30.465875,-84.269076,36,,N,COLLINS DR,,5,14,1,EC2
89141917,2019,2019-06-20 10:40,2,2,N Blair Stone Rd,,30.465623,-84.24366,672,,S,LEONE DR,,5,14,1,EC2
89141380,2019,2019-05-28 08:30,2,2,MICCOSUKEE COMMONS DR,1803,30.46561,-84.231588,,,,,,9,14,2,EC2
89140188,2019,2019-04-13 17:43,2,4,N M L KING JR BLVD,,30.465486,-84.285582,52,,S,NORTHWOOD BLVD,,5,14,1,EC2
89140908,2019,2019-05-07 12:57,2,2,Thomasville Rd,,30.465443,-84.269394,150,,S,COLLINS DR,,5,14,1,EC2
89141525,2019,2019-06-04 12:03,2,2,JOYNER DR,,30.465435,-84.302586,,,,OLD BAINBRIDGE RD,,3,14,1,EC2
89141373,2019,2019-05-28 15:20,2,4,W Tharpe St,,30.465414,-84.333753,663,,E,TRIMBLE RD,,5,14,1,EC2
89141011,2019,2019-05-12 04:04,2,2,W Tharpe St,,30.465413,-84.330569,255,,E,MARY ELLEN DR,,5,14,1,EC2
89139999,2019,2019-04-07 21:00,2,2,W Tharpe St,,30.465395,-84.333702,649,,W,VALLEY GREEN DR,,5,14,1,EC2
89140728,2019,2019-05-01 16:57,2,2,W Tharpe St,,30.465387,-84.331505,40,,W,MARY ELLEN DR,,5,14,1,EC2
89140821,2019,2019-05-04 14:21,2,2,VALLEY GREEN DR,,30.465379,-84.331619,13,,S,W THARPE ST,,5,14,1,EC2
89141575,2019,2019-06-06 07:42,2,2,W Tharpe St,,30.465377,-84.342816,,,,GRIMES LN,,4,14,1,EC2
89141427,2019,2019-05-30 15:00,2,2,W Tharpe St,,30.465356,-84.34381,104,,E,N MISSION RD,,5,14,1,EC2
89140178,2019,2019-04-13 13:52,2,2,W Tharpe St,,30.465355,-84.343993,46,,E,N MISSION RD,,5,14,1,EC2
89141389,2019,2019-05-29 11:15,2,3,W Tharpe St,,30.465355,-84.343559,183,,E,N MISSION RD,,5,14,1,EC2
89140409,2019,2019-04-20 17:28,2,2,W Tharpe St,,30.465346,-84.328031,134,,E,MERIADOC RD,,5,14,1,EC2
89141121,2019,2019-05-16 14:15,2,2,W Tharpe St,,30.46534,-84.343952,,,,N MISSION RD,,5,14,1,EC2
89139849,2019,2019-04-01 18:08,2,3,W Tharpe St,,30.465338,-84.341542,3,,E,NANI DR,,5,14,1,EC2
89297704,2019,2019-06-27 18:00,2,3,W Tharpe St,,30.465337,-84.34429,47,,W,N MISSION RD,,5,14,1,EC2
89140225,2019,2019-04-15 11:30,2,2,N Monroe St,,30.465307,-84.283441,72,,S,GLENVIEW DR,,3,14,1,EC2
89140731,2019,2019-05-01 17:31,2,2,W Tharpe St,,30.465296,-84.345223,13,,N,BLOUNTSTOWN ST,,5,14,1,EC2
89140721,2019,2019-05-01 14:10,2,2,W Tharpe St,,30.46529,-84.345258,,,,BLOUNTSTOWN ST,,4,14,1,EC2
89139854,2019,2019-04-02 20:46,2,2,W Tharpe St,,30.465275,-84.345242,,,,BLOUNTSTOWN ST,,5,14,1,EC2
89141259,2019,2019-05-22 15:34,2,3,W Tharpe St,,30.465268,-84.345226,,,,BLOUNTSTOWN ST,,5,14,1,EC2
89141677,2019,2019-06-11 14:54,2,3,W RANDOLPH CIR,,30.465266,-84.265498,7,,N,BETTON RD,,5,14,1,EC2
89140089,2019,2019-04-10 21:11,2,2,N Mission Rd,,30.46524,-84.34406,44,,S,W THARPE ST,,5,14,1,EC2
89141736,2019,2019-06-13 07:24,2,4,N Mission Rd,,30.46522,-84.344124,,,,W THARPE ST,,5,14,1,EC2
89140112,2019,2019-04-11 14:14,2,2,Betton Rd,,30.465142,-84.265399,57,,E,MARION AVE,,5,14,1,EC2
89140451,2019,2019-04-22 15:36,2,2,GLENVIEW DR,,30.465102,-84.277194,,,,N MERIDIAN RD,,3,14,1,EC2
89141551,2019,2019-06-05 07:57,2,2,High Rd,,30.46482,-84.313367,,,,SHERWOOD DR,,5,14,1,EC2
89140292,2019,2019-04-17 13:48,2,2,N Monroe St,,30.464723,-84.283082,312,,S,GLENVIEW DR,,5,14,1,EC2
89139881,2019,2019-04-03 15:05,2,2,Thomasville Rd,,30.464496,-84.270133,287,,S,GLENVIEW DR,,5,14,1,EC2
89142099,2019,2019-06-28 15:40,2,2,Thomasville Rd,,30.464378,-84.27045,341,,S,GLENVIEW DR,,3,14,1,EC2
89141653,2019,2019-06-10 07:39,2,2,N M L KING JR BLVD,,30.464361,-84.285491,241,,N,W THARPE ST,,5,14,1,EC2
89142023,2019,2019-06-25 12:21,3,3,Capital Circle NE,,30.464316,-84.228404,251,,N,EXETER RD,,3,14,1,EC2
89140904,2019,2019-05-07 12:10,2,2,Capital Circle NW,,30.463995,-84.361056,155,,N,W THARPE ST,,3,14,1,EC2
89140831,2019,2019-05-04 18:40,2,3,PARROT LN,,30.463984,-84.327877,480,,W,CRANE DR,,5,14,1,EC2
89141592,2019,2019-06-06 19:45,2,3,Capital Circle NE,,30.463898,-84.228172,94,,N,AUTOMOTIVE WAY,,2,14,1,EC2
89140995,2019,2019-05-11 11:30,2,2,Mahan Dr,,30.463808,-84.217995,135,,E,LAGNIAPPE WAY,,2,14,1,EC2
89139923,2019,2019-04-04 15:43,2,2,Old Bainbridge Rd,,30.463757,-84.300163,52,,W,W THARPE ST,,4,14,1,EC2
89140642,2019,2019-04-27 21:18,2,3,W Tharpe St,,30.463755,-84.285359,,,,N M L KING JR BLVD,,5,14,1,EC2
89142059,2019,2019-06-26 20:29,2,2,W Tharpe St,,30.463701,-84.298196,348,,E,OLD BAINBRIDGE RD,,5,14,1,EC2
89141248,2019,2019-05-21 19:05,2,3,Betton Rd,,30.463697,-84.260713,228,,E,SPRUCE AVE,,5,14,1,EC2
89140691,2019,2019-04-30 13:45,2,3,W Tharpe St,,30.463688,-84.284617,294,,E,N M L KING JR BLVD,,4,14,1,EC2
89297660,2019,2019-06-10 07:56,2,2,Capital Circle NW,,30.463685,-84.361366,159,,N,W THARPE ST,,5,14,1,EC2
89141966,2019,2019-06-22 23:58,2,2,N M L KING JR BLVD,,30.463683,-84.285539,,,,W THARPE ST,,5,14,1,EC2
89141628,2019,2019-06-08 12:08,2,3,W Tharpe St,,30.463667,-84.282619,66,,W,N MONROE ST,,5,14,1,EC2
89141390,2019,2019-05-28 09:41,2,2,E THARPE ST,,30.46366,-84.282401,,,,N MONROE ST,,2,14,1,EC2
89140998,2019,2019-05-11 09:45,2,2,E THARPE ST,,30.463655,-84.277252,7,,W,N MERIDIAN RD,,4,14,1,EC2
89140745,2019,2019-05-01 20:55,2,2,W Tharpe St,,30.463654,-84.286815,260,,E,GEORGETOWN APARTMENTS,,4,14,1,EC2
89141980,2019,2019-06-22 17:50,2,5,W Tharpe St,,30.463651,-84.283485,338,,W,N MONROE ST,,5,14,1,EC2
89142140,2019,2019-06-30 15:22,2,2,W Tharpe St,,30.463648,-84.282427,,,,N MONROE ST,,2,14,1,EC2
89141276,2019,2019-05-23 11:43,2,2,W Tharpe St,,30.463641,-84.29673,68,,W,CLINTS TRL,,5,14,1,EC2
89142133,2019,2019-06-30 12:40,2,3,W Tharpe St,,30.46364,-84.300355,,,,OLD BAINBRIDGE RD,,5,14,1,EC2
89141068,2019,2019-05-14 16:16,3,5,N Meridian Rd,,30.463638,-84.277198,,,,E THARPE ST,,5,14,1,EC2
88109694,2019,2019-05-31 22:10,2,2,BUCK LAKE ROAD,,30.4636363688274,-84.168320870102,,0.25,W,WALDEN ROAD,,4,14,1,EC2
89141832,2019,2019-06-15 09:50,2,1,W Tharpe St,,30.463624,-84.318792,212,,W,FAIRLANE RD,,3,14,1,EC2
89141733,2019,2019-06-12 17:13,2,2,W Tharpe St,,30.46362,-84.292098,60,,W,GIBBS DR,,5,14,1,EC2
89141827,2019,2019-06-17 07:25,2,2,Capital Circle NW,,30.463602,-84.361289,,,,W THARPE ST,,3,14,1,EC2
89139961,2019,2019-04-05 16:17,2,2,W Tharpe St,,30.463582,-84.310852,322,,W,SEMINOLE GRAND APARTMENTS,,5,14,1,EC2
89140302,2019,2019-04-17 17:16,2,2,Thomasville Rd,,30.46358,-84.271085,256,,N,PINE ST,,5,14,1,EC2
89140703,2019,2019-04-30 17:27,2,2,W Tharpe St,,30.463575,-84.313126,121,,E,HIGH RD,,5,14,1,EC2
89140119,2019,2019-04-11 18:35,2,4,W Tharpe St,,30.46357,-84.301424,131,,W,OLD BAINBRIDGE RD,,5,14,1,EC2
89141778,2019,2019-06-14 18:10,3,4,W Tharpe St,,30.463566,-84.304983,94,,E,THE COMMONS APARTMENTS,,5,14,1,EC2
89140011,2019,2019-04-05 11:41,2,2,W Tharpe St,,30.463563,-84.358404,,,,,,9,14,1,EC2
89140885,2019,2019-05-06 18:15,2,4,W Tharpe St,,30.463563,-84.292107,63,,W,GIBBS DR,,5,14,1,EC2
89141936,2019,2019-06-20 17:48,2,2,W Tharpe St,,30.463555,-84.313481,,,,HIGH RD,,5,14,1,EC2
89140016,2019,2019-04-07 17:55,2,5,W Tharpe St,,30.463549,-84.317923,,,E,FAIRLANE RD,,3,14,1,EC2
89140492,2019,2019-04-23 17:48,3,4,W Tharpe St,,30.463545,-84.309715,36,,E,SEMINOLE GRAND APARTMENTS,,5,14,1,EC2
89141841,2019,2019-06-17 17:23,2,2,Thomasville Rd,,30.463545,-84.271081,248,,N,PINE ST,,5,14,1,EC2
89141711,2019,2019-06-12 15:07,2,3,W Tharpe St,,30.463538,-84.311702,195,,E,CROYDON DR,,4,14,1,EC2
89140549,2019,2019-04-25 23:29,2,2,W Tharpe St,,30.463533,-84.318341,,,,FAIRLANE RD,,5,14,1,EC2
89141127,2019,2019-05-16 15:18,2,2,W Tharpe St,,30.463529,-84.309731,31,,E,SEMINOLE GRAND APARTMENTS,,5,14,1,EC2
89140246,2019,2019-04-15 17:49,3,3,W Tharpe St,,30.463528,-84.311017,374,,W,SEMINOLE GRAND APARTMENTS,,5,14,1,EC2
89141938,2019,2019-06-20 17:54,2,2,W Tharpe St,,30.463527,-84.317128,313,,E,FAIRLANE RD,,5,14,1,EC2
89140945,2019,2019-05-09 10:36,3,4,Capital Circle NW,,30.463526,-84.361336,,,,W THARPE ST,,5,14,1,EC2
89140242,2019,2019-04-15 17:36,4,4,W Tharpe St,,30.463523,-84.310785,300,,W,SEMINOLE GRAND APARTMENTS,,5,14,1,EC2
89142125,2019,2019-06-29 19:06,3,4,W Tharpe St,,30.46351,-84.313926,131,,W,HIGH RD,,5,14,1,EC2
89297581,2019,2019-06-22 16:12,4,6,W Tharpe St,,30.463506,-84.310852,722,,W,ROSEDALE DR,,5,14,1,EC2
89141671,2019,2019-06-10 18:04,2,2,Buck Lake Rd,,30.463494,-84.183121,79,,W,N PEDRICK RD,,5,14,1,EC2
89140706,2019,2019-04-30 20:53,2,3,W Tharpe St,,30.463485,-84.313699,,,,HIGH RD,,5,14,1,EC2
89141116,2019,2019-05-16 10:18,2,2,Gibbs Dr,,30.46346,-84.291825,74,,S,W THARPE ST,,5,14,1,EC2
89140532,2019,2019-04-25 13:05,2,2,Thomasville Rd,,30.463458,-84.271172,205,,N,PINE ST,,3,14,1,EC2
89141514,2019,2019-06-03 17:00,2,2,N M L KING JR BLVD,,30.463443,-84.285521,,,,W THARPE ST,,5,14,1,EC2
89297627,2019,2019-06-15 18:30,2,7,W Tharpe St,,30.463442,-84.359179,940,,E,CAPITAL CIR NW,,5,14,1,EC2
89141840,2019,2019-06-17 17:41,2,2,N Mission Rd,,30.463434,-84.343676,713,,S,W THARPE ST,,5,14,1,EC2
89142055,2019,2019-06-26 18:17,2,3,VERRATA DR,2580,30.463431,-84.32652,,,,,,9,14,1,EC2
89140766,2019,2019-05-02 16:04,2,2,Old Bainbridge Rd,,30.463429,-84.29971,84,,W,W THARPE ST,,4,14,1,EC2
89140713,2019,2019-05-01 08:11,2,2,W Tharpe St,401,30.463422,-84.286399,,,,,,9,14,1,EC2
89297706,2019,2019-06-14 12:40,2,2,W Tharpe St,,30.46342,-84.360161,203,,E,CAPITAL CIR NW,,4,14,1,EC2
87505465,2019,2019-05-08 17:38,2,2,LAGNIAPPE WAY,,30.463362,-84.218117,0,,,MAHAN DR,,5,14,1,EC2
89141500,2019,2019-06-03 14:13,2,3,Riggins Rd,,30.463286,-84.240925,37,,S,MICCOSUKEE RD,,5,14,1,EC2
89140343,2019,2019-04-18 17:07,2,2,High Rd,,30.463255,-84.313479,108,,S,W THARPE ST,,2,14,1,EC2
89140069,2019,2019-04-09 21:36,2,3,Capital Circle NW,,30.463241,-84.361056,,,,W THARPE ST,,5,14,1,EC2
89142254,2019,2019-06-28 17:30,3,3,N Monroe St,,30.463211,-84.282261,169,,S,W THARPE ST,,5,14,1,EC2
89141134,2019,2019-05-16 16:45,2,2,High Rd,,30.463193,-84.31348,130,,S,W THARPE ST,,5,14,1,EC2
89140377,2019,2019-04-19 20:36,2,6,Miccosukee Rd,,30.463176,-84.241269,118,,W,RIGGINS RD,,5,14,1,EC2
89140965,2019,2019-05-09 23:06,2,6,Betton Rd,,30.46317,-84.259963,37,,W,CENTERVILLE RD,,5,14,1,EC2
89140458,2019,2019-04-22 18:24,3,3,High Rd,,30.463165,-84.313466,140,,S,W THARPE ST,,4,14,1,EC2
89141425,2019,2019-05-30 12:35,2,2,Miccosukee Rd,,30.463153,-84.241373,151,,W,RIGGINS RD,,5,14,1,EC2
89140915,2019,2019-05-07 16:13,2,2,Centerville Rd,,30.463106,-84.259872,,,,BETTON RD,,5,14,1,EC2
89141690,2019,2019-06-11 22:02,2,2,N Blair Stone Rd,,30.462724,-84.242933,52,,N,MICCOSUKEE RD,,5,14,1,EC2
89297490,2019,2019-06-12 07:20,2,2,SABINE DR,,30.462712,-84.215829,50,,S,LAGNIAPPE WAY,,5,14,1,EC2
89141901,2019,2019-06-19 17:35,2,2,Miccosukee Rd,,30.462704,-84.242605,93,,E,N BLAIR STONE RD,,5,14,1,EC2
89141309,2019,2019-05-24 21:59,2,3,N Blair Stone Rd,,30.4627,-84.243075,59,,N,MICCOSUKEE RD,,5,14,1,EC2
89140923,2019,2019-05-08 09:13,2,2,Mahan Dr,,30.462691,-84.220889,145,,W,BREWSTER RD,,2,14,1,EC2
89141090,2019,2019-05-15 15:12,2,2,N M L KING JR BLVD,,30.46267,-84.285628,375,,S,W THARPE ST,,5,14,1,EC2
89141407,2019,2019-05-29 17:45,2,2,Capital Circle NE,,30.462634,-84.227856,500,,N,AUTOMOTIVE WAY,,5,14,1,EC2
89141023,2019,2019-05-11 16:41,2,2,N Monroe St,,30.462603,-84.281987,94,,N,LAKE ELLA DR,,2,14,1,EC2
89140572,2019,2019-04-26 17:40,2,2,Ocala Rd,,30.462571,-84.31805,102,,N,S WESTWOOD DR,,5,14,1,EC2
89140437,2019,2019-04-22 00:40,2,5,Capital Circle NW,,30.462565,-84.36097,711,,S,W THARPE ST,,5,14,1,EC2
89141640,2019,2019-06-09 14:23,2,7,Capital Circle NE,,30.462523,-84.228032,67,,N,AUSTIN DAVIS AVE,,5,14,1,EC2
89141174,2019,2019-05-17 16:31,2,4,N Blair Stone Rd,,30.462439,-84.243015,,,,MICCOSUKEE RD,,5,14,1,EC2
89140334,2019,2019-04-18 16:35,2,2,Ocala Rd,,30.462402,-84.318061,41,,N,S WESTWOOD DR,,5,14,1,EC2
89140179,2019,2019-04-13 14:14,2,3,Lake Ella Dr,,30.462384,-84.281775,,,,N MONROE ST,,2,14,1,EC2
89142081,2019,2019-06-27 17:33,2,3,Lake Ella Dr,,30.462381,-84.281716,24,,E,N MONROE ST,,5,14,1,EC2
89141322,2019,2019-05-25 18:50,2,5,N Monroe St,,30.462372,-84.281803,6,,S,LAKE ELLA DR,,2,14,1,EC2
89140511,2019,2019-04-24 15:25,2,2,N Blair Stone Rd,,30.462334,-84.242745,101,,S,MICCOSUKEE RD,,5,14,1,EC2
89141258,2019,2019-05-22 15:40,2,2,Mahan Dr,,30.462308,-84.222084,133,,E,WEEMS RD,,5,14,1,EC2
89140289,2019,2019-04-17 07:40,2,4,Miccosukee Rd,,30.46225,-84.24373,252,,W,N BLAIR STONE RD,,5,14,1,EC2
89141535,2019,2019-06-04 15:30,2,2,Mahan Dr,,30.462222,-84.222374,37,,E,WEEMS RD,,2,14,1,EC2
89140105,2019,2019-04-11 11:03,2,2,Old Bainbridge Rd,,30.461965,-84.29761,98,,N,KNOTS LN,,5,14,1,EC2
89139913,2019,2019-04-04 11:24,2,2,Capital Circle NE,,30.461932,-84.22795,148,,S,AUSTIN DAVIS AVE,,2,14,1,EC2
89141751,2019,2019-06-09 20:24,2,2,ANN ARBOR AVE,,30.461778,-84.348981,,,,,,9,14,1,EC2
89141629,2019,2019-06-08 12:28,2,3,Mahan Dr,,30.461704,-84.223161,261,,W,WEEMS RD,,2,14,1,EC2
89141505,2019,2019-06-03 12:03,2,3,PHYSICIANS DR,,30.461692,-84.260787,,,,CENTERVILLE RD,,4,14,1,EC2
89141376,2019,2019-05-28 17:05,2,2,ANN ARBOR AVE,1969,30.461669,-84.348976,,,,,,9,14,1,EC2
89141396,2019,2019-05-29 13:49,2,2,Mahan Dr,,30.461601,-84.22403,531,,W,WEEMS RD,,2,14,1,EC2
89140084,2019,2019-04-10 15:22,2,2,Centerville Rd,,30.461585,-84.26081,39,,S,PHYSICIANS DR,,5,14,1,EC2
89140928,2019,2019-05-07 14:32,3,3,Capital Circle NE,,30.461566,-84.228102,282,,S,AUSTIN DAVIS AVE,,5,14,1,EC2
89297495,2019,2019-06-07 15:55,2,4,UNNAMED RD,,30.46155,-84.21745,,,,,,9,14,2,EC2
89139766,2019,2019-04-01 08:03,2,2,N Mission Rd,,30.461383,-84.343276,10,,N,REXWOOD DR,,5,14,1,EC2
89139842,2019,2019-04-02 13:27,2,2,Gibbs Dr,,30.461365,-84.291844,,,,W 10TH AVE,,5,14,1,EC2
89141643,2019,2019-06-09 14:07,2,2,N Duval St,,30.461327,-84.285034,80,,E,W 10TH AVE,,5,14,1,EC2
89297466,2019,2019-06-24 09:55,2,3,W Tennessee St,4400,30.461307,-84.358724,,,,,,9,14,8,EC2
89141007,2019,2019-05-11 19:15,2,3,Mahan Dr,,30.46122,-84.225032,,,E,CAPITAL CIR NE,,5,14,1,EC2
89140582,2019,2019-04-26 23:45,2,2,UNNAMED RD,,30.46117,-84.360918,821,,N,W TENNESSEE ST,,5,14,1,EC2
89141977,2019,2019-06-22 19:45,2,2,Capital Circle NE,,30.461149,-84.227881,229,,N,MAHAN DR,,2,14,1,EC2
88047546,2019,2019-05-05 17:53,2,3,US HIGHWAY 90 (STATE ROAD 10),,30.461063462653,-84.3899941360725,100,,W,BETHEL CHURCH ROAD,,2,14,1,EC2
89139790,2019,2019-04-01 08:24,2,2,Thomasville Rd,,30.461021,-84.274388,496,,N,E 9TH AVE,,5,14,1,EC2
89140660,2019,2019-04-29 11:13,2,3,N Mission Rd,,30.46095,-84.343108,155,,S,REXWOOD DR,,5,14,1,EC2
89140671,2019,2019-04-29 15:10,2,2,Capital Circle NE,,30.460704,-84.228062,,,,MAHAN DR,,5,14,1,EC2
89141769,2019,2019-06-14 12:55,2,2,Capital Circle NE,,30.460662,-84.228005,194,,N,MAHAN DR,,2,14,1,EC2
89140474,2019,2019-04-23 12:24,2,3,Capital Circle NE,,30.460657,-84.22811,192,,N,MAHAN DR,,5,14,1,EC2
89140205,2019,2019-04-05 13:56,2,3,Mahan Dr,,30.46059,-84.226834,258,,E,CAPITAL CIR NE,,5,14,1,EC2
89142159,2019,2019-06-26 07:56,2,2,Mahan Dr,,30.460583,-84.226843,254,,E,CAPITAL CIR NE,,5,14,1,EC2
89140761,2019,2019-05-02 07:10,2,4,Mahan Dr,,30.460568,-84.226846,251,,E,CAPITAL CIR NE,,5,14,1,EC2
89139769,2019,2019-04-01 06:54,2,4,Capital Circle NE,,30.460549,-84.228057,153,,N,MAHAN DR,,5,14,1,EC2
89141037,2019,2019-05-13 13:02,3,3,MEDICAL DR,,30.460518,-84.261442,,,,CENTERVILLE RD,,5,14,1,EC2
89140752,2019,2019-05-02 10:06,2,2,Capital Circle NE,,30.460461,-84.22783,21,,N,MAHAN DR,,2,14,1,EC2
89141269,2019,2019-05-21 15:50,2,3,Ocala Rd,,30.460336,-84.318187,53,,N,INVERNESS APARTMENTS,,5,14,1,EC2
89141433,2019,2019-05-30 20:00,2,5,Mahan Dr,,30.460311,-84.227565,6,,E,CAPITAL CIR NE,,2,14,1,EC2
89141348,2019,2019-05-28 23:48,2,3,Capital Circle NE,,30.46027,-84.228126,,,S,MAHAN DR,,5,14,1,EC2
89140621,2019,2019-04-28 04:02,2,4,UNNAMED RD,,30.460229,-84.356964,1576,,E,W TENNESSEE ST,,5,14,1,EC2
89140762,2019,2019-05-02 14:50,2,2,N Bronough St,,30.460214,-84.284469,36,,N,W 9TH AVE,,5,14,1,EC2
89142061,2019,2019-06-27 09:45,2,2,W 9TH AVE,,30.460105,-84.284454,,,,N BRONOUGH ST,,5,14,1,EC2
89140654,2019,2019-04-29 06:19,2,3,Capital Circle NE,,30.46009,-84.227855,,,N,MAHAN DR,,5,14,1,EC2
89140663,2019,2019-04-29 13:30,3,6,N Monroe St,,30.460064,-84.281103,68,,N,LAKE ELLA DR,,3,14,1,EC2
89140103,2019,2019-04-11 11:11,2,5,Mahan Dr,,30.459972,-84.228562,156,,W,CAPITAL CIR NE,,5,14,1,EC2
89141662,2019,2019-06-11 11:57,2,2,Mahan Dr,,30.459932,-84.228326,71,,W,CAPITAL CIR NE,,2,14,1,EC2
89141086,2019,2019-05-15 12:01,2,4,N Monroe St,,30.459908,-84.281077,,,,LAKE ELLA DR,,2,14,1,EC2
89140490,2019,2019-04-23 15:38,2,2,OLD BAINBRIDGE ROAD,1600,30.459844,-84.296657,,,N,VOLUSIA ST,,5,14,1,EC2
88111366,2019,2019-06-01 13:25,2,2,ACADIAN BLVD,,30.45984,-84.21585,,,,SABINE DRIVE,,5,14,1,EC2
89141170,2019,2019-05-17 15:25,2,2,Capital Circle NE,,30.459818,-84.227929,,,,MAHAN DR,,5,14,1,EC2
89297722,2019,2019-05-22 08:05,2,3,ACADIAN BLVD,,30.459796,-84.222337,,,,WEEMS RD,,5,14,1,EC2
89140916,2019,2019-05-07 16:08,2,2,Capital Circle NE,,30.459793,-84.228236,,,E,MAHAN DR,,5,14,1,EC2
89141976,2019,2019-06-22 18:34,2,2,Mahan Dr,,30.459785,-84.228266,74,,W,CAPITAL CIR NE,,5,14,1,EC2
89141746,2019,2019-06-13 13:41,2,2,Mahan Dr,,30.45978,-84.228274,77,,W,CAPITAL CIR NE,,2,14,1,EC2
89142012,2019,2019-06-24 18:50,2,2,Capital Circle NE,,30.459771,-84.228249,,,,MAHAN DR,,5,14,1,EC2
89142076,2019,2019-06-27 15:18,2,2,Mahan Dr,2991,30.459768,-84.228236,,,,,,9,14,1,EC2
89141497,2019,2019-06-03 13:53,2,2,Capital Circle NE,,30.45975,-84.228213,,,,MAHAN DR,,2,14,1,EC2
89297523,2019,2019-06-20 18:02,2,2,Capital Circle NE,,30.459741,-84.227857,101,,S,MAHAN DR,,2,14,1,EC2
89141198,2019,2019-05-19 12:35,2,2,Capital Circle NE,,30.459715,-84.228183,,,,MAHAN DR,,2,14,1,EC2
89141069,2019,2019-05-14 16:57,2,2,Thomasville Rd,,30.459712,-84.275461,89,,S,E 9TH AVE,,3,14,1,EC2
89140460,2019,2019-04-22 20:30,2,3,Capital Circle NE,,30.459704,-84.227932,115,,S,MAHAN DR,,5,14,1,EC2
89140957,2019,2019-05-09 15:05,2,2,Capital Circle NE,,30.459672,-84.227918,127,,S,MAHAN DR,,2,14,1,EC2
89141990,2019,2019-06-23 17:05,2,3,Capital Circle NE,,30.459614,-84.228135,130,,S,MAHAN DR,,2,14,1,EC2
89140652,2019,2019-04-29 21:45,2,7,ALLISON MARIE CT,,30.45958,-84.347718,504,,W,BLOUNTSTOWN ST,,8,14,3,EC2
89139778,2019,2019-04-01 08:35,2,3,Capital Circle NE,,30.459562,-84.227999,148,,S,MAHAN DR,,5,14,1,EC2
89141925,2019,2019-06-20 15:30,2,2,SURGEONS DR,,30.459511,-84.258938,220,,E,MEDICAL DR,,5,14,1,EC2
89141546,2019,2019-06-05 00:18,2,4,High Rd,1327,30.45948,-84.313472,,,,1327 HIGH RD,,5,14,1,EC2
89140346,2019,2019-04-18 16:30,2,2,W Tennessee St,3800,30.459478,-84.355461,,,,CAPITAL CIR SW,,3,14,1,EC2
89140952,2019,2019-05-09 13:34,2,4,Capital Circle NE,,30.459463,-84.227941,203,,S,MAHAN DR,,2,14,1,EC2
89141002,2019,2019-05-11 15:45,2,2,W Tennessee St,,30.459458,-84.356634,2659,,E,CAPITAL CIR NW,,5,14,1,EC2
89140634,2019,2019-04-28 15:14,2,4,High Rd,,30.459457,-84.313458,154,,S,HIGH CT,,5,14,1,EC2