report_number,crash_year,crash_date_time,total_number_of_vehicles,total_number_of_persons,on_street_road_highway,street_address_number,latitude,longitude,feet_from_intersection,miles_from_intersection,direction_from_intersection,from_intersection_of,from_milepost_number,road_system_identifier,first_harmful_event,harmful_event_location,other1
89141283,2019,2019-05-23 17:10,2,3,W Tennessee St,,30.459453,-84.356358,2746,,E,CAPITAL CIR NW,,3,14,1,EC2
89140994,2019,2019-05-11 11:11,2,2,W Tennessee St,,30.459398,-84.357108,1209,,E,CAPITAL CIR NW,,5,14,1,EC2
89140259,2019,2019-04-16 09:13,2,2,Capital Circle NW,,30.459388,-84.360865,153,,N,W TENNESSEE ST,,3,14,1,EC2
89141485,2019,2019-06-02 19:50,2,5,Mahan Dr,,30.459373,-84.229631,528,,W,CAPITAL CIR NE,,2,14,1,EC2
89140802,2019,2019-05-03 15:55,3,4,W Tennessee St,,30.459363,-84.354244,1595,,W,BICYCLE RD,,5,14,1,EC2
89142144,2019,2019-06-30 17:47,2,2,W Tennessee St,,30.459343,-84.357116,2421,,W,BICYCLE RD,,3,14,1,EC2
89139940,2019,2019-04-05 11:54,2,4,UNNAMED RD,,30.459335,-84.360824,,,,CAPITAL CIR NW,,2,14,1,EC2
89142010,2019,2019-06-24 17:37,2,2,Mahan Dr,,30.45933,-84.229742,600,,W,CAPITAL CIR NE,,5,14,1,EC2
89140524,2019,2019-04-25 07:32,2,2,W Tennessee St,,30.459316,-84.356807,2324,,W,BICYCLE RD,,5,14,1,EC2
89141158,2019,2019-05-17 16:51,2,2,W Tennessee St,,30.45931,-84.357961,2686,,W,BICYCLE RD,,2,14,1,EC2
89140960,2019,2019-05-09 16:58,2,4,UNNAMED RD,,30.459308,-84.360814,,,,CAPITAL CIR NW,,2,14,1,EC2
89141229,2019,2019-05-21 09:00,2,2,UNNAMED RD,,30.459281,-84.360788,197,,N,W TENNESSEE ST,,2,14,1,EC2
89141316,2019,2019-05-25 14:23,2,2,N Monroe St,,30.459279,-84.280912,19,,N,E 8TH AVE,,2,14,1,EC2
89141867,2019,2019-06-18 15:38,2,7,Capital Circle NW,,30.459245,-84.360683,,,N,W TENNESSEE ST,,5,14,1,EC2
89139845,2019,2019-04-02 12:10,2,2,Mahan Dr,,30.459213,-84.230147,542,,E,FORT KNOX BLVD,,5,14,1,EC2
89141282,2019,2019-05-23 16:38,2,4,N Monroe St,,30.4592,-84.280903,,,,E 8TH AVE,,2,14,1,EC2
89139815,2019,2019-04-01 21:00,2,2,W Tennessee St,,30.459195,-84.353301,1291,,W,BICYCLE RD,,5,14,1,EC2
89141436,2019,2019-05-31 07:41,2,2,Mahan Dr,,30.459136,-84.230881,292,,E,JAYDELL CIR,,5,14,1,EC2
89140647,2019,2019-04-28 02:25,2,4,W Tennessee St,,30.458989,-84.360697,,,,CAPITAL CIR NW,,5,14,1,EC2
89140216,2019,2019-04-15 00:18,3,3,W Tennessee St,,30.458982,-84.360775,,,W,CAPITAL CIR NW,,5,14,1,EC2
89141486,2019,2019-06-02 22:20,2,3,W Tennessee St,,30.458971,-84.360812,,,,CAPITAL CIR NW,,5,14,1,EC2
89140825,2019,2019-05-04 15:25,2,2,Capital Circle NW,,30.458891,-84.360953,,,,W TENNESSEE ST,,5,14,1,EC2
89297729,2019,2019-06-08 12:10,2,4,Capital Circle NE,,30.458791,-84.228088,500,,S,MAHAN DR,,2,14,1,EC2
89139840,2019,2019-04-02 12:13,2,4,W Tennessee St,,30.458772,-84.360667,,,,CAPITAL CIR NW,,5,14,1,EC2
89141948,2019,2019-06-21 15:36,3,3,Mahan Dr,,30.458591,-84.231885,50,,W,FORT KNOX BLVD,,5,14,1,EC2
89140749,2019,2019-05-02 07:53,2,2,MEDICAL DR,1300,30.458576,-84.260574,,,,,,9,14,8,EC2
89140509,2019,2019-04-24 15:16,2,4,W Tennessee St,,30.458531,-84.361365,,,E,CAPITAL CIR NW,,5,14,1,EC2
89140935,2019,2019-05-08 17:38,2,3,W Tennessee St,,30.458513,-84.361687,,,,CAPITAL CIR NW,,2,14,1,EC2
89141967,2019,2019-06-22 02:35,2,2,HUB APARTMENTS,,30.458509,-84.317911,15,,E,OCALA RD,,5,14,1,EC2
89141870,2019,2019-06-18 15:58,2,3,W Tennessee St,,30.458501,-84.361305,82,,W,CAPITAL CIR NW,,5,14,1,EC2
89141996,2019,2019-06-24 10:10,2,2,W Tennessee St,,30.458494,-84.36129,78,,W,CAPITAL CIR NW,,2,14,1,EC2
89140337,2019,2019-04-18 16:39,2,3,N Monroe St,,30.458287,-84.280872,157,,N,E 7TH AVE,,2,14,1,EC2
89140299,2019,2019-04-17 17:00,3,3,Mahan Dr,,30.458286,-84.233088,1,,W,MITCHAM DR,,2,14,1,EC2
89142116,2019,2019-06-29 12:44,2,4,N Monroe St,,30.458231,-84.280806,136,,N,E 7TH AVE,,2,14,1,EC2
89140978,2019,2019-05-10 13:39,3,1,Miccosukee Rd,1300,30.458092,-84.260185,,,,,,9,14,8,EC2
89141197,2019,2019-05-19 09:02,2,3,N Monroe St,,30.458071,-84.280705,76,,N,E 7TH AVE,,2,14,1,EC2
89141055,2019,2019-05-14 08:50,2,2,N Monroe St,,30.458001,-84.280761,52,,N,E 7TH AVE,,2,14,1,EC2
89140322,2019,2019-04-18 11:46,2,2,W Tennessee St,5000,30.457965,-84.364014,,,W,CAPITAL CIR NW,,3,14,1,EC2
89141254,2019,2019-05-22 09:14,2,2,E 7TH AVE,,30.457908,-84.280793,,,,N MONROE ST,,5,14,1,EC2
89141209,2019,2019-05-20 08:20,2,2,W 7TH AVE,,30.457877,-84.283705,165,,W,N DUVAL ST,,4,14,1,EC2
89141986,2019,2019-06-23 13:41,2,3,N Monroe St,,30.457873,-84.280749,,,,E 7TH AVE,,5,14,1,EC2
89141231,2019,2019-05-21 10:56,2,2,N Adams St,,30.457746,-84.28191,,,,E 7TH AVE,,5,14,1,EC2
89141727,2019,2019-06-12 19:12,2,2,CENTRAL ST,,30.457731,-84.290823,,,,W 7TH AVE,,5,14,1,EC2
89140971,2019,2019-05-10 08:55,3,3,N Monroe St,,30.45764,-84.280695,,,,E 7TH AVE,,2,14,1,EC2
89139926,2019,2019-04-04 17:00,2,2,N Monroe St,,30.457634,-84.280717,83,,S,E 7TH AVE,,5,14,1,EC2
89140676,2019,2019-04-29 16:45,2,4,Capital Circle NE,,30.457532,-84.227381,49,,S,ELIZA RD,,5,14,1,EC2
89142039,2019,2019-06-26 11:36,2,2,TENNESSEE CAPITAL BLVD,,30.457515,-84.366991,152,,N,W TENNESSEE ST,,5,14,1,EC2
89140571,2019,2019-04-26 16:17,3,1,DARTMOUTH DR,,30.457482,-84.218387,23,,E,EXMOUTH LN,,5,14,1,EC2
89140987,2019,2019-05-10 23:45,2,2,E 7TH AVE,,30.457468,-84.276317,,,,N GADSDEN ST,,5,14,1,EC2
89142049,2019,2019-06-26 15:42,2,1,Miccosukee Rd,1808,30.457408,-84.254575,,,,,,9,14,8,EC2
89141401,2019,2019-05-29 14:55,2,2,DARTMOUTH DR,,30.457401,-84.216808,26,,E,LANDS END LN,,5,14,1,EC2
89140694,2019,2019-04-30 14:17,2,2,W Tennessee St,5712,30.457395,-84.367765,,,,,,9,14,1,EC2
89140270,2019,2019-04-16 13:43,2,2,N Monroe St,,30.4573,-84.280778,203,,S,E 7TH AVE,,3,14,1,EC2
89141721,2019,2019-06-12 17:48,2,2,E 7TH AVE,,30.457262,-84.272319,,,,COLONIAL DR,,5,14,1,EC2
89140295,2019,2019-04-17 14:05,2,2,E 7TH AVE,,30.457244,-84.268063,,,,MITCHELL AVE,,5,14,1,EC2
89140131,2019,2019-04-12 22:57,2,3,San Luis Rd,,30.457233,-84.324317,,,S,DELGADO DR,,5,14,1,EC2
89140462,2019,2019-04-08 15:23,2,2,E 7TH AVE,,30.457227,-84.27492,,,,CHERRY ST,,5,14,1,EC2
89140497,2019,2019-04-23 23:17,2,3,E 7TH AVE,,30.457217,-84.267834,55,,E,MITCHELL AVE,,4,14,1,EC2
89142078,2019,2019-06-27 16:50,2,2,TENNESSEE CAPITAL BLVD,,30.457217,-84.366943,43,,N,W TENNESSEE ST,,5,14,1,EC2
89140056,2019,2019-04-09 15:21,2,2,Mahan Dr,,30.457199,-84.23626,149,,E,RIGGINS RD,,5,14,1,EC2
89141726,2019,2019-06-12 17:20,2,4,LEE AVE,,30.457196,-84.26434,,,,E 7TH AVE,,5,14,1,EC2
87193445,2019,2019-04-29 20:55,2,2,UNITED STATES ROAD 90,,30.45718,-84.38452,0,,N,BAYHEAD ROAD,,2,14,1,EC2
88074493,2019,2019-06-13 17:19,2,2,UNITED STATES HIGHWAY 90,,30.45711,-84.36688,400,,E,TENNESSEE CAPITAL BLVD,,2,14,1,EC2
89140716,2019,2019-05-01 10:39,2,2,Mahan Dr,,30.457043,-84.236613,,,,RIGGINS RD,,2,14,1,EC2
88060358,2019,2019-05-30 12:50,2,3,EB US 90 (WEST TENNESSEE STREET),,30.4569970325716,-84.3668443086864,10,,N,TENNESSEE CAPITAL BLVD,,3,14,1,EC2
89140156,2019,2019-04-12 05:49,2,2,Riggins Rd,,30.456946,-84.236702,,,,MAHAN DR,,5,14,1,EC2
89140933,2019,2019-05-08 15:01,2,3,Phillips Rd,2267,30.456924,-84.241427,,,,,,9,14,8,EC2
89139844,2019,2019-04-02 13:54,2,2,Mahan Dr,,30.45689,-84.236643,,,,RIGGINS RD,,5,14,1,EC2
89140699,2019,2019-04-30 14:49,2,2,N Magnolia Dr,,30.45687,-84.262788,119,,S,E 7TH AVE,,5,14,1,EC2
89141247,2019,2019-05-21 17:24,2,2,Mahan Dr,,30.456851,-84.236769,25,,W,RIGGINS RD,,5,14,1,EC2
89141615,2019,2019-06-07 18:25,2,2,Mahan Dr,,30.456843,-84.236906,80,,W,RIGGINS RD,,5,14,1,EC2
89141477,2019,2019-06-02 01:00,2,2,W Tennessee St,,30.45674,-84.346043,300,,W,BLOUNTSTOWN ST,,3,14,1,EC2
89141669,2019,2019-06-11 12:28,2,1,Miccosukee Rd,1300,30.456687,-84.261639,,,,,,9,14,1,EC2
89139882,2019,2019-04-03 14:28,2,2,N Bronough St,,30.456684,-84.284323,100,,N,W 6TH AVE,,5,14,1,EC2
89140888,2019,2019-05-06 16:22,2,7,Alabama St,800,30.45666,-84.296726,,,,,,9,14,2,EC2
89297577,2019,2019-05-31 23:25,2,3,W Tennessee St,3101,30.456611,-84.346172,,,,,,9,14,8,EC2
89141428,2019,2019-05-30 15:57,2,2,Blountstown St,,30.456519,-84.344834,4,,S,BLOUNTSTOWN HWY,,5,14,1,EC2
89140320,2019,2019-04-18 11:03,2,2,Mahan Dr,,30.456511,-84.237785,,,,E PLAZA DR,,5,14,1,EC2
89140229,2019,2019-04-15 13:43,2,2,Mahan Dr,,30.456502,-84.237739,,,,PLAZA DR W,,5,14,1,EC2
89140986,2019,2019-05-10 23:04,2,3,W Tennessee St,,30.456491,-84.345459,96,,W,BLOUNTSTOWN ST,,2,14,1,EC2
89140618,2019,2019-04-27 16:20,2,5,Blountstown St,,30.456488,-84.344885,15,,S,BLOUNTSTOWN HWY,,5,14,1,EC2
89140922,2019,2019-05-08 07:38,2,2,Continental Ave,2060,30.456417,-84.31654,,,,,,9,14,8,EC2
89140948,2019,2019-05-09 10:21,2,3,W Tennessee St,,30.456406,-84.345314,41,,W,BLOUNTSTOWN ST,,2,14,1,EC2
89141270,2019,2019-05-23 07:50,2,2,W Tennessee St,,30.456389,-84.345538,226,,W,BLOUNTSTOWN HWY,,2,14,1,EC2
89141728,2019,2019-06-04 17:55,2,5,Alabama St,,30.456378,-84.296184,326,,E,DADE ST,,5,14,1,EC2
89141013,2019,2019-05-12 14:18,2,2,W 6TH AVE,,30.456368,-84.282986,,,,N DUVAL ST,,4,14,1,EC2
89141162,2019,2019-05-17 17:07,2,2,W 6TH AVE,,30.456349,-84.285531,,,,N M L KING JR BLVD,,5,14,1,EC2
89141955,2019,2019-06-21 17:35,2,4,Alabama St,,30.456349,-84.297153,,,S,DADE ST,,5,14,1,EC2
89142134,2019,2019-06-30 12:34,2,3,N Bronough St,,30.456349,-84.284317,,,,W 6TH AVE,,5,14,1,EC2
89140160,2019,2019-04-12 20:00,2,2,E 6TH AVE,,30.456347,-84.28012,176,,E,N MONROE ST,,5,14,1,EC2
89140868,2019,2019-05-06 08:45,2,3,Blountstown St,,30.45634,-84.344917,40,,N,W TENNESSEE ST,,4,14,1,EC2
89139827,2019,2019-04-01 17:27,2,2,Alabama St,,30.456339,-84.308245,,,,COLORADO ST,,5,14,1,EC2
89142070,2019,2019-06-27 12:54,2,3,Alabama St,,30.456325,-84.308339,,,,COLORADO ST,,2,14,1,EC2
89139834,2019,2019-04-02 09:19,2,3,E 6TH AVE,,30.456306,-84.262734,15,,W,N MAGNOLIA DR,,5,14,1,EC2
89141029,2019,2019-05-13 07:23,2,2,E 6TH AVE,,30.456298,-84.2628,,,,N MAGNOLIA DR,,5,14,1,EC2
89141596,2019,2019-06-07 06:33,2,2,E 6TH AVE,,30.456285,-84.277528,,,,THOMASVILLE RD,,3,14,1,EC2
89140563,2019,2019-04-26 13:25,2,3,E 6TH AVE,,30.456284,-84.264574,74,,W,LEE AVE,,5,14,1,EC2
89141233,2019,2019-05-21 09:21,2,3,E 6TH AVE,,30.456277,-84.269897,27,,W,TERRACE ST,,5,14,1,EC2
89140351,2019,2019-04-18 19:22,2,3,E 6TH AVE,,30.456273,-84.277629,44,,W,THOMASVILLE RD,,5,14,1,EC2
89139869,2019,2019-04-03 08:04,2,2,N Magnolia Dr,,30.456265,-84.262722,26,,S,E 6TH AVE,,3,14,1,EC2
89140403,2019,2019-04-20 14:51,2,2,Thomasville Rd,,30.456253,-84.277505,,,,E 6TH AVE,,5,14,1,EC2
89139989,2019,2019-04-06 11:13,2,3,TERRACE ST,,30.456246,-84.269803,13,,S,E 6TH AVE,,5,14,1,EC2
89141607,2019,2019-06-07 11:15,2,4,N Gadsden St,,30.456244,-84.27651,,,,E 6TH AVE,,5,14,1,EC2
89141819,2019,2019-06-16 18:18,2,3,W Tennessee St,,30.456232,-84.345138,88,,W,BLOUNTSTOWN HWY,,5,14,1,EC2
89141558,2019,2019-06-05 12:51,2,4,W Tennessee St,,30.456226,-84.344885,,,,BLOUNTSTOWN ST,,5,14,1,EC2
89140250,2019,2019-04-15 17:09,2,2,W Tennessee St,,30.456208,-84.344859,,,,BLOUNTSTOWN ST,,5,14,1,EC2
89141914,2019,2019-06-20 08:45,2,2,W Tennessee St,,30.456201,-84.345097,,,,BLOUNTSTOWN ST,,5,14,1,EC2
89141947,2019,2019-06-21 11:45,2,2,N Monroe St,,30.456167,-84.280726,78,,S,E 6TH AVE,,2,14,1,EC2
89140369,2019,2019-04-19 14:55,2,3,W Tennessee St,,30.45616,-84.344906,,,,BLOUNTSTOWN HWY,,2,14,1,EC2
89140481,2019,2019-04-23 15:00,2,2,MARION AVE,1205,30.456088,-84.265158,,,,,,9,14,1,EC2
89141246,2019,2019-05-21 17:00,2,2,N Magnolia Dr,,30.455967,-84.262666,138,,S,E 6TH AVE,,5,14,1,EC2
89141744,2019,2019-06-13 12:48,2,2,N Gadsden St,,30.455921,-84.276435,127,,S,E 6TH AVE,,5,14,1,EC2
89140748,2019,2019-05-02 08:40,2,3,High Rd,1111,30.455872,-84.312937,,,W,HIGH RD,,5,14,8,EC2
89140412,2019,2019-04-20 17:28,3,6,Miccosukee Rd,,30.455759,-84.262043,150,,E,N MAGNOLIA DR,,4,14,1,EC2
89141424,2019,2019-05-30 13:00,2,3,Miccosukee Rd,,30.455578,-84.262361,,,,N MAGNOLIA DR,,4,14,1,EC2
89141794,2019,2019-06-15 11:23,2,3,N Monroe St,,30.4555,-84.280663,284,,N,E 5TH AVE,,2,14,1,EC2
89140065,2019,2019-04-09 18:42,2,2,Continental Ave,,30.455471,-84.319473,39,,E,CHEE LN,,5,14,1,EC2
89142047,2019,2019-06-26 14:30,2,2,Phillips Rd,,30.455405,-84.241172,,,,MAHAN DR,,2,14,1,EC2
89141202,2019,2019-05-19 18:56,2,2,N Magnolia Dr,,30.455277,-84.262373,,,N,MICCOSUKEE RD,,5,14,1,EC2
89141179,2019,2019-05-18 09:53,2,2,Miccosukee Rd,,30.455265,-84.263106,183,,E,LEE AVE,,4,14,1,EC2
89140589,2019,2019-04-27 08:25,2,16,Miccosukee Rd,,30.455253,-84.263058,195,,E,LEE AVE,,4,14,1,EC2
89140774,2019,2019-05-02 17:41,2,2,Capital Circle NE,,30.455062,-84.226472,905,,N,INDUSTRIAL PLAZA DR,,5,14,1,EC2
89141537,2019,2019-06-04 16:35,2,2,DOCTORS DR,,30.455017,-84.262326,45,,E,N MAGNOLIA DR,,5,14,1,EC2
89141340,2019,2019-05-27 16:19,2,3,N Magnolia Dr,,30.455001,-84.262464,,,,DOCTORS DR,,4,14,1,EC2
89141560,2019,2019-06-05 13:29,2,2,N Monroe St,,30.454912,-84.280674,70,,N,E 5TH AVE,,2,14,1,EC2
89141189,2019,2019-05-18 18:18,2,3,N Monroe St,,30.454908,-84.280722,68,,N,E 5TH AVE,,2,14,1,EC2
89141707,2019,2019-06-12 11:08,2,2,BONNIE DR,,30.454803,-84.330514,,,,MISSION RD,,5,14,1,EC2
89140534,2019,2019-04-25 14:15,2,3,W Tennessee St,,30.4548,-84.341688,,,,SENATOR PAT THOMAS BLVD,,2,14,1,EC2
89140416,2019,2019-04-21 23:34,2,3,N Duval St,,30.454745,-84.28305,,,,W 5TH AVE,,5,14,1,EC2
89141097,2019,2019-05-15 19:00,2,2,E 5TH AVE,,30.454738,-84.278658,158,,W,THOMASVILLE RD,,5,14,1,EC2
89140136,2019,2019-04-11 15:14,2,3,W Tennessee St,,30.454737,-84.341744,,,,SENATOR PAT THOMAS BLVD,,2,14,1,EC2
89141732,2019,2019-06-12 20:15,2,3,N Duval St,,30.454729,-84.283078,,,,W 5TH AVE,,5,14,1,EC2
89141730,2019,2019-05-27 18:33,2,3,W 5TH AVE,,30.454722,-84.283122,,,,N DUVAL ST,,5,14,1,EC2
89140101,2019,2019-04-11 09:40,2,3,SENATOR PAT THOMAS BLVD,,30.454711,-84.341598,,,,W TENNESSEE ST,,2,14,1,EC2
89141131,2019,2019-05-16 17:29,2,2,W 5TH AVE,,30.454708,-84.284316,,,,N BRONOUGH ST,,5,14,1,EC2
89141374,2019,2019-05-28 18:45,2,3,Ocala Rd,,30.454704,-84.31747,70,,N,CONTINENTAL OAKS APARTMENTS,,5,14,1,EC2
89139922,2019,2019-04-04 14:16,2,2,W Tennessee St,,30.454655,-84.34163,,,,SENATOR PAT THOMAS BLVD,,5,14,1,EC2
89141028,2019,2019-05-13 21:56,2,2,ARKANSAS ST,,30.454555,-84.310386,,,,ARIZONA ST,,5,14,1,EC2
89141543,2019,2019-06-04 17:30,2,2,N Magnolia Dr,,30.454451,-84.262493,29,,N,CLAUDE PICHARD DR,,4,14,1,EC2
89140441,2019,2019-04-22 08:35,2,2,Mission Rd,2545,30.454404,-84.330297,,,,,,9,14,2,EC2
89140611,2019,2019-04-27 21:19,2,6,Thomasville Rd,,30.454182,-84.278396,52,,S,E 5TH AVE,,5,14,1,EC2
89297738,2019,2019-06-07 17:14,2,2,W Tennessee St,2740,30.454096,-84.339427,,,,,,9,14,8,EC2
89139957,2019,2019-04-05 15:00,2,2,Old Bainbridge Rd,,30.454066,-84.292896,68,,S,SPANISH AVE,,5,14,1,EC2
89141371,2019,2019-05-27 15:02,2,4,Old Bainbridge Rd,,30.453871,-84.292686,,,,SPANISH AVE,,4,14,1,EC2
89140019,2019,2019-04-07 21:12,2,3,Old Bainbridge Rd,,30.453697,-84.292604,31,,N,W 4TH AVE,,5,14,1,EC2
89142025,2019,2019-06-25 16:40,2,2,Old Bainbridge Rd,,30.45369,-84.292577,23,,N,W 4TH AVE,,5,14,1,EC2
89139925,2019,2019-04-04 16:05,2,2,W 4TH AVE,,30.453651,-84.283025,27,,E,N DUVAL ST,,5,14,1,EC2
89140385,2019,2019-04-20 02:25,2,2,N Duval St,,30.453638,-84.283098,,,,W 4TH AVE,,5,14,1,EC2
89141003,2019,2019-05-11 15:19,2,3,W 4TH AVE,,30.45363,-84.293942,,,,N DEWEY ST,,5,14,1,EC2
89140668,2019,2019-04-29 14:30,2,2,W 4TH AVE,,30.453621,-84.287809,,,,N MACOMB ST,,5,14,1,EC2
89141071,2019,2019-05-14 19:31,2,2,W 4TH AVE,,30.453609,-84.288427,,,,N MACOMB ST,,5,14,1,EC2
89139917,2019,2019-04-04 14:06,2,2,Appleyard Dr,,30.453603,-84.337718,230,,N,W TENNESSEE ST,,5,14,1,EC2
89140214,2019,2019-04-14 12:00,2,4,Mahan Dr,2351,30.453529,-84.241504,,,,,,9,14,8,EC2
89141218,2019,2019-05-20 17:26,2,4,N Magnolia Dr,,30.453383,-84.262521,,,S,FREDERICK DR,,5,14,1,EC2
89140678,2019,2019-04-29 17:30,2,2,Capital Circle NE,,30.453289,-84.226449,258,,N,INDUSTRIAL PLAZA DR,,5,14,1,EC2
89141511,2019,2019-06-03 17:42,3,4,Appleyard Dr,,30.45321,-84.337826,,,,W TENNESSEE ST,,5,14,1,EC2
89141550,2019,2019-06-05 07:13,2,2,N Blair Stone Rd,,30.453191,-84.24875,193,,N,MAHAN DR,,5,14,1,EC2
89141205,2019,2019-05-20 06:49,2,2,High Rd,,30.453133,-84.313459,17,,S,POLO CLUB APARTMENTS,,5,14,1,EC2
89142138,2019,2019-06-29 11:03,2,2,Appleyard Dr,,30.453106,-84.337889,,,,W TENNESSEE ST,,5,14,1,EC2
89140627,2019,2019-04-28 09:42,2,2,Mission Rd,,30.453102,-84.326209,,,,WHITE DR,,5,14,1,EC2
89140659,2019,2019-04-29 11:30,3,4,Appleyard Dr,,30.453043,-84.337905,,,,W TENNESSEE ST,,3,14,1,EC2
89141448,2019,2019-05-31 17:00,2,3,Mahan Dr,,30.452996,-84.247745,118,,E,N BLAIR STONE RD,,2,14,1,EC2
89140632,2019,2019-04-28 13:30,2,6,Mahan Dr,,30.452965,-84.248092,12,,E,N BLAIR STONE RD,,2,14,1,EC2
89140644,2019,2019-04-27 19:13,2,2,W Tennessee St,,30.452905,-84.338093,,,,APPLEYARD DR,,3,14,1,EC2
89140425,2019,2019-04-21 11:50,3,6,N Monroe St,,30.452883,-84.280802,114,,N,E 3RD AVE,,2,14,1,EC2
89141515,2019,2019-06-03 17:03,2,3,EDGEHILL CIR,213,30.452856,-84.289477,,,,,,9,14,8,EC2
89140771,2019,2019-05-02 17:45,2,5,White Dr,,30.452714,-84.32623,141,,S,MISSION RD,,5,14,1,EC2
89140219,2019,2019-04-15 09:39,2,3,N Monroe St,,30.452675,-84.280804,,,,E 3RD AVE,,2,14,1,EC2
89141334,2019,2019-05-26 20:30,2,3,PRESTON ST,,30.452673,-84.306645,,,,BASIN ST,,5,14,1,EC2
89142112,2019,2019-06-29 07:45,2,3,INDUSTRIAL PLAZA DR,,30.452589,-84.227835,392,,W,CAPITAL CIR NE,,5,14,1,EC2
89140804,2019,2019-05-03 15:13,2,2,Appleyard Dr,,30.452586,-84.337685,66,,S,W TENNESSEE ST,,5,14,1,EC2
89140190,2019,2019-04-13 20:09,2,4,E 3RD AVE,,30.452578,-84.280678,,,,N MONROE ST,,2,14,1,EC2
89141531,2019,2019-06-04 14:52,2,2,W Tennessee St,,30.452542,-84.337384,70,,E,APPLEYARD DR,,5,14,1,EC2
89141139,2019,2019-05-16 18:09,2,3,Capital Circle NE,,30.452526,-84.226446,20,,S,INDUSTRIAL PLAZA DR,,5,14,1,EC2
89141096,2019,2019-05-15 17:23,2,2,Mahan Dr,,30.452485,-84.248963,45,,E,N BLAIR STONE RD,,2,14,1,EC2
89139775,2019,2019-04-01 10:00,2,2,N Blair Stone Rd,,30.452471,-84.248529,,,,MAHAN DR,,5,14,1,EC2
89140325,2019,2019-04-18 12:06,2,2,WILLIAMS ST,,30.452391,-84.277603,,,,N GADSDEN ST,,5,14,1,EC2
89141533,2019,2019-06-04 15:18,2,2,W Tennessee St,,30.452389,-84.336998,203,,E,APPLEYARD DR,,2,14,1,EC2
89141502,2019,2019-06-03 14:35,2,2,N Blair Stone Rd,,30.452358,-84.248579,83,,S,MAHAN DR,,5,14,1,EC2
89141265,2019,2019-05-22 19:45,2,2,WILLIAMS ST,,30.452335,-84.27761,,,,N GADSDEN ST,,5,14,1,EC2
89141030,2019,2019-05-13 07:55,2,2,Appleyard Dr,,30.452317,-84.337793,15,,S,W TENNESSEE ST,,5,14,1,EC2
89139906,2019,2019-04-04 08:27,2,2,Ocala Rd,,30.452278,-84.31729,92,,S,OSCEOLA RIDGE APARTMENTS,,5,14,1,EC2
89142126,2019,2019-06-30 01:51,2,2,W Tennessee St,2620,30.452219,-84.335651,,,,,,9,14,2,EC2
89141242,2019,2019-05-21 15:57,2,3,HILLCREST ST,,30.452171,-84.268631,259,,S,MICCOSUKEE RD,,5,14,1,EC2
89140921,2019,2019-05-08 14:50,2,2,CHARLOTTE ST,,30.452132,-84.306467,67,,E,BASIN ST,,5,14,1,
89140026,2019,2019-04-08 11:22,2,2,Capital Circle NE,,30.451988,-84.226625,83,,N,EASTERWOOD DR,,5,14,1,EC2
89140950,2019,2019-05-09 12:30,2,3,High Rd,,30.451703,-84.313423,56,,N,WESTWOOD LN,,5,14,1,EC2
89139831,2019,2019-04-02 07:10,2,3,Weems Rd,,30.451689,-84.223894,255,,E,EASTERWOOD DR,,5,14,1,EC2
89140144,2019,2019-04-12 08:06,3,4,Thomasville Rd,,30.451612,-84.279519,78,,S,JOHNSTON ST,,3,14,1,EC2
89141303,2019,2019-05-24 19:33,2,3,Capital Circle NE,,30.451558,-84.226357,74,,S,EASTERWOOD DR,,3,14,1,EC2
89141806,2019,2019-06-16 00:55,2,2,Basin St,,30.451311,-84.306684,,,,NYLIC ST,,5,14,1,EC2
89140139,2019,2019-04-12 07:49,2,2,W Tennessee St,,30.451104,-84.334403,67,,E,WEST 10 APARTMENTS,,2,14,1,EC2
89140263,2019,2019-04-15 11:29,2,2,N Gadsden St,,30.45108,-84.278095,39,,S,MCDANIEL ST,,5,14,1,EC2
89141111,2019,2019-05-16 08:00,2,2,Capital Circle NE,,30.450776,-84.226597,199,,N,INDUSTRIAL PLAZA DR,,2,14,1,EC2
89140495,2019,2019-04-23 16:07,2,5,DADE ST,,30.450673,-84.29676,,,,DENT ST,,5,14,1,EC2
89140221,2019,2019-04-15 10:53,2,3,CACTUS ST,,30.450618,-84.333404,,,,W TENNESSEE ST,,5,14,1,EC2
89140010,2019,2019-04-07 12:00,2,2,N Monroe St,,30.450406,-84.280786,,,,,,9,14,1,EC2