report_number,crash_year,crash_date_time,total_number_of_vehicles,total_number_of_persons,on_street_road_highway,street_address_number,latitude,longitude,feet_from_intersection,miles_from_intersection,direction_from_intersection,from_intersection_of,from_milepost_number,road_system_identifier,first_harmful_event,harmful_event_location,other1
89141804,2019,2019-06-16 03:37,3,1,N Woodward Ave,,30.450384,-84.298163,108,,S,DENT ST,,5,14,1,EC2
89140274,2019,2019-04-16 16:20,2,2,Capital Circle NE,,30.450371,-84.226576,51,,N,INDUSTRIAL PLAZA DR,,4,14,1,EC2
89140355,2019,2019-04-19 08:35,2,4,INDUSTRIAL PLAZA DR,,30.45024,-84.22655,,,,CAPITAL CIR NE,,2,14,1,EC2
89141530,2019,2019-06-04 14:22,2,4,WADSWORTH ST,,30.450112,-84.30529,,,,,,9,14,8,EC2
89141681,2019,2019-06-11 15:41,2,2,W Tennessee St,,30.450057,-84.331999,23,,E,BLOCK ST,,5,14,1,EC2
89141450,2019,2019-05-31 17:40,2,3,Old Bainbridge Rd,,30.450054,-84.289779,53,,N,DUNN ST,,5,14,1,EC2
89139932,2019,2019-04-04 22:00,2,2,Ocala Rd,,30.449998,-84.317003,290,,N,W TENNESSEE ST,,5,14,1,EC2
87249942,2019,2019-05-20 19:09,2,2,CAPITOLA RD,,30.4498566616706,-84.0932609849338,500,,S,MISTY BLUE LANE,,4,14,1,EC2
89141606,2019,2019-06-07 11:02,2,2,N Blair Stone Rd,,30.449827,-84.250766,1299,,S,MAHAN DR,,5,14,1,EC2
89140304,2019,2019-04-17 20:00,2,2,W Tennessee St,1960,30.449813,-84.31442,,,,,,9,14,1,EC2
89140535,2019,2019-04-25 14:55,2,2,W Tennessee St,,30.449756,-84.33186,117,,E,FORUM APARTMENTS,,2,14,1,EC2
89140812,2019,2019-05-03 15:29,2,2,Basin St,,30.449707,-84.306685,30,,N,W TENNESSEE ST.,,5,14,1,EC2
89141715,2019,2019-06-12 15:30,2,2,Miccosukee Rd,,30.449598,-84.273193,66,,N,WILSON AVE,,4,14,1,EC2
89140753,2019,2019-05-02 10:03,2,8,High Rd,,30.449565,-84.313506,155,,N,W TENNESSEE ST,,5,14,1,EC2
89140493,2019,2019-04-23 17:00,2,2,Basin St,,30.449564,-84.306703,158,,N,W TENNESSEE ST,,5,14,1,EC2
89140200,2019,2019-04-13 15:34,2,2,High Rd,,30.449532,-84.313514,143,,N,W TENNESSEE ST,,5,14,1,EC2
89140592,2019,2019-04-27 12:12,2,2,Basin St,,30.449504,-84.306702,136,,N,W TENNESSEE ST,,5,14,1,EC2
89140294,2019,2019-04-17 13:19,2,2,N Monroe St,,30.449502,-84.280615,150,,N,E BREVARD ST,,2,14,1,EC2
89140005,2019,2019-04-07 07:35,2,3,WILSON AVE,,30.449452,-84.273398,,,,MICCOSUKEE RD,,5,14,1,EC2
89142027,2019,2019-06-24 22:10,2,2,Miccosukee Rd,,30.449452,-84.273384,11,,S,WILSON AVE,,5,14,1,EC2
89140764,2019,2019-05-02 16:09,3,6,White Dr,,30.449393,-84.326259,1,,N,HORNE AVE,,5,14,1,EC2
89140309,2019,2019-04-17 16:57,2,2,W Brevard St,540,30.449256,-84.289947,,,,,,9,14,2,EC2
89139943,2019,2019-04-05 12:48,2,4,W Tennessee St,,30.449196,-84.313091,129,,E,HIGH RD,,2,14,1,EC2
89139944,2019,2019-04-05 13:56,2,2,High Rd,,30.44918,-84.313456,,,,W TENNESSEE ST,,5,14,1,EC2
89140332,2019,2019-04-18 16:07,2,2,W Tennessee St,1650,30.449165,-84.308571,278,,W,CAMPUS CIR,,5,14,1,EC2
89141214,2019,2019-05-20 13:15,3,4,W Tennessee St,,30.449163,-84.31528,197,,E,OCALA RD,,2,14,1,EC2
89141074,2019,2019-05-14 20:25,2,2,W Tennessee St,,30.449156,-84.309588,79,,E,CALIARK ST,,3,14,1,EC2
89140096,2019,2019-04-09 17:55,3,3,Miccosukee Rd,,30.449153,-84.273604,40,,N,E BREVARD ST,,4,14,1,EC2
89141008,2019,2019-05-11 18:55,2,2,W Tennessee St,,30.449152,-84.313952,142,,W,HIGH RD,,4,14,1,EC2
89141969,2019,2019-06-22 10:18,2,2,W Tennessee St,,30.449146,-84.306532,62,,E,BASIN ST,,5,14,1,EC2
89140656,2019,2019-04-29 08:50,2,2,W Tennessee St,,30.449133,-84.309879,,,,CALIARK ST,,2,14,1,EC2
89142145,2019,2019-06-30 22:39,2,2,W Tennessee St,,30.449132,-84.305853,276,,E,BASIN ST,,2,14,1,EC2
89140220,2019,2019-04-15 09:28,2,2,N Monroe St,,30.449131,-84.280682,,,,E BREVARD ST,,5,14,1,EC2
89140649,2019,2019-04-27 21:13,2,4,W Tennessee St,,30.44913,-84.30631,132,,W,BASIN ST,,5,14,1,EC2
89141067,2019,2019-05-14 15:28,2,3,W Tennessee St,,30.449124,-84.312847,206,,E,HIGH RD,,3,14,1,EC2
89139828,2019,2019-04-01 20:10,2,3,CALIARK ST,,30.44912,-84.309858,,,,W TENNESSEE ST,,3,14,1,EC2
89140447,2019,2019-04-22 12:05,2,2,CALIARK ST,,30.449119,-84.30983,8,,S,W TENNESSEE ST,,5,14,1,EC2
89140826,2019,2019-05-04 16:20,2,2,W Tennessee St,,30.449115,-84.313443,,,,HIGH RD,,2,14,1,EC2
89140378,2019,2019-04-19 19:37,2,3,W Tennessee St,,30.44911,-84.30997,,,E,CALIARK ST,,3,14,1,EC2
89140838,2019,2019-05-04 22:41,2,4,N Gadsden St,,30.44911,-84.278337,7,,S,E BREVARD ST,,5,14,1,EC2
89140293,2019,2019-04-17 13:40,2,2,E BREVARD ST,,30.449105,-84.279568,,,,N CALHOUN ST,,5,14,1,EC2
89140456,2019,2019-04-22 17:59,2,4,W Tennessee St,,30.449104,-84.311002,366,,W,CALIARK ST,,2,14,1,EC2
89140491,2019,2019-04-23 18:32,2,4,E BREVARD ST,,30.4491,-84.279015,189,,E,N CALHOUN ST,,5,14,1,EC2
89140562,2019,2019-04-26 13:03,2,4,W Tennessee St,,30.449097,-84.313434,,,,HIGH RD,,2,14,1,EC2
89142020,2019,2019-06-25 11:55,2,2,W Tennessee St,,30.449097,-84.30652,,,,BASIN ST,,2,14,1,EC2
89140247,2019,2019-04-15 19:36,3,4,W Tennessee St,,30.449096,-84.306166,178,,E,BASIN ST,,2,14,1,EC2
89140665,2019,2019-04-29 09:35,2,2,E BREVARD ST,,30.449093,-84.279579,,,,N CALHOUN ST,,5,14,1,EC2
89141689,2019,2019-06-11 02:30,2,3,W Tennessee St,,30.449091,-84.315749,48,,E,OCALA RD,,3,14,1,EC2
89142032,2019,2019-06-25 16:53,2,2,E BREVARD ST,,30.449089,-84.279584,,,,N CALHOUN ST,,5,14,1,EC2
89141702,2019,2019-06-11 13:35,2,2,W Tennessee St,,30.449083,-84.31543,148,,E,OCALA RD,,5,14,1,EC2
89141102,2019,2019-05-15 22:10,2,3,N Bronough St,,30.449082,-84.284362,,,,W BREVARD ST,,5,14,1,EC2
89140422,2019,2019-04-20 01:55,2,4,W Tennessee St,,30.449081,-84.306522,,,,STADIUM DR,,5,14,1,EC2
89140772,2019,2019-05-02 19:17,2,3,W Brevard St,,30.449076,-84.289077,,,,N MACOMB ST,,5,14,1,EC2
89142052,2019,2019-06-26 15:58,2,3,E BREVARD ST,,30.449072,-84.279619,,,,N CALHOUN ST,,5,14,1,EC2
89139893,2019,2019-04-03 18:30,3,3,W Brevard St,,30.449069,-84.285917,58,,E,AQUILINA HOWELL ALWY,,5,14,1,EC2
89141816,2019,2019-06-16 16:54,2,2,W Tennessee St,,30.449066,-84.306629,,,,STADIUM DR,,2,14,1,EC2
89141949,2019,2019-06-21 15:40,2,2,N Monroe St,,30.449066,-84.280667,,,,E BREVARD ST,,2,14,1,EC2
89141301,2019,2019-05-24 15:30,2,2,N Monroe St,,30.449064,-84.280672,,,,E BREVARD ST,,5,14,1,EC2
89140243,2019,2019-04-15 17:45,2,4,W Brevard St,,30.449058,-84.293964,,,,N DEWEY ST,,5,14,1,EC2
89140859,2019,2019-05-05 15:52,3,3,W Brevard St,,30.449058,-84.297937,48,,E,N WOODWARD AVE,,5,14,1,EC2
89141818,2019,2019-06-16 17:59,2,2,W Brevard St,,30.449056,-84.28924,,,,N MACOMB ST,,5,14,1,EC2
89141567,2019,2019-06-05 17:27,2,2,W Brevard St,,30.449054,-84.294089,34,,W,N DEWEY ST,,5,14,1,EC2
89139807,2019,2019-04-01 18:13,2,2,W Brevard St,,30.449048,-84.29081,,,,N COPELAND ST,,5,14,1,EC2
89140525,2019,2019-04-25 10:23,2,3,W Tennessee St,,30.449046,-84.305433,161,,W,WADSWORTH ST,,3,14,1,EC2
89139846,2019,2019-04-02 14:15,2,4,N Duval St,,30.449041,-84.283114,,,,W BREVARD ST,,5,14,1,EC2
89140045,2019,2019-04-09 09:50,2,2,W Tennessee St,,30.449038,-84.307845,39,,W,CONRADI ST,,5,14,1,EC2
89140737,2019,2019-05-01 19:53,2,3,W Tennessee St,,30.449035,-84.307227,100,,W,STADIUM DR,,2,14,1,EC2
89141807,2019,2019-06-16 02:42,3,7,W Tennessee St,,30.449035,-84.30673,,,,STADIUM DR,,3,14,1,EC2
89140811,2019,2019-05-03 14:08,2,3,W Tennessee St,,30.449013,-84.306501,25,,S,STADIUM DR,,2,14,1,EC2
89141982,2019,2019-06-21 15:18,2,3,W Tennessee St,,30.449008,-84.309397,136,,E,CALIARK ST,,2,14,1,EC2
89140785,2019,2019-05-03 01:54,3,5,W Tennessee St,,30.449005,-84.306671,,,,STADIUM DR,,3,14,1,EC2
89141274,2019,2019-05-22 15:33,2,4,W Tennessee St,,30.449004,-84.313437,,,,HIGH RD,,2,14,1,EC2
89139848,2019,2019-04-02 14:52,2,2,W Tennessee St,,30.449001,-84.307463,,,,CONRADI ST,,5,14,1,EC2
89141365,2019,2019-05-28 13:09,2,3,W Tennessee St,,30.448999,-84.311622,355,,E,W CALL ST,,5,14,1,EC2
89141219,2019,2019-05-20 18:45,2,4,W Tennessee St,,30.448993,-84.312573,56,,E,W CALL ST,,2,14,1,EC2
89141878,2019,2019-06-18 20:10,3,5,W Tennessee St,,30.448987,-84.313452,,,,HIGH RD,,3,14,1,EC2
89141757,2019,2019-06-13 20:13,2,2,W Tennessee St,,30.448984,-84.306796,,,,STADIUM DR,,3,14,1,EC2
89140145,2019,2019-04-12 12:43,2,2,W Tennessee St,,30.448982,-84.310048,69,,W,CALIARK ST,,2,14,1,EC2
89140400,2019,2019-04-20 14:13,2,2,W Tennessee St,,30.448982,-84.309859,,,,CALIARK ST,,2,14,1,EC2
89140619,2019,2019-04-28 00:07,2,3,W Tennessee St,,30.448974,-84.309247,184,,E,CALIARK ST,,3,14,1,EC2
89141937,2019,2019-06-20 23:17,2,3,WADSWORTH ST,,30.448974,-84.304905,,,,W TENNESSEE ST,,3,14,1,EC2
89141785,2019,2019-06-15 03:36,2,2,W Tennessee St,,30.448968,-84.312674,,,,W CALL ST,,2,14,1,EC2
89140318,2019,2019-04-18 10:59,2,2,W Tennessee St,,30.44896,-84.312723,,,,W CALL ST,,2,14,1,EC2
89142044,2019,2019-06-24 15:13,4,7,W Tennessee St,,30.448958,-84.307106,93,,W,STADIUM DR,,2,14,1,EC2
89142065,2019,2019-06-27 12:45,2,2,W Tennessee St,,30.448957,-84.306513,56,,E,STADIUM DR,,3,14,1,EC2
89139899,2019,2019-04-02 21:47,2,2,W Tennessee St,,30.448953,-84.309183,180,,W,WHITEHALL ST,,5,14,1,EC2
89140009,2019,2019-04-07 12:00,2,2,W Tennessee St,,30.448952,-84.305382,144,,W,WADSWORTH ST,,2,14,1,EC2
89141110,2019,2019-05-16 09:09,2,2,W Tennessee St,1900,30.448936,-84.315128,400,,W,HIGH RD,,2,14,1,EC2
89140123,2019,2019-04-11 17:23,2,2,W Tennessee St,,30.44892,-84.305056,41,,W,WADSWORTH ST,,3,14,1,EC2
89141345,2019,2019-05-27 15:40,2,2,W Tennessee St,,30.448896,-84.313449,,,,HIGH RD,,5,14,1,EC2
89140169,2019,2019-04-13 01:48,2,2,Stadium Dr,,30.448891,-84.306658,,,S,W TENNESSEE ST,,5,14,1,EC2
89140405,2019,2019-04-20 15:59,3,3,N Monroe St,,30.448853,-84.28065,86,,S,E BREVARD ST,,2,14,1,EC2
89141047,2019,2019-05-13 20:32,2,3,W Brevard St,,30.448853,-84.304072,,,,W TENNESSEE ST,,2,14,1,EC2
89141119,2019,2019-05-16 12:35,2,2,W Tennessee St,,30.448837,-84.303877,66,,E,W BREVARD ST,,5,14,1,EC2
89139821,2019,2019-04-01 15:44,2,2,W Tennessee St,,30.448795,-84.316782,96,,E,OCALA RD,,5,14,1,EC2
89140550,2019,2019-04-26 01:08,2,5,WHITEHALL ST,,30.448794,-84.308675,68,,S,W TENNESSEE ST,,5,14,1,EC2
89141454,2019,2019-05-31 18:33,3,2,W Tennessee St,1935,30.448704,-84.315456,,,,,,9,14,8,EC2
89142098,2019,2019-06-28 14:42,2,2,W Tennessee St,,30.448695,-84.311422,,,,,,9,14,8,EC2
89140588,2019,2019-04-27 03:15,2,2,W Tennessee St,,30.448659,-84.317179,,,,OCALA RD,,5,14,1,EC2
89140583,2019,2019-04-27 00:53,2,3,N Macomb St,,30.448642,-84.28881,189,,S,W BREVARD ST,,5,14,1,EC2
89139947,2019,2019-04-05 13:03,3,3,W Call St,,30.448627,-84.312169,177,,E,W TENNESSEE ST,,5,14,1,EC2
89141369,2019,2019-05-28 14:15,2,4,W Tennessee St,,30.448599,-84.316785,93,,E,OCALA RD,,5,14,1,EC2
89140866,2019,2019-05-06 16:00,2,5,W Tennessee St,,30.448591,-84.317391,62,,W,OCALA RD,,4,14,1,EC2
89140760,2019,2019-05-02 12:22,2,2,W Tennessee St,1775,30.44855,-84.310303,,,,,,9,14,8,EC2
89142137,2019,2019-06-30 13:19,2,3,W Tennessee St,,30.448542,-84.31694,,,,OCALA RD,,2,14,1,EC2
89139833,2019,2019-04-02 07:45,2,2,W Call St,,30.44854,-84.31195,253,,E,W TENNESSEE ST,,5,14,1,EC2
89142092,2019,2019-06-28 10:50,2,2,W Tennessee St,,30.448489,-84.302704,456,,E,W BREVARD ST,,3,14,1,EC2
89140780,2019,2019-05-02 21:38,2,2,W Tennessee St,,30.448426,-84.317631,158,,W,OCALA RD,,4,14,1,EC2
89141031,2019,2019-05-13 07:39,2,4,W Tennessee St,,30.448424,-84.317302,36,,W,OCALA RD,,2,14,1,EC2
89140865,2019,2019-05-05 16:00,2,5,W Tennessee St,,30.448423,-84.31772,182,,W,OCALA RD,,4,14,1,EC2
89141235,2019,2019-05-21 13:31,2,2,Ocala Rd,,30.44842,-84.317043,44,,S,W TENNESSEE ST,,5,14,1,EC2
89140100,2019,2019-04-11 08:30,2,2,E Tennessee St,,30.448397,-84.260515,252,,W,BROOKWOOD DR,,2,14,1,EC2
89141378,2019,2019-05-28 18:05,2,2,Ocala Rd,,30.448395,-84.317235,,,,W TENNESSEE ST,,5,14,1,EC2
89141022,2019,2019-05-12 15:05,2,2,N Macomb St,,30.448357,-84.288737,144,,N,W GEORGIA ST,,5,14,1,EC2
89140972,2019,2019-05-10 01:04,2,3,W Tennessee St,,30.44827,-84.317548,13,,E,OCALA RD,,5,14,1,EC2
89141798,2019,2019-06-15 18:12,2,5,CONRADI ST,,30.448268,-84.307776,77,,S,SLUSHER ST,,5,14,3,EC2
89141237,2019,2019-05-21 14:05,2,2,Miccosukee Rd,,30.448254,-84.274501,,,,E GEORGIA ST,,5,14,1,EC2
89141576,2019,2019-06-06 09:56,2,2,W Tennessee St,,30.448248,-84.317597,,,,OCALA RD,,2,14,1,EC2
89140271,2019,2019-04-16 13:04,2,5,Miccosukee Rd,,30.448239,-84.274548,16,,W,E GEORGIA ST,,5,14,1,EC2
89139777,2019,2019-04-01 10:44,2,2,N Monroe St,,30.448194,-84.280612,67,,N,E GEORGIA ST,,5,14,1,EC2
89140594,2019,2019-04-27 11:41,2,2,N Magnolia Dr,411,30.448179,-84.262401,,,,,,9,14,8,EC2
89140344,2019,2019-04-18 08:26,3,3,W Tennessee St,,30.448155,-84.31777,68,,W,OCALA RD,,5,14,1,EC2
89140282,2019,2019-04-16 16:52,2,2,W Tennessee St,,30.448132,-84.317728,63,,W,OCALA RD,,2,14,1,EC2
89141489,2019,2019-06-03 09:42,2,1,W Tennessee St,,30.448103,-84.314284,,,,,,9,14,8,EC2
89141964,2019,2019-06-21 22:30,2,5,N Gadsden St,,30.448088,-84.278334,,,,E GEORGIA ST,,5,14,1,EC2
89142072,2019,2019-06-27 09:45,2,2,E GEORGIA ST,,30.448032,-84.279577,3,,S,N CALHOUN ST,,5,14,1,EC2
89141491,2019,2019-06-03 10:01,2,3,E GEORGIA ST,,30.448027,-84.280707,,,,N MONROE ST,,5,14,1,EC2
89140981,2019,2019-05-10 16:12,2,3,N Calhoun St,,30.448023,-84.279596,,,,E GEORGIA ST,,5,14,1,EC2
89140053,2019,2019-04-09 14:13,2,2,Mahan Dr,,30.448021,-84.26149,200,,E,MAGNOLIA DR,,5,14,1,EC2
89141125,2019,2019-05-16 13:20,2,2,E GEORGIA ST,,30.448009,-84.278339,,,,N GADSDEN ST,,5,14,1,EC2
89141430,2019,2019-05-30 17:20,2,2,N Calhoun St,,30.448009,-84.279594,,,,E GEORGIA ST,,5,14,1,EC2
89140326,2019,2019-04-18 13:20,2,3,W GEORGIA ST,,30.448008,-84.284345,,,,N BRONOUGH ST,,5,14,1,EC2
89141310,2019,2019-05-24 22:39,2,3,W GEORGIA ST,,30.448005,-84.285635,,,,N M L KING JR BLVD,,5,14,1,EC2
89141150,2019,2019-05-17 12:30,2,2,E GEORGIA ST,,30.448002,-84.281965,,,,N ADAMS ST,,5,14,1,EC2
89140597,2019,2019-04-27 12:46,2,2,N Gadsden St,,30.447985,-84.278327,9,,S,E GEORGIA ST,,5,14,1,EC2
89140874,2019,2019-05-06 14:13,2,2,N Gadsden St,,30.447963,-84.278348,17,,S,E GEORGIA ST,,5,14,1,EC2
89140974,2019,2019-05-10 12:56,2,2,W Tennessee St,,30.44794,-84.301841,779,,E,W BREVARD ST,,2,14,1,EC2
89140367,2019,2019-04-19 14:13,3,3,N Magnolia Dr,,30.447933,-84.262618,101,,N,E TENNESSEE ST,,5,14,1,EC2
89141588,2019,2019-06-06 17:16,2,2,W Tennessee St,,30.447931,-84.327694,24,,W,DIXIE DR,,5,14,1,EC2
89140046,2019,2019-04-09 10:25,2,2,CONRADI ST,532,30.447886,-84.308028,,,,,,9,14,1,EC2
89140510,2019,2019-04-24 15:11,3,5,Dixie Dr,,30.447791,-84.327619,,,,W TENNESSEE ST,,5,14,1,EC2
89140324,2019,2019-04-18 13:55,2,3,Dixie Dr,,30.447724,-84.327592,20,,N,W TENNESSEE ST,,5,14,1,EC2
89140256,2019,2019-04-15 21:38,2,3,W Tennessee St,,30.447715,-84.318554,361,,W,OCALA RD,,2,14,4,EC2
89140258,2019,2019-04-16 08:01,2,3,Dixie Dr,,30.447655,-84.327636,,,,W TENNESSEE ST,,2,14,1,EC2
89140512,2019,2019-04-24 15:42,2,2,W Tennessee St,,30.447619,-84.318477,364,,W,OCALA RD,,5,14,1,EC2
89141207,2019,2019-05-20 06:54,2,3,W Tennessee St,,30.447614,-84.318567,387,,W,OCALA RD,,2,14,1,EC2
89140372,2019,2019-04-19 18:00,2,3,N Gadsden St,,30.447547,-84.278304,169,,S,E GEORGIA ST,,5,14,1,EC2
85871807,2019,2019-04-01 08:56,2,2,EAST TENNESSEE STREET,,30.447514,-84.262026,,,,MAGNOLIA DRIVE,,2,14,1,PR2
89141001,2019,2019-05-11 13:51,2,2,N Magnolia Dr,,30.447505,-84.262338,36,,S,E TENNESSEE ST,,3,14,1,EC2
89139887,2019,2019-04-03 15:30,2,2,W Tennessee St,,30.447472,-84.327212,147,,E,DIXIE DR,,5,14,1,EC2
89141912,2019,2019-06-20 08:05,2,2,E Tennessee St,,30.447472,-84.2627,100,,W,N MAGNOLIA DR,,5,14,1,EC2
89139885,2019,2019-04-03 17:48,3,4,E Tennessee St,,30.447463,-84.262718,107,,W,N MAGNOLIA DR,,2,14,1,EC2
89140362,2019,2019-04-19 12:00,2,2,W Call St,,30.447458,-84.308641,,,,WHITEHALL ST,,5,14,1,EC2
89141014,2019,2019-05-12 15:15,2,3,White Dr,,30.447431,-84.326227,,,,W TENNESSEE ST,,5,14,1,EC2
89140787,2019,2019-05-03 08:23,2,4,E Tennessee St,,30.447423,-84.262844,150,,W,N MAGNOLIA DR,,2,14,1,EC2
89140983,2019,2019-05-10 17:53,2,2,White Dr,,30.447352,-84.326247,,,,W TENNESSEE ST,,5,14,1,EC2
89141137,2019,2019-05-16 15:46,2,3,N Macomb St,,30.447339,-84.2886,160,,N,W CAROLINA ST,,4,14,1,EC2
89141154,2019,2019-05-17 14:16,2,4,White Dr,,30.447332,-84.326265,,,,W TENNESSEE ST,,5,14,1,EC2
89140560,2019,2019-04-26 12:56,2,3,White Dr,,30.447282,-84.326215,,,,W TENNESSEE ST,,2,14,1,EC2
89141382,2019,2019-05-28 17:57,4,5,W Tennessee St,,30.447243,-84.300206,680,,W,N WOODWARD AVE,,5,14,1,EC2
89141720,2019,2019-06-12 18:06,2,3,UNNAMED RD,,30.447215,-84.275667,103,,S,MICCOSUKEE RD,,5,14,1,EC2
89141140,2019,2019-05-16 23:34,2,4,W Tennessee St,,30.447181,-84.326691,201,,W,WHITE DR,,3,14,1,EC2
89141582,2019,2019-06-06 10:00,2,2,W Tennessee St,,30.44714,-84.32614,,,,WHITE DR,,2,14,1,EC2
89140899,2019,2019-05-07 09:27,2,3,W Tennessee St,,30.447102,-84.326067,,,,WHITE DR,,3,14,1,EC2
89141774,2019,2019-06-14 13:50,2,2,W Tennessee St,,30.447023,-84.326333,75,,W,WHITE DR,,5,14,1,EC2
89297505,2019,2019-06-22 12:40,2,3,W Tennessee St,,30.446986,-84.326282,55,,W,WHITE DR,,2,14,1,EC2
89141408,2019,2019-05-29 17:26,2,2,E CAROLINA ST,,30.446914,-84.279591,,,,N CALHOUN ST,,5,14,1,EC2
89140520,2019,2019-04-23 16:40,3,5,Appleyard Dr,,30.446905,-84.337986,871,,N,EAGLE PINES CONDOMINIUMS,,5,14,1,EC2
89142006,2019,2019-06-24 15:10,2,2,W Carolina St,,30.446899,-84.284346,,,,N BRONOUGH ST,,5,14,1,EC2
89141439,2019,2019-05-31 10:45,2,3,W Carolina St,,30.446897,-84.284372,7,,W,N BRONOUGH ST,,5,14,1,EC2
89141904,2019,2019-06-19 20:16,3,5,N Bronough St,,30.446884,-84.284332,,,,W CAROLINA ST,,5,14,1,EC2
89140102,2019,2019-04-11 10:50,2,2,W Tennessee St,,30.446881,-84.326068,,,,WHITE DR,,5,14,1,EC2
89140347,2019,2019-04-13 14:00,2,46,N Gadsden St,,30.44688,-84.278306,18,,S,E CAROLINA ST,,5,14,1,EC2
89142015,2019,2019-06-25 08:56,2,2,White Dr,,30.446858,-84.326091,,,,W TENNESSEE ST,,2,14,1,EC2
89140667,2019,2019-04-29 07:30,2,2,N Gadsden St,,30.446833,-84.278302,36,,S,E CAROLINA ST,,5,14,1,EC2
89140345,2019,2019-04-18 20:37,2,3,W Tennessee St,,30.446817,-84.319837,750,,E,AMELIA CIR,,2,14,1,EC2
89141308,2019,2019-05-24 10:30,3,3,W Tennessee St,,30.446812,-84.32542,118,,W,AMELIA CIR,,3,14,1,EC2
89141652,2019,2019-06-10 15:33,2,3,Stadium Dr,,30.446755,-84.306573,,,,W CALL ST,,5,14,1,EC2
89140129,2019,2019-04-11 20:27,2,6,W Tennessee St,,30.446714,-84.325274,61,,W,AMELIA CIR,,2,14,1,EC2
89141295,2019,2019-05-24 11:45,2,2,W Tennessee St,,30.446664,-84.325658,9,,W,WHITE DR,,5,14,1,EC2
89139784,2019,2019-04-01 13:00,2,2,W Tennessee St,,30.446643,-84.299307,309,,W,N WOODWARD AVE,,5,14,1,EC2
89139783,2019,2019-04-01 13:09,2,3,Appleyard Dr,445,30.446628,-84.337816,347,,S,THE LANDING AT APPLEYARD,,5,14,1,EC2
89141445,2019,2019-05-31 13:50,2,4,Appleyard Dr,,30.446619,-84.337921,,,,TCC BUS LOOP,,4,14,1,EC2
89141302,2019,2019-05-24 17:10,2,6,W Tennessee St,,30.446608,-84.320535,491,,E,AMELIA CIR,,5,14,1,EC2
89140159,2019,2019-04-12 18:05,2,2,W Tennessee St,,30.446588,-84.298874,198,,W,N WOODWARD AVE,,3,14,1,EC2
89140884,2019,2019-05-06 17:40,2,4,Capital Circle NE,,30.44658,-84.226451,40,,S,CRESCENT DR,,2,14,1,EC2
89140770,2019,2019-05-02 18:04,2,4,White Dr,,30.446433,-84.325969,23,,S,W TENNESSEE ST,,5,14,1,EC2
89140411,2019,2019-04-20 18:13,2,2,STONEY CREEK WAY,,30.446346,-84.179856,,,,PEDRICK RD,,5,14,1,EC2
89141826,2019,2019-06-17 06:50,2,2,W Virginia St,,30.446289,-84.294067,,,,N DEWEY ST,,5,14,1,EC2
89141153,2019,2019-05-17 12:59,2,4,W Tennessee St,,30.446238,-84.298113,,,,N WOODWARD AVE,,2,14,1,EC2
89140467,2019,2019-04-23 08:03,4,5,E Tennessee St,,30.446199,-84.266544,313,,W,SHORT ST,,5,14,1,EC2
89140964,2019,2019-05-09 17:39,2,2,W Tennessee St,,30.44619,-84.298013,,,,N WOODWARD AVE,,5,14,1,EC2
89141172,2019,2019-05-17 17:27,3,3,Ocala Rd,,30.446168,-84.317206,265,,N,HERITAGE GROVE CIR,,5,14,1,EC2
89141682,2019,2019-06-11 08:18,2,4,N Macomb St,435,30.446115,-84.287874,,,,,,9,14,8,EC2
89139795,2019,2019-04-01 16:30,2,2,N Gadsden St,,30.445987,-84.278361,,,,E VIRGINIA ST,,5,14,1,EC2
89140759,2019,2019-05-02 12:50,2,2,N Monroe St,,30.445918,-84.280706,39,,N,E VIRGINIA ST,,2,14,1,EC2