report_number,crash_year,crash_date_time,total_number_of_vehicles,total_number_of_persons,on_street_road_highway,street_address_number,latitude,longitude,feet_from_intersection,miles_from_intersection,direction_from_intersection,from_intersection_of,from_milepost_number,road_system_identifier,first_harmful_event,harmful_event_location,other1
88592890,2019,2019-04-12 12:28,2,3,N Woodward Ave,,30.445886,-84.2981,28,,N,W TENNESSEE ST,,5,14,1,EC2
89141264,2019,2019-05-22 17:40,2,3,E Tennessee St,,30.445885,-84.267527,431,,E,HILLCREST ST,,5,14,1,EC2
89141123,2019,2019-05-16 14:46,2,2,N Bronough St,,30.445843,-84.284308,,,,W VIRGINIA ST,,5,14,1,EC2
89141930,2019,2019-06-20 17:57,2,3,N Bronough St,,30.445828,-84.284342,,,,W VIRGINIA ST,,5,14,1,EC2
89141642,2019,2019-06-09 14:59,2,2,E Virginia St,,30.445821,-84.280688,,,,N MONROE ST,,2,14,1,EC2
89141498,2019,2019-06-03 12:42,2,4,E Virginia St,,30.445814,-84.279621,,,,N CALHOUN ST,,5,14,1,EC2
89140226,2019,2019-04-15 12:04,2,2,E Virginia St,,30.445809,-84.279616,5,,W,N CALHOUN ST,,5,14,1,EC2
89140841,2019,2019-05-04 16:36,2,5,W Virginia St,,30.445806,-84.288542,4,,W,N MACOMB ST,,5,14,1,EC2
89142048,2019,2019-06-26 15:29,2,4,W Virginia St,,30.445803,-84.284354,,,,N BRONOUGH ST,,5,14,1,EC2
89140471,2019,2019-04-23 10:55,2,3,E Virginia St,,30.445801,-84.279615,,,,N CALHOUN ST,,5,14,1,EC2
89139995,2019,2019-04-06 22:53,2,5,N Duval St,,30.445792,-84.283091,,,,W VIRGINIA ST,,5,14,1,EC2
89139880,2019,2019-04-03 14:34,2,2,Ocala Rd,800,30.445754,-84.318103,,,,,,9,14,2,EC2
89142149,2019,2019-06-30 20:40,2,2,N Duval St,,30.44572,-84.283076,,,,W VIRGINIA ST,,5,14,1,EC2
89140155,2019,2019-04-12 15:45,2,3,W Tennessee St,2201,30.445691,-84.322999,,,,,,9,14,8,EC2
89140502,2019,2019-04-24 13:03,2,2,N Calhoun St,,30.445487,-84.27959,114,,S,E VIRGINIA ST,,5,14,1,EC2
89141307,2019,2019-05-25 00:03,2,3,Ocala Rd,,30.445456,-84.317229,,,,HERITAGE GROVE CIR,,5,14,1,EC2
87511840,2019,2019-04-23 14:18,2,2,TCC PARKING LOT A,,30.44542,-84.33878,,,,,,9,14,8,EC2
87511841,2019,2019-05-16 19:05,2,2,TCC Parking Lot A,,30.44542,-84.33878,,,,,,9,14,8,EC2
87511821,2019,2019-06-27 11:42,2,2,TCC Parking Lot A,,30.44542,-84.33878,,,,,,9,14,8,EC2
89141859,2019,2019-06-18 13:38,2,4,Ocala Rd,,30.445364,-84.317051,,,,HERITAGE GROVE CIR,,5,14,1,EC2
89140472,2019,2019-04-22 14:27,2,2,N Calhoun St,,30.445341,-84.279573,167,,S,E VIRGINIA ST,,5,14,1,EC2
89140153,2019,2019-04-12 14:00,2,2,TENN ST,,30.445228,-84.321765,,,S,TENNESSEE ST W,,5,14,2,EC2
89140975,2019,2019-05-10 13:33,3,5,N Calhoun St,,30.445223,-84.279574,187,,N,E TENNESSEE ST,,5,14,1,EC2
89141070,2019,2019-05-14 17:40,2,2,N Monroe St,,30.445173,-84.28062,172,,N,E TENNESSEE ST,,5,14,1,EC2
89140001,2019,2019-04-07 03:23,2,5,Ocala Rd,,30.445084,-84.317054,90,,S,HERITAGE GROVE CIR,,5,14,1,EC2
89140568,2019,2019-04-26 15:53,2,2,N Calhoun St,,30.445054,-84.27961,125,,N,E TENNESSEE ST,,5,14,1,EC2
89140109,2019,2019-04-11 13:05,2,2,N Magnolia Dr,,30.445048,-84.261891,463,,N,E CALL ST,,5,14,1,EC2
89140629,2019,2019-04-28 11:30,2,2,N Monroe St,,30.445033,-84.280731,121,,N,E TENNESSEE ST,,2,14,1,EC2
89142107,2019,2019-06-29 01:27,2,3,N DEWEY ST,,30.445008,-84.293995,108,,N,W TENNESSEE ST,,5,14,1,EC2
89141585,2019,2019-06-06 13:20,2,2,N Magnolia Dr,,30.445,-84.261855,445,,N,E CALL ST,,3,14,1,EC2
89140306,2019,2019-04-17 14:47,2,1,W Tennessee St,608,30.444947,-84.291079,,,,,,9,14,8,EC2
89140645,2019,2019-04-28 18:29,2,3,N Monroe St,,30.444925,-84.28063,82,,N,E TENNESSEE ST,,5,14,1,EC2
89140861,2019,2019-05-05 21:25,2,4,W Tennessee St,,30.444906,-84.295527,503,,W,N DEWEY ST,,3,14,1,EC2
89139992,2019,2019-04-06 19:40,2,4,N Monroe St,,30.444872,-84.2807,63,,N,E TENNESSEE ST,,2,14,1,EC2
89139856,2019,2019-04-02 21:13,2,3,Stadium Dr,,30.44487,-84.306455,561,,S,W CALL ST,,5,14,1,EC2
89140085,2019,2019-04-10 16:00,2,2,N Monroe St,,30.44486,-84.28069,58,,N,E TENNESSEE ST,,2,14,1,EC2
89141522,2019,2019-06-04 08:27,2,3,N Monroe St,,30.444858,-84.280664,58,,N,E TENNESSEE ST,,2,14,1,EC2
89140210,2019,2019-04-14 15:12,2,2,E Tennessee St,,30.444786,-84.280207,149,,E,N MONROE ST,,5,14,1,EC2
89140321,2019,2019-04-18 10:52,2,2,W Tennessee St,,30.444779,-84.284503,39,,W,N BRONOUGH ST,,2,14,1,EC2
89140043,2019,2019-04-09 08:30,2,2,N Bronough St,,30.444778,-84.28435,,,,W TENNESSEE ST,,5,14,1,EC2
89140077,2019,2019-04-10 10:28,2,2,W Tennessee St,,30.444777,-84.288314,71,,E,N MACOMB ST,,5,14,1,EC2
89141942,2019,2019-06-21 07:55,2,2,W Tennessee St,,30.444777,-84.291039,53,,W,N COPELAND ST,,2,14,1,EC2
89141719,2019,2019-06-12 17:18,2,2,E Tennessee St,,30.444771,-84.275144,,,,,,9,14,1,EC2
89141444,2019,2019-05-31 13:49,2,2,N Copeland St,,30.444769,-84.290903,29,,N,W TENNESSEE ST,,2,14,1,EC2
89141470,2019,2019-06-01 16:31,2,2,W Tennessee St,,30.444768,-84.289582,328,,W,N MACOMB ST,,2,14,1,EC2
89139981,2019,2019-04-06 12:40,2,7,W Tennessee St,,30.444764,-84.285611,,,E,N M L KING JR BLVD,,2,14,1,EC2
89140720,2019,2019-05-01 14:10,2,2,E Tennessee St,,30.444764,-84.281265,184,,W,N MONROE ST,,2,14,1,EC2
89142139,2019,2019-06-30 15:00,2,2,N Magnolia Dr,,30.444763,-84.261644,357,,N,E CALL ST,,5,14,1,EC2
89140607,2019,2019-04-27 15:18,4,6,E Tennessee St,,30.444761,-84.276771,101,,E,N MERIDIAN ST,,5,14,1,EC2
89139888,2019,2019-04-03 20:22,2,2,W Tennessee St,,30.444754,-84.293962,,,,N DEWEY ST,,2,14,1,EC2
89139935,2019,2019-04-04 23:33,2,2,W Tennessee St,,30.444749,-84.288422,,,,N MACOMB ST,,3,14,1,EC2
89141101,2019,2019-05-15 23:06,2,3,W Tennessee St,,30.444746,-84.293685,93,,E,N DEWEY ST,,2,14,1,EC2
89141225,2019,2019-05-21 07:47,2,2,E Tennessee St,,30.444744,-84.2813,195,,W,N MONROE ST,,2,14,1,EC2
89141062,2019,2019-05-14 13:23,2,2,N Gadsden St,,30.444742,-84.278314,,,,E TENNESSEE ST,,5,14,1,EC2
89139824,2019,2019-04-01 18:30,2,3,W Tennessee St,,30.444741,-84.288477,,,,N MACOMB ST,,3,14,1,EC2
89141594,2019,2019-06-06 22:49,2,3,W Tennessee St,,30.444741,-84.291796,292,,W,N COPELAND ST,,2,14,1,EC2
89139905,2019,2019-04-04 09:11,2,2,W Tennessee St,,30.44474,-84.288298,76,,E,N MACOMB ST,,5,14,1,EC2
89141256,2019,2019-05-22 11:14,2,2,W Tennessee St,,30.444739,-84.28587,75,,W,N M L KING JR BLVD,,2,14,1,EC2
89141877,2019,2019-06-18 18:22,2,3,W Tennessee St,,30.444739,-84.287165,433,,E,N MACOMB ST,,3,14,1,EC2
89140638,2019,2019-04-28 16:01,3,9,W Tennessee St,,30.444735,-84.292001,242,,E,RAVEN ST,,2,14,1,EC2
89141208,2019,2019-05-20 07:57,2,2,W Tennessee St,,30.444735,-84.293727,79,,E,N DEWEY ST,,2,14,1,EC2
89141994,2019,2019-06-22 22:12,2,2,W Tennessee St,,30.444735,-84.290755,,,,N COPELAND ST,,5,14,1,EC2
89139892,2019,2019-04-03 20:26,2,2,W Tennessee St,,30.444733,-84.283859,164,,E,N BRONOUGH ST,,3,14,1,EC2
89140106,2019,2019-04-11 08:40,2,2,W Tennessee St,,30.444726,-84.29381,53,,E,N DEWEY ST,,5,14,1,EC2
89140449,2019,2019-04-22 14:48,2,2,W Tennessee St,,30.444724,-84.290642,,,,N COPELAND ST,,2,14,1,EC2
89141018,2019,2019-05-12 16:33,2,2,W Tennessee St,,30.444723,-84.288277,,,,N MACOMB ST,,3,14,1,EC2
89141741,2019,2019-06-12 15:08,2,4,N Duval St,,30.444723,-84.283082,,,,W TENNESSEE ST,,5,14,1,EC2
89140951,2019,2019-05-09 12:39,2,2,N M L KING JR BLVD,,30.444722,-84.285621,,,,W TENNESSEE ST,,2,14,1,EC2
89141195,2019,2019-05-19 01:36,2,3,W Tennessee St,,30.444722,-84.293995,,,,N DEWEY ST,,5,14,1,EC2
89141347,2019,2019-05-27 19:02,2,3,W Tennessee St,,30.444718,-84.284327,,,,N BRONOUGH ST,,3,14,1,EC2
89141452,2019,2019-05-31 17:18,2,2,W Tennessee St,,30.444717,-84.285516,,,,N M L KING JR BLVD,,2,14,1,EC2
89141973,2019,2019-06-22 12:40,2,2,N M L KING JR BLVD,,30.444715,-84.285625,,,,W TENNESSEE ST,,2,14,1,EC2
89140152,2019,2019-04-12 14:26,2,2,N Adams St,,30.444713,-84.282013,,,,E TENNESSEE ST,,2,14,1,EC2
89141015,2019,2019-05-12 14:50,2,7,W Tennessee St,,30.444708,-84.290796,,,,N COPELAND ST,,3,14,1,EC2
89140954,2019,2019-05-09 13:28,2,2,N Duval St,,30.444707,-84.283095,,,,W TENNESSEE ST,,2,14,1,EC2
89140722,2019,2019-05-01 14:26,2,2,W Tennessee St,,30.444705,-84.284348,10,,E,N BRONOUGH ST,,5,14,1,EC2
89141527,2019,2019-06-04 09:56,2,2,E Tennessee St,,30.444704,-84.282,,,,N ADAMS ST,,5,14,1,EC2
89139891,2019,2019-04-03 18:08,2,2,N Duval St,,30.444702,-84.283088,,,,W TENNESSEE ST,,5,14,1,EC2
89141482,2019,2019-06-02 14:34,2,2,W Tennessee St,,30.4447,-84.283088,,,,N DUVAL ST,,5,14,1,EC2
89140558,2019,2019-04-26 08:45,2,2,E Tennessee St,,30.444698,-84.281043,114,,W,N MONROE ST,,5,14,1,EC2
89141644,2019,2019-06-09 15:35,2,2,E Tennessee St,,30.444698,-84.280659,,,,N MONROE ST,,5,14,1,EC2
89140376,2019,2019-04-19 18:20,2,2,W Tennessee St,,30.444696,-84.284345,,,,N BRONOUGH ST,,2,14,1,EC2
89140712,2019,2019-05-01 07:26,2,3,E Tennessee St,,30.444691,-84.278347,,,,N GADSDEN ST,,5,14,1,EC2
89140399,2019,2019-04-20 12:05,2,5,W Tennessee St,,30.44469,-84.284336,,,,N BRONOUGH ST,,2,14,1,EC2
89140148,2019,2019-04-12 13:12,2,2,W Tennessee St,,30.444689,-84.290815,,,,N COPELAND ST,,2,14,1,EC2
89141813,2019,2019-06-16 11:51,3,4,W Tennessee St,,30.444689,-84.283088,4,,E,N DUVAL ST,,5,14,1,EC2
89141946,2019,2019-06-21 10:53,2,2,W Tennessee St,,30.444689,-84.290819,,,,N COPELAND ST,,2,14,1,EC2
89139907,2019,2019-04-04 09:15,2,2,E Tennessee St,,30.444683,-84.279282,97,,E,N CALHOUN ST,,4,14,1,EC2
89141496,2019,2019-06-03 13:21,2,2,W Tennessee St,,30.444683,-84.283237,,,,N DUVAL ST,,2,14,1,EC2
89139972,2019,2019-04-05 16:50,2,2,W Tennessee St,,30.444682,-84.286003,118,,W,N M L KING JR BLVD,,2,14,1,EC2
89140058,2019,2019-04-09 11:46,2,2,E Tennessee St,,30.44468,-84.280306,118,,E,N MONROE ST,,5,14,1,EC2
89141716,2019,2019-06-12 15:25,2,3,E Tennessee St,,30.444678,-84.278241,22,,E,N GADSDEN ST,,2,14,1,EC2
89140432,2019,2019-04-21 17:06,2,4,W Tennessee St,,30.444675,-84.291031,,,,N COPELAND ST,,3,14,1,EC2
89140739,2019,2019-05-01 17:33,3,3,E Tennessee St,,30.444667,-84.272468,23,,E,N FRANKLIN BLVD,,2,14,1,EC2
89140267,2019,2019-04-16 12:47,2,2,N Bronough St,,30.444664,-84.284403,,,,W TENNESSEE ST,,5,14,1,EC2
89140415,2019,2019-04-20 21:45,2,3,E Tennessee St,,30.444664,-84.280394,,,,N MONROE ST,,5,14,1,EC2
89140260,2019,2019-04-16 09:42,2,3,W Tennessee St,,30.444661,-84.294181,68,,W,N DEWEY ST,,2,14,1,EC2
89140392,2019,2019-04-20 08:25,2,2,E Tennessee St,,30.444661,-84.271921,56,,E,BRIARCLIFF DR,,5,14,1,EC2
89140452,2019,2019-04-22 11:46,2,2,W Tennessee St,,30.444659,-84.29007,252,,E,N COPELAND ST,,5,14,1,EC2
88592912,2019,2019-04-30 20:58,2,2,N Woodward Ave,104,30.444653,-84.298812,,,,,,9,14,2,EC2
89141865,2019,2019-06-18 14:25,3,6,E Tennessee St,,30.444653,-84.271893,65,,E,FRANKLIN BLVD,,2,14,1,EC2
89140323,2019,2019-04-18 12:14,2,2,E Tennessee St,,30.444649,-84.281907,,,,N ADAMS ST,,5,14,1,EC2
89140913,2019,2019-05-07 14:09,2,3,W Tennessee St,,30.444648,-84.291321,142,,W,N COPELAND ST,,2,14,1,EC2
89139908,2019,2019-04-04 08:33,2,2,E Tennessee St,,30.444645,-84.273341,252,,W,N FRANKLIN BLVD,,2,14,1,EC2
89141604,2019,2019-06-07 13:20,3,3,E Tennessee St,,30.444644,-84.275416,525,,E,N MERIDIAN ST,,2,14,1,EC2
89140963,2019,2019-05-09 16:30,2,2,E Tennessee St,,30.444642,-84.275187,597,,E,N MERIDIAN ST,,5,14,1,EC2
89141918,2019,2019-06-20 10:54,2,2,W Tennessee St,,30.444642,-84.286393,240,,W,N M L KING JR BLVD,,5,14,1,EC2
89140384,2019,2019-04-19 21:55,2,5,N Macomb St,,30.444638,-84.288534,,,,W TENNESSEE ST,,5,14,1,EC2
89139859,2019,2019-04-02 21:42,2,3,W Tennessee St,,30.444637,-84.288126,130,,E,N MACOMB ST,,3,14,1,EC2
89140672,2019,2019-04-29 15:33,2,2,E Tennessee St,,30.444637,-84.281232,174,,W,N MONROE ST,,2,14,1,EC2
89141051,2019,2019-05-14 07:07,2,2,E Tennessee St,,30.444637,-84.275957,355,,E,N MERIDIAN ST,,2,14,1,EC2
89141549,2019,2019-06-05 06:50,2,2,E Tennessee St,,30.444633,-84.280918,,,,N MONROE ST,,2,14,1,EC2
89140698,2019,2019-04-30 14:50,2,3,E Tennessee St,,30.444632,-84.280807,40,,W,N MONROE ST,,2,14,1,EC2
89140533,2019,2019-04-25 14:59,2,3,W Tennessee St,,30.444631,-84.285298,104,,E,N M L KING JR BLVD,,2,14,1,EC2
89141166,2019,2019-05-17 14:45,2,3,N Macomb St,,30.444631,-84.288506,,,,W TENNESSEE ST,,2,14,1,EC2
89141678,2019,2019-06-11 13:40,2,14,W Tennessee St,,30.444629,-84.288813,86,,W,N MACOMB ST,,3,14,1,EC2
89141053,2019,2019-05-14 08:00,2,3,N Copeland St,,30.444621,-84.290795,,,,W TENNESSEE ST,,2,14,1,EC2
89141397,2019,2019-05-29 13:38,2,2,N M L KING JR BLVD,,30.444617,-84.285677,,,,W TENNESSEE ST,,2,14,1,EC2
89141112,2019,2019-05-16 08:08,2,2,W Tennessee St,,30.444611,-84.292405,115,,E,RAVEN ST,,2,14,1,EC2
89140553,2019,2019-04-26 12:56,2,2,N Copeland St,,30.44461,-84.290957,29,,S,W TENNESSEE ST,,2,14,1,EC2
89140653,2019,2019-04-29 07:50,2,2,N Monroe St,,30.444585,-84.280691,,,,E TENNESSEE ST,,5,14,1,EC2
89140036,2019,2019-04-08 20:20,2,3,N Monroe St,,30.444556,-84.280672,52,,S,E TENNESSEE ST,,2,14,1,EC2
89140781,2019,2019-05-02 20:36,2,1,N Macomb St,,30.444522,-84.288403,,,,W TENNESSEE ST,,2,14,1,EC2
89140616,2019,2019-04-28 23:43,2,2,N Duval St,,30.44437,-84.283057,117,,S,W TENNESSEE ST,,5,14,1,EC2
89139941,2019,2019-04-05 11:57,2,2,N Calhoun St,,30.444359,-84.279586,128,,S,E TENNESSEE ST,,5,14,1,EC2
89141300,2019,2019-05-24 10:24,2,3,N FRANKLIN BLVD,,30.444253,-84.272607,87,,S,E TENNESSEE ST,,5,14,1,EC2
89140675,2019,2019-04-29 15:04,2,2,N Monroe St,,30.444245,-84.280682,166,,S,E TENNESSEE ST,,2,14,1,EC2
89140845,2019,2019-05-05 00:51,3,1,COLUMBIA DR,226,30.444232,-84.323929,300,,S,TENNESSEE ST W,,5,14,8,EC2
89140907,2019,2019-05-07 12:04,2,3,N FRANKLIN BLVD,,30.444097,-84.272717,153,,S,E TENNESSEE ST,,5,14,1,EC2
89140479,2019,2019-04-23 14:35,2,2,N Gadsden St,,30.444034,-84.278304,151,,N,E CALL ST,,5,14,1,EC2
88592924,2019,2019-05-16 17:01,2,2,W Call St,836,30.443945,-84.294652,,,,,,9,14,2,EC2
89141210,2019,2019-05-20 07:25,2,2,Capital Circle NE,,30.443911,-84.226649,426,,N,CAPITAL PARK DR,,3,14,1,EC2
89139797,2019,2019-04-01 17:29,3,4,Capital Circle NE,,30.443783,-84.226437,904,,N,CONNER BLVD,,5,14,1,EC2
89141434,2019,2019-05-30 16:05,2,4,E Call St,,30.443746,-84.261663,,,,N MAGNOLIA DR,,5,14,1,EC2
89140966,2019,2019-05-06 16:30,3,5,E Call St,,30.443728,-84.261669,,,,N MAGNOLIA DR,,5,14,1,EC2
89140681,2019,2019-04-29 19:20,2,3,N Monroe St,,30.4437,-84.280723,33,,N,E CALL ST,,2,14,1,EC2
87511829,2019,2019-04-15 00:00,2,2,TCC Parking Lot M,,30.44366,-84.34354,,,,,,9,14,8,EC2
89141855,2019,2019-06-18 11:00,2,2,E Call St,,30.443617,-84.278328,4,,E,N GADSDEN ST,,5,14,1,EC2
89140099,2019,2019-04-10 11:43,2,2,E Call St,,30.443609,-84.280711,,,,N MONROE ST,,5,14,1,EC2
89141082,2019,2019-05-15 08:04,2,2,W Call St,,30.443609,-84.288394,,,,N MACOMB ST,,5,14,1,EC2
89141362,2019,2019-05-28 11:37,2,3,W Call St,,30.443579,-84.28842,,,,N MACOMB ST,,5,14,1,EC2
89141318,2019,2019-05-25 15:00,2,2,N Monroe St,,30.443578,-84.280671,,,,E CALL ST,,5,14,1,EC2
89141468,2019,2019-06-01 14:44,2,3,N Monroe St,,30.443578,-84.280678,,,,E CALL ST,,3,14,1,EC2
89140499,2019,2019-04-24 09:15,2,2,N Duval St,,30.443564,-84.283086,,,,W CALL ST,,5,14,1,EC2
89140796,2019,2019-05-03 13:40,2,5,N Duval St,,30.443554,-84.283117,,,,W CALL ST,,5,14,1,EC2
89141664,2019,2019-06-10 14:28,2,4,N FRANKLIN BLVD,,30.443489,-84.273198,41,,S,E CALL ST,,5,14,1,EC2
87511832,2019,2019-06-10 13:40,2,3,TCC PARKING LOT C,,30.44315,-84.33881,,,,,,9,14,8,EC2
89139991,2019,2019-04-06 16:38,2,4,N Blair Stone Rd,,30.443038,-84.249576,440,,N,BLAIR STONE RD,,5,14,1,EC2
89139841,2019,2019-04-02 11:45,2,2,N Blair Stone Rd,,30.443028,-84.249656,436,,N,BLAIR STONE RD,,5,14,1,EC2
89140917,2019,2019-05-07 17:22,2,5,N Blair Stone Rd,,30.442912,-84.249665,394,,N,PARK AVE E,,5,14,1,EC2
89140758,2019,2019-05-02 12:29,2,3,N Blair Stone Rd,101,30.442706,-84.248969,,,,,,9,14,8,EC2
89140368,2019,2019-04-19 14:20,2,2,SPIRIT WAY,,30.442625,-84.306439,,,,STADIUM DR,,5,14,1,EC2
89141822,2019,2019-06-16 22:00,2,2,N Duval St,,30.442469,-84.283091,76,,N,W PARK AVE,,5,14,1,EC2
89141523,2019,2019-06-04 10:04,2,2,N Macomb St,,30.442417,-84.288492,103,,S,PALM CT,,5,14,1,EC2
89140631,2019,2019-04-28 12:05,2,3,N Bronough St,,30.442263,-84.284365,,,,W PARK AVE,,5,14,1,EC2
89141443,2019,2019-05-31 10:48,2,2,E Park Ave,2956,30.442245,-84.226993,,,,,,9,14,8,EC2
89140393,2019,2019-04-20 11:26,2,3,N Gadsden St,,30.442242,-84.278346,,,,E PARK AVE,,5,14,1,EC2
89141224,2019,2019-05-20 17:24,2,4,US-27,,30.442227,-84.280652,,,,E PARK AVE,,5,14,1,EC2
89140909,2019,2019-05-07 12:23,2,4,Appleyard Dr,,30.442188,-84.337897,163,,N,WEST PENSACOLA ST,,5,14,1,EC2
89141129,2019,2019-05-16 17:20,2,2,Appleyard Dr,,30.442168,-84.33778,152,,N,S APPLEYARD DR,,5,14,1,EC2
89142105,2019,2019-06-28 17:38,2,2,E Park Ave,2066,30.442167,-84.248372,,,,,,9,14,8,EC2
88098349,2019,2019-04-05 13:48,2,2,STATE ROAD 63 (N. MONROE ST),,30.4421590254036,-84.2806428696082,50,,N,E PARK AVE,,3,14,1,EC2
89141266,2019,2019-05-22 16:25,4,4,Capital Circle NE,,30.442095,-84.22665,235,,S,CAPITAL PARK DR,,5,14,1,EC2
89140896,2019,2019-05-07 01:35,2,1,White Dr,123,30.441993,-84.325485,,,,,,9,14,8,EC2
89141161,2019,2019-05-17 17:20,2,2,Capital Circle NE,,30.441943,-84.226645,198,,N,E PARK AVE,,2,14,1,EC2
89142037,2019,2019-06-26 08:27,2,6,CAPITAL PARK DR,,30.44194,-84.228975,,,,E PARK AVE,,5,14,1,EC2
89140244,2019,2019-04-15 22:00,2,4,Victory Garden Dr,,30.441879,-84.241154,,,,E PARK AVE,,5,14,1,EC2
89142118,2019,2019-06-29 13:19,2,2,E Park Ave,,30.44185,-84.249694,,,,BLAIR STONE RD,,5,14,1,EC2
89141905,2019,2019-06-19 19:00,2,2,E Park Ave,,30.441839,-84.280871,70,,W,US-27,,5,14,1,EC2
89139768,2019,2019-04-01 08:00,2,2,S Bronough St,,30.441836,-84.284336,,,,W PARK AVE,,5,14,1,EC2
89141995,2019,2019-06-24 00:55,2,4,S Monroe St,,30.441836,-84.280636,,,,E PARK AVE,,2,14,1,EC2
89140677,2019,2019-04-29 17:58,2,2,E Park Ave,,30.441833,-84.243317,730,,W,VICTORY GARDEN DR,,5,14,1,EC2
89141033,2019,2019-05-13 07:28,2,6,E Park Ave,,30.44183,-84.260761,316,,E,N MAGNOLIA DR,,5,14,1,EC2
89140165,2019,2019-04-12 19:04,2,2,E Park Ave,,30.441821,-84.249278,,,,BLAIR STONE RD,,5,14,1,EC2
89141092,2019,2019-05-15 13:53,2,2,E Park Ave,,30.441817,-84.247361,664,,E,BLAIR STONE RD,,5,14,1,EC2
89141856,2019,2019-06-18 12:08,2,2,BELMONT RD,,30.441813,-84.258502,,,,E PARK AVE,,5,14,4,EC2
89141431,2019,2019-05-30 17:04,2,3,S MARTIN LUTHER KING JR BLVD,,30.441802,-84.285666,,,,W PARK AVE,,5,14,1,EC2
89141557,2019,2019-06-05 10:16,2,2,E Park Ave,,30.441797,-84.261254,160,,E,N MAGNOLIA DR,,5,14,1,EC2
89141392,2019,2019-05-29 12:11,2,2,E Park Ave,,30.441794,-84.252855,200,,E,FERNDALE DR,,5,14,1,EC2
89139832,2019,2019-04-02 07:50,2,3,S Bronough St,,30.441783,-84.284368,28,,S,W PARK AVE,,5,14,1,EC2
89140484,2019,2019-04-23 16:35,2,3,E Park Ave,,30.44178,-84.269938,,,,BROWARD ST,,5,14,1,EC2
89140388,2019,2019-04-20 08:16,2,2,E Park Ave,,30.441777,-84.253582,7,,W,FERNDALE DR,,5,14,1,EC2
89141920,2019,2019-06-20 14:15,2,2,E Park Ave,,30.441772,-84.261528,74,,E,N MAGNOLIA DR,,5,14,1,EC2
89140635,2019,2019-04-28 14:46,2,2,Blair Stone Rd,,30.441766,-84.249653,,,,E PARK AVE,,5,14,1,EC2
89140941,2019,2019-05-09 01:03,2,2,S Monroe St,,30.441749,-84.280616,37,,S,E PARK AVE,,3,14,1,EC2
89140022,2019,2019-04-08 07:40,2,2,S Magnolia Dr,,30.441745,-84.261759,,,,E PARK AVE,,5,14,1,EC2
89140067,2019,2019-04-09 18:00,2,2,REECE PARK LN,,30.441716,-84.254976,,,,E PARK AVE,,5,14,1,EC2
89140463,2019,2019-04-22 20:50,2,2,N Ocala Rd,,30.441693,-84.317193,155,,S,CRABAPPLE DR,,5,14,1,EC2
89140879,2019,2019-05-06 16:50,2,3,E Park Ave,,30.441681,-84.253679,60,,W,FERNDALE DR,,5,14,1,EC2
89141645,2019,2019-06-09 14:10,2,3,E Park Ave,,30.441679,-84.254631,104,,E,REECE PARK LN,,5,14,1,EC2
89142101,2019,2019-06-28 17:07,2,2,EDWARDS ST,,30.441679,-84.309656,113,,N,BARBARA ST,,5,14,1,EC2
89140815,2019,2019-05-04 12:01,2,3,E Park Ave,,30.441675,-84.249517,,,,BLAIR STONE RD,,5,14,1,EC2
89141536,2019,2019-06-04 16:07,2,2,E Park Ave,,30.441671,-84.226882,104,,W,CAPITAL CIR SE,,5,14,1,EC2
89140120,2019,2019-04-11 20:58,2,3,E Park Ave,,30.441651,-84.249573,,,,BLAIR STONE RD,,5,14,1,EC2
89140646,2019,2019-04-28 21:15,2,3,N Ocala Rd,,30.441635,-84.317223,177,,S,CRABAPPLE DR,,5,14,1,EC2