report_number,crash_year,crash_date_time,total_number_of_vehicles,total_number_of_persons,on_street_road_highway,street_address_number,latitude,longitude,feet_from_intersection,miles_from_intersection,direction_from_intersection,from_intersection_of,from_milepost_number,road_system_identifier,first_harmful_event,harmful_event_location,other1
89142067,2019,2019-06-27 12:23,2,3,E Park Ave,,30.441583,-84.227179,173,,W,CAPITAL CIR SE,,5,14,1,EC2
89141171,2019,2019-05-17 17:22,2,2,S Magnolia Dr,,30.441576,-84.26173,,,,E PARK AVE,,5,14,1,EC2
89142084,2019,2019-06-27 19:42,2,3,E Park Ave,,30.441576,-84.249314,,,,BLAIR STONE RD,,5,14,1,EC2
89139800,2019,2019-04-01 17:50,2,2,W Pensacola St,,30.441551,-84.33646,284,,E,S APPLEYARD DR,,5,14,1,EC2
88047549,2019,2019-05-21 14:37,2,2,STATE ROAD 20 (BLOUNTSTOWN HIGHWAY),,30.44152,-84.43697,20,,E,WHISPERING PINES DR WEST,,3,14,1,EC2
89141710,2019,2019-06-12 13:32,2,2,W Pensacola St,,30.441517,-84.337195,54,,E,S APPLEYARD DR,,3,14,1,EC2
89141226,2019,2019-05-21 07:05,2,2,S Bronough St,,30.441497,-84.284359,132,,S,W PARK AVE,,5,14,1,EC2
88592875,2019,2019-04-04 09:05,2,2,TRADITIONS WAY,860,30.441496,-84.297165,,,,,,9,14,2,EC2
89140518,2019,2019-04-24 21:17,2,2,Capital Circle SE,,30.441448,-84.226642,,,,E PARK AVE,,2,14,1,EC2
89139942,2019,2019-04-05 12:05,2,2,S Adams St,,30.441439,-84.281993,146,,S,E PARK AVE,,5,14,1,EC2
89140614,2019,2019-04-27 01:00,2,7,W Pensacola St,,30.441396,-84.338004,,,,S APPLEYARD DR,,5,14,1,EC2
89141437,2019,2019-05-31 09:14,2,3,Conner Blvd,,30.441337,-84.226283,39,,E,CAPITAL CIR SE,,2,14,1,EC2
89140464,2019,2019-04-23 06:02,2,2,Capital Circle SE,,30.44132,-84.226633,,,,E PARK AVE,,2,14,1,EC2
89141065,2019,2019-05-14 12:20,2,3,W Pensacola St,,30.441274,-84.338156,91,,W,S APPLEYARD DR,,5,14,1,EC2
89140177,2019,2019-04-13 12:14,2,3,W Pensacola St,,30.441211,-84.331555,,,,FLAMINGO WAY,,3,14,1,EC2
89141190,2019,2019-05-17 19:19,2,2,White Dr,,30.441162,-84.325956,,,,W PENSACOLA ST,,3,14,1,EC2
89141042,2019,2019-05-13 15:34,2,2,Capital Circle SE,,30.441069,-84.22658,55,,S,PARK AVE E,,5,14,1,EC2
89141020,2019,2019-05-12 17:20,2,3,Capital Circle SE,,30.441063,-84.226449,86,,S,CONNER BLVD,,2,14,1,EC2
89140548,2019,2019-04-25 19:46,2,2,W Pensacola St,,30.441051,-84.327762,,,,MABRY ST,,5,14,1,EC2
89140360,2019,2019-04-19 10:22,2,2,W Pensacola St,2327,30.441045,-84.325953,,,,,,9,14,1,EC2
89141908,2019,2019-06-19 22:43,2,2,W Pensacola St,,30.441031,-84.326055,36,,W,WHITE DR,,5,14,1,EC2
89142124,2019,2019-06-29 19:00,2,2,Capital Circle SE,,30.441029,-84.226494,,,S,CONNER BLVD,,5,14,1,EC2
89141655,2019,2019-06-11 11:54,2,2,W Pensacola St,,30.441025,-84.325959,,,,WHITE DR,,5,14,1,EC2
89140704,2019,2019-04-30 17:55,2,2,W Pensacola St,,30.440979,-84.324152,563,,E,WHITE DR,,5,14,1,EC2
89140608,2019,2019-04-27 20:38,2,3,N Ocala Rd,,30.440977,-84.317136,145,,N,S OCALA RD,,5,14,1,EC2
89142058,2019,2019-06-26 20:50,2,2,W Pensacola St,,30.440864,-84.323893,646,,E,WHITE DR,,2,14,1,EC2
89142017,2019,2019-06-25 08:19,2,2,Conner Blvd,,30.440817,-84.225355,387,,E,CAPITAL CIR SE,,5,14,1,EC2
89140587,2019,2019-04-26 23:25,2,2,S Meridian St,,30.440794,-84.2771,16,,N,E COLLEGE AVE,,5,14,1,EC2
89140410,2019,2019-04-20 18:34,2,3,S Bronough St,,30.440781,-84.284352,,,,W COLLEGE AVE,,5,14,1,EC2
89140714,2019,2019-05-01 08:41,2,2,W College Ave,,30.44076,-84.283076,,,,S DUVAL ST,,5,14,1,EC2
89139802,2019,2019-04-01 17:10,2,2,W College Ave,,30.440754,-84.288691,60,,W,S MACOMB ST,,5,14,8,EC2
89140573,2019,2019-04-26 17:19,2,3,W College Ave,,30.440751,-84.283697,201,,W,S DUVAL ST,,5,14,3,EC2
89141306,2019,2019-05-24 16:54,2,2,W Pensacola St,,30.440749,-84.319333,,,,S AUSLEY RD,,3,14,1,EC2
89141919,2019,2019-06-20 12:45,2,6,GOVERNOR SQ BLVD,1624,30.440744,-84.254777,,,,,,9,14,8,EC2
89141899,2019,2019-06-19 16:51,2,4,S Monroe St,,30.440741,-84.280652,,,,E COLLEGE AVE,,5,14,1,EC2
89141095,2019,2019-05-15 18:09,2,3,W College Ave,,30.440736,-84.28929,249,,W,S MACOMB ST,,5,14,1,EC2
89140070,2019,2019-04-09 01:27,2,3,W College Ave,,30.440733,-84.283083,,,,S DUVAL ST,,5,14,1,EC2
89141814,2019,2019-06-16 11:57,2,5,S Monroe St,,30.44073,-84.280644,,,,E COLLEGE AVE,,5,14,1,EC2
89140657,2019,2019-04-29 09:21,2,2,E COLLEGE AVE,,30.440728,-84.277072,,,,S MERIDIAN ST,,5,14,1,EC2
89140330,2019,2019-04-18 15:06,2,4,W Pensacola St,,30.440714,-84.32071,365,,W,S AUSLEY RD,,5,14,1,EC2
89140798,2019,2019-05-03 13:41,2,2,W College Ave,,30.440698,-84.284745,128,,W,S BRONOUGH ST,,5,14,1,EC2
89141406,2019,2019-05-29 17:20,2,2,W Pensacola St,,30.440693,-84.319524,,,,S AUSLEY RD,,5,14,1,EC2
89140354,2019,2019-04-19 08:45,2,2,W Pensacola St,,30.440692,-84.319522,,,,S AUSLEY RD,,3,14,1,EC2
89142054,2019,2019-06-26 17:10,2,2,Stadium Dr,,30.440664,-84.306641,202,,N,W PENSACOLA ST,,2,14,1,EC2
89141902,2019,2019-06-19 16:20,2,3,W Pensacola St,,30.440663,-84.319744,,,W,S AUSLEY RD,,5,14,1,EC2
89140658,2019,2019-04-29 09:55,2,2,W Pensacola St,,30.440654,-84.317315,,,,S OCALA RD,,3,14,1,EC2
89139787,2019,2019-04-01 14:15,2,2,W Pensacola St,,30.440649,-84.317302,,,,S OCALA RD,,5,14,1,EC2
89141240,2019,2019-05-21 13:22,2,4,W Pensacola St,,30.440649,-84.318041,269,,W,S OCALA RD,,5,14,1,EC2
89140028,2019,2019-04-08 13:51,2,2,W Pensacola St,,30.440648,-84.319259,,,,S AUSLEY RD,,5,14,1,EC2
89140450,2019,2019-04-22 15:06,2,4,W Pensacola St,,30.440643,-84.319718,,,,S AUSLEY RD,,5,14,1,EC2
89141045,2019,2019-05-13 16:00,3,4,W Pensacola St,,30.440639,-84.319643,,,,S AUSLEY RD,,5,14,1,EC2
89140613,2019,2019-04-27 21:31,2,4,W Pensacola St,,30.440631,-84.316883,96,,E,S OCALA RD,,5,14,1,EC2
89140052,2019,2019-04-09 14:09,2,2,W Pensacola St,,30.440612,-84.318093,285,,W,S OCALA RD,,5,14,1,EC2
89142127,2019,2019-06-30 01:54,2,3,S Monroe St,,30.440611,-84.280632,,,,E COLLEGE AVE,,5,14,1,EC2
89140431,2019,2019-04-21 20:45,2,2,N Ocala Rd,,30.440608,-84.317164,,,,S OCALA RD,,5,14,1,EC2
89141692,2019,2019-06-10 18:49,2,6,S Monroe St,,30.440602,-84.280596,,,,E COLLEGE AVE,,3,14,1,EC2
89141080,2019,2019-05-15 07:11,2,2,Blair Stone Rd,,30.4406,-84.249564,393,,S,E PARK AVE,,5,14,1,EC2
89141770,2019,2019-06-14 13:51,2,3,Blair Stone Rd,,30.440599,-84.249589,394,,S,E PARK AVE,,5,14,1,EC2
89140238,2019,2019-04-15 15:55,2,2,W Pensacola St,,30.440595,-84.317301,,,,S OCALA RD,,5,14,1,EC2
89141802,2019,2019-06-16 02:50,2,2,W Pensacola St,,30.44058,-84.317233,,,,S OCALA RD,,5,14,1,EC2
89140584,2019,2019-04-26 22:10,3,1,W College Ave,418,30.440574,-84.286485,,,,,,9,14,1,EC2
89140810,2019,2019-05-03 22:17,2,7,W Pensacola St,,30.44056,-84.31641,246,,E,S OCALA RD,,4,14,1,EC2
89141740,2019,2019-06-13 09:20,2,2,W Pensacola St,,30.440525,-84.316916,,,,S OCALA RD,,5,14,1,EC2
89142036,2019,2019-06-26 08:05,2,2,W Pensacola St,,30.440518,-84.315993,161,,W,DAY ST,,5,14,1,EC2
89141278,2019,2019-05-23 13:41,2,2,Blair Stone Rd,,30.440471,-84.24941,440,,S,E PARK AVE,,5,14,1,EC2
89141148,2019,2019-05-17 11:35,2,2,W Pensacola St,,30.440438,-84.314556,,,,N LIPONA RD,,5,14,1,EC2
89139945,2019,2019-04-05 13:00,3,3,W Pensacola St,,30.440435,-84.312875,45,,E,FIFIELD LN,,5,14,1,EC2
89140517,2019,2019-04-23 14:45,2,2,S Calhoun St,219,30.440384,-84.279043,,,,,,9,14,2,EC2
89139889,2019,2019-04-03 07:58,2,3,Stadium Dr,,30.440348,-84.306765,87,,N,W PENSACOLA ST,,5,14,1,EC2
89141927,2019,2019-06-20 16:00,2,2,Stadium Dr,,30.440346,-84.306653,86,,N,W PENSACOLA ST,,5,14,1,EC2
87505440,2019,2019-05-02 17:50,2,2,W Pensacola St,2009,30.440344,-84.317498,0,,,,,5,14,8,EC2
89140438,2019,2019-04-22 00:22,2,2,Chapel Dr,,30.440329,-84.310787,14,,N,W PENSACOLA ST,,5,14,1,EC2
89140473,2019,2019-04-23 12:18,2,2,W Pensacola St,,30.440327,-84.313298,86,,W,FIFIELD LN,,5,14,1,EC2
89142053,2019,2019-06-26 17:00,2,2,Stadium Dr,,30.440247,-84.306668,50,,N,W PENSACOLA ST,,5,14,1,EC2
89140223,2019,2019-04-15 11:31,2,2,W Pensacola St,,30.440227,-84.341097,261,,E,PROGRESS DR,,5,14,1,EC2
89141356,2019,2019-05-28 08:35,2,3,S Calhoun St,,30.440211,-84.279584,91,,N,E JEFFERSON ST,,5,14,1,EC2
89140480,2019,2019-04-23 15:06,2,2,W Pensacola St,,30.440124,-84.308725,161,,E,RIVOLI RD,,5,14,1,EC2
89141691,2019,2019-06-11 21:55,2,5,Trojan Trl,,30.440023,-84.218711,,,,EASTERWOOD LN,,5,14,1,EC2
89141357,2019,2019-05-28 09:08,3,4,Capital Circle SE,,30.439929,-84.22648,499,,S,CONNER BLVD,,2,14,1,EC2
89141627,2019,2019-06-08 11:00,2,2,S Duval St,,30.43991,-84.283117,,,,W JEFFERSON ST,,5,14,1,EC2
89141107,2019,2019-05-15 15:30,2,3,Capital Circle SE,,30.439896,-84.226476,511,,S,CONNER BLVD,,3,14,1,EC2
89140581,2019,2019-04-27 00:01,2,2,S Duval St,,30.439887,-84.283084,30,,S,W JEFFERSON ST,,5,14,1,EC2
89140489,2019,2019-04-23 18:08,2,2,S Duval St,,30.439874,-84.283072,35,,S,W JEFFERSON ST,,5,14,1,EC2
89141186,2019,2019-05-18 16:00,2,3,Governors Square Blvd,,30.439798,-84.261501,87,,E,S MAGNOLIA DR,,5,14,1,EC2
89140834,2019,2019-05-04 19:44,2,2,S Bronough St,,30.439742,-84.284366,41,,N,W JEFFERSON ST,,5,14,1,EC2
89140546,2019,2019-04-25 20:16,2,3,S Magnolia Dr,,30.43969,-84.261782,,,,GOVERNORS SQUARE BLVD,,5,14,1,EC2
89140797,2019,2019-05-03 14:05,2,4,S Bronough St,,30.439647,-84.284351,,,,W JEFFERSON ST,,5,14,1,EC2
89140194,2019,2019-04-13 22:40,2,3,Magnolia Dr,,30.439631,-84.261692,,,,GOVERNORS SQUARE BLVD,,5,14,1,EC2
89139883,2019,2019-04-03 16:33,3,5,Blair Stone Rd,,30.43962,-84.249587,688,,N,GOVERNORS SQUARE BLVD,,5,14,1,EC2
89140554,2019,2019-04-26 11:00,2,2,W Jefferson St,,30.439619,-84.290782,,,,S COPELAND ST,,5,14,1,EC2
89141388,2019,2019-05-29 08:54,2,3,S Magnolia Dr,,30.439496,-84.261731,89,,S,GOVERNORS SQUARE BLVD,,3,14,1,EC2
89140695,2019,2019-04-30 02:21,2,3,S Magnolia Dr,,30.439466,-84.261763,100,,S,GOVERNORS SQUARE BLVD,,3,14,1,EC2
89140088,2019,2019-04-10 15:34,2,2,S Monroe St,,30.439442,-84.280619,54,,S,E JEFFERSON ST,,5,14,1,EC2
89142034,2019,2019-06-25 17:43,2,4,S Monroe St,,30.439417,-84.280608,63,,S,E JEFFERSON ST,,2,14,1,EC2
89140175,2019,2019-04-13 12:00,2,3,S Magnolia Dr,,30.439397,-84.261665,125,,S,GOVERNORS SQUARE BLVD,,5,14,1,EC2
89297537,2019,2019-06-25 19:45,2,2,MUNICIPAL WAY,2825,30.439274,-84.335225,,,,,,9,14,8,EC2
89142024,2019,2019-06-25 13:40,2,3,W Pensacola St,,30.439259,-84.343317,,,,CENTURY PARK DR,,5,14,1,EC2
89140371,2019,2019-04-19 16:14,2,2,S Magnolia Dr,,30.439216,-84.261872,191,,S,GOVERNORS SQUARE BLVD,,5,14,1,EC2
89141953,2019,2019-06-21 17:13,2,2,Governors Square Blvd,,30.439175,-84.255971,10,,N,REESE PARK LN,,5,14,1,EC2
89140882,2019,2019-05-06 16:50,2,3,Governors Square Blvd,,30.439102,-84.256,,,,REESE PARK LN,,5,14,1,EC2
89140199,2019,2019-04-13 14:23,2,2,W Pensacola St,675,30.438889,-84.299849,,,,,,9,14,2,EC2
89141579,2019,2019-06-06 10:12,3,4,S Bronough St,,30.438814,-84.284383,25,,N,W PENSACOLA ST,,5,14,1,EC2
89140150,2019,2019-04-12 13:00,2,2,W Pensacola St,,30.438798,-84.299558,110,,W,WALKER ST,,5,14,1,EC2
89139809,2019,2019-04-01 16:17,2,3,E PENSACOLA ST,,30.43877,-84.279749,53,,W,S CALHOUN ST,,5,14,1,EC2
89140807,2019,2019-05-03 17:20,2,7,S Bronough St,,30.43876,-84.284379,,,,W PENSACOLA ST,,5,14,1,EC2
89140565,2019,2019-04-26 00:23,2,4,W Pensacola St,,30.438739,-84.289319,,,,S MACOMB ST,,5,14,1,EC2
89140626,2019,2019-04-28 02:40,2,5,W Pensacola St,,30.438737,-84.283095,,,,S DUVAL ST,,5,14,1,EC2
89140176,2019,2019-04-13 12:30,2,2,S Duval St,,30.438722,-84.28307,,,,W PENSACOLA ST,,5,14,1,EC2
89141748,2019,2019-06-09 20:00,2,5,W Pensacola St,,30.438717,-84.289189,,,,S MACOMB ST,,5,14,1,EC2
89141609,2019,2019-06-07 12:55,2,2,W Pensacola St,,30.438715,-84.296006,36,,E,LORENE ST,,5,14,1,EC2
89140969,2019,2019-05-10 08:21,2,2,S Bronough St,,30.438713,-84.284379,,,,W PENSACOLA ST,,4,14,1,EC2
89140741,2019,2019-05-01 18:14,2,2,W Pensacola St,,30.438709,-84.291449,201,,W,S COPELAND ST,,3,14,1,EC2
89140126,2019,2019-04-11 17:16,2,2,S Duval St,,30.438577,-84.283087,59,,S,W PENSACOLA ST,,5,14,1,EC2
89139855,2019,2019-04-02 17:18,2,3,S Duval St,,30.438551,-84.283072,69,,S,W PENSACOLA ST,,5,14,1,EC2
89140599,2019,2019-04-27 12:17,2,4,S Magnolia Dr,,30.438522,-84.261697,23,,N,SIMPSON AVE,,3,14,1,EC2
89141372,2019,2019-05-28 14:00,2,2,S Monroe St,,30.438425,-84.280591,50,,N,APALACHEE PKWY,,2,14,1,EC2
89140453,2019,2019-04-22 16:20,2,2,S Magnolia Dr,,30.438394,-84.2619,24,,S,SIMPSON AVE,,5,14,1,EC2
89141776,2019,2019-06-14 17:05,2,3,S Monroe St,,30.438344,-84.280595,,,,,,9,14,1,EC2
89141379,2019,2019-05-28 17:07,2,2,Apalachee Pkwy,,30.438296,-84.272235,500,,W,BROWARD ST,,2,14,1,EC2
89141564,2019,2019-06-04 18:30,2,6,Apalachee Pkwy,,30.43823,-84.280542,,,,S MONROE ST,,5,14,1,EC2
89141659,2019,2019-06-11 08:01,2,3,Apalachee Pkwy,,30.438225,-84.279598,,,,CALHOUN ST S,,2,14,1,EC2
89140773,2019,2019-05-02 17:20,2,2,Apalachee Pkwy,,30.438211,-84.278601,305,,E,S CALHOUN ST,,5,14,1,EC2
89140435,2019,2019-04-21 18:50,2,3,S Calhoun St,,30.438204,-84.279574,,,,APALACHEE PKWY,,5,14,1,EC2
89140098,2019,2019-04-11 07:34,2,2,Apalachee Pkwy,,30.438203,-84.266881,188,,W,MARRIOT DR,,5,14,1,EC2
89139852,2019,2019-04-02 17:29,5,5,Apalachee Pkwy,,30.438197,-84.271145,118,,W,MYERS PARK DR,,5,14,1,EC2
89141906,2019,2019-06-19 17:15,4,4,Apalachee Pkwy,,30.438188,-84.276301,715,,W,E PENSACOLA ST,,2,14,1,EC2
89140733,2019,2019-05-01 17:14,2,3,Apalachee Pkwy,,30.43817,-84.280087,163,,W,S CALHOUN ST,,5,14,1,EC2
89141394,2019,2019-05-29 12:48,2,3,Apalachee Pkwy,,30.438157,-84.279983,130,,W,S CALHOUN ST,,3,14,1,EC2
89141098,2019,2019-05-15 16:44,2,2,S Calhoun St,,30.438132,-84.27957,,,,APALACHEE PKWY,,2,14,1,EC2
89141249,2019,2019-05-21 20:02,2,2,S Monroe St,,30.438118,-84.280618,,,,,,9,14,1,EC2
89141006,2019,2019-05-11 20:40,2,3,Apalachee Pkwy,,30.438078,-84.279709,44,,W,S CALHOUN ST,,5,14,1,EC2
89139949,2019,2019-04-05 11:10,2,3,Apalachee Pkwy,,30.438068,-84.279582,,,,S CALHOUN ST,,2,14,1,EC2
89141853,2019,2019-06-18 10:31,2,2,Apalachee Pkwy,,30.438065,-84.27431,500,,E,FRANKLIN BLVD,,2,14,1,EC2
89140692,2019,2019-04-30 13:09,2,3,S Calhoun St,,30.438046,-84.279583,9,,S,APALACHEE PKWY,,3,14,1,EC2
89139837,2019,2019-04-02 08:58,2,3,Apalachee Pkwy,,30.43804,-84.280508,,,,S MONROE ST,,5,14,1,EC2
89141404,2019,2019-05-29 16:10,2,2,Apalachee Pkwy,,30.438034,-84.279525,,,,S CALHOUN ST,,2,14,1,EC2
89141962,2019,2019-06-21 15:50,2,3,RAMP FROM SUWANNEE ST TO APALACHEE PKWY,,30.438029,-84.27406,146,,E,APALACHEE PKWY,,5,14,1,EC2
89140227,2019,2019-04-15 13:33,2,2,S Calhoun St,,30.438014,-84.279556,,,,APALACHEE PKWY,,5,14,1,EC2
89140543,2019,2019-04-25 16:19,2,2,Apalachee Pkwy,,30.438,-84.279281,9,,E,S CALHOUN ST,,5,14,1,EC2
89140374,2019,2019-04-19 18:00,2,4,Blair Stone Rd,,30.437954,-84.249568,,,,GOVERNORS SQUARE BLVD,,5,14,1,EC2
89140040,2019,2019-04-08 15:29,2,6,S Magnolia Dr,,30.437952,-84.26181,185,,S,SIMPSON AVE,,5,14,1,EC2
89140514,2019,2019-04-24 18:05,2,2,S Lipona Rd,,30.437945,-84.314408,,,,BELLE VUE WAY,,5,14,1,EC2
89139860,2019,2019-04-01 20:35,2,2,Belle Vue Way,,30.437939,-84.319517,,,,S AUSLEY RD,,5,14,1,EC2
89140154,2019,2019-04-12 15:55,2,2,Belle Vue Way,,30.437937,-84.319495,,,,S AUSLEY RD,,5,14,1,EC2
89139862,2019,2019-04-02 20:25,2,3,Apalachee Pkwy,,30.437932,-84.266482,79,,W,MARRIOTT DR,,3,14,1,EC2
89141291,2019,2019-05-24 08:19,2,2,Apalachee Pkwy,,30.437903,-84.270388,208,,E,MYERS PARK DR,,2,14,1,EC2
89140539,2019,2019-04-25 17:40,2,2,GOODBODY LN,,30.437866,-84.267729,4,,S,APALACHEE PKWY,,5,14,1,EC2
89141723,2019,2019-06-12 19:32,2,2,S Calhoun St,,30.437862,-84.279478,67,,N,E SAINT AUGUSTINE ST,,5,14,1,EC2
89140979,2019,2019-05-10 14:34,3,3,E Lafayette St,,30.437806,-84.275143,2,,E,APALACHEE PKWY,,3,14,1,EC2
89141956,2019,2019-06-21 18:12,2,2,E Lafayette St,,30.437781,-84.275183,,,,APALACHEE PKWY,,5,14,1,EC2
89140017,2019,2019-04-07 19:12,2,6,S FRANKLIN BLVD,,30.437773,-84.276256,23,,N,E LAFAYETTE ST,,5,14,1,EC2
89141979,2019,2019-06-23 21:24,2,7,SUWANNEE ST,,30.437759,-84.275126,,,,APALACHEE PKWY,,5,14,1,EC2
89140114,2019,2019-04-11 15:40,2,2,S FRANKLIN BLVD,,30.437744,-84.276311,,,,E LAFAYETTE ST,,4,14,1,EC2
89141974,2019,2019-06-22 16:40,2,2,S Duval St,,30.437742,-84.283086,88,,N,W SAINT AUGUSTINE ST,,5,14,1,EC2
89140684,2019,2019-04-30 11:07,2,2,S FRANKLIN BLVD,,30.43773,-84.2763,12,,N,E LAFAYETTE ST,,5,14,1,EC2
89139871,2019,2019-04-03 10:35,2,2,E Lafayette St,,30.437676,-84.274843,103,,E,APALACHEE PKWY,,5,14,1,EC2
89141253,2019,2019-05-22 08:20,2,3,W St Augustine St,,30.437614,-84.299389,59,,W,WALKER ST,,5,14,1,EC2
89141598,2019,2019-06-07 08:25,2,2,W SAINT AUGUSTINE ST,,30.437605,-84.299183,,,,WALKER ST,,5,14,1,EC2
89140606,2019,2019-04-27 20:45,2,4,W SAINT AUGUSTINE ST,,30.437598,-84.299173,,,,WALKER ST,,5,14,1,EC2
89141349,2019,2019-05-28 02:00,2,2,S WOODWARD AVE,,30.437578,-84.298087,,,,W SAINT AUGUSTINE ST,,5,14,1,EC2
89139903,2019,2019-04-04 08:40,2,2,E SAINT AUGUSTINE ST,,30.43751,-84.278302,,,,S GADSDEN ST,,5,14,1,EC2
89141459,2019,2019-06-01 10:15,2,3,S Bronough St,,30.437492,-84.284359,,,,W SAINT AUGUSTINE ST,,5,14,1,EC2
89140740,2019,2019-05-01 08:24,2,5,W SAINT AUGUSTINE ST,,30.437485,-84.290972,67,,W,S COPELAND ST,,5,14,1,EC2
89140050,2019,2019-04-09 12:32,2,2,S Duval St,,30.43748,-84.283094,,,,W SAINT AUGUSTINE ST,,5,14,1,EC2
89140110,2019,2019-04-11 13:18,2,2,S Magnolia Dr,,30.437274,-84.26191,74,,N,APALACHEE PKWY,,5,14,1,EC2
89139851,2019,2019-04-02 17:54,2,2,S Magnolia Dr,,30.437214,-84.261809,,,,APALACHEE PKWY,,5,14,1,EC2
89140013,2019,2019-04-07 14:19,2,6,Apalachee Pkwy,,30.437199,-84.262488,,,,,,9,14,1,EC2
89141573,2019,2019-06-06 02:15,2,3,Apalachee Pkwy,1153,30.437156,-84.264664,,,,,,9,14,8,EC2
89142100,2019,2019-06-28 16:30,2,2,MYERS PARK DR,,30.437151,-84.27132,,,,E LAFAYETTE ST,,5,14,1,EC2
89140775,2019,2019-05-02 20:25,2,2,Apalachee Pkwy,,30.436987,-84.262107,115,,W,S MAGNOLIA DR,,5,14,1,EC2
88592926,2019,2019-05-20 14:26,2,2,CHAMPIONS WAY,296,30.436975,-84.305688,,,,,,9,14,2,EC2
89141724,2019,2019-06-12 20:30,3,3,Apalachee Pkwy,,30.436959,-84.262352,207,,W,S MAGNOLIA DR,,2,14,1,EC2
89140655,2019,2019-04-29 07:31,2,2,Apalachee Pkwy,,30.436932,-84.26207,97,,W,S MAGNOLIA DR,,2,14,1,EC2
89141620,2019,2019-06-07 19:51,3,7,Apalachee Pkwy,,30.43693,-84.261743,,,,S MAGNOLIA DR,,5,14,1,EC2
89140521,2019,2019-04-24 20:40,2,3,Railroad Ave,,30.436915,-84.289643,74,,S,W SAINT AUGUSTINE ST,,5,14,1,EC2
89140809,2019,2019-05-03 22:35,2,2,Apalachee Pkwy,,30.436897,-84.261886,,,,S MAGNOLIA DR,,4,14,1,EC2
89141675,2019,2019-06-10 14:45,2,3,Apalachee Pkwy,,30.436766,-84.261662,,,,S MAGNOLIA DR,,5,14,1,EC2
89141399,2019,2019-05-29 14:13,2,4,S Calhoun St,,30.43674,-84.279532,20,,N,E MADISON ST,,3,14,1,EC2
89140639,2019,2019-04-28 18:17,2,2,Apalachee Pkwy,,30.436735,-84.261603,,,,S MAGNOLIA DR,,5,14,1,EC2
89140515,2019,2019-04-24 18:39,2,2,Apalachee Pkwy,,30.436717,-84.261203,203,,E,S MAGNOLIA DR,,5,14,1,EC2
89140284,2019,2019-04-16 18:13,2,2,S Bronough St,,30.436714,-84.284322,,,,W MADISON ST,,3,14,1,EC2
88135579,2019,2019-06-17 08:50,2,2,Blountstown Hwy,,30.43671,-84.34951,0,,E,STATE ROAD 20,,3,14,1,EC2
89297458,2019,2019-05-20 17:34,3,3,NINA RD,,30.436673,-84.349481,,,,W PENSACOLA ST,,3,14,1,EC2
89140817,2019,2019-05-04 12:30,2,5,S Monroe St,,30.436643,-84.280591,,,,E MADISON ST,,2,14,1,EC2
89141267,2019,2019-05-22 16:57,4,4,S Monroe St,,30.436642,-84.280613,,,,E MADISON ST,,5,14,1,EC2
89140235,2019,2019-04-15 15:25,2,2,W Madison St,,30.436638,-84.285586,,,,S M L KING JR BLVD,,5,14,1,EC2
89140893,2019,2019-05-06 19:00,2,3,W Madison St,,30.436632,-84.283252,51,,W,S DUVAL ST,,5,14,1,EC2
89141756,2019,2019-06-13 17:22,2,3,Apalachee Pkwy,,30.43663,-84.261871,,,,S MAGNOLIA DR,,2,14,1,EC2
89141494,2019,2019-06-03 10:35,2,2,W Madison St,,30.436625,-84.285592,,,,S M L KING JR BLVD,,5,14,1,EC2
89140426,2019,2019-04-21 11:37,2,4,W Madison St,,30.436623,-84.283082,,,,S DUVAL ST,,5,14,1,EC2
89141315,2019,2019-05-25 12:40,2,3,W Madison St,,30.436618,-84.283085,,,,S DUVAL ST,,2,14,1,EC2
88047545,2019,2019-04-27 23:49,2,3,STATE ROAD 263 (CAPITAL CIRCLE NW),,30.4366166049965,-84.3529287175243,0,,S,STATE ROAD 20,,3,14,1,EC2