report_number,crash_year,crash_date_time,total_number_of_vehicles,total_number_of_persons,on_street_road_highway,street_address_number,latitude,longitude,feet_from_intersection,miles_from_intersection,direction_from_intersection,from_intersection_of,from_milepost_number,road_system_identifier,first_harmful_event,harmful_event_location,other1
89142130,2019,2019-06-29 21:42,2,9,W Madison St,,30.436615,-84.283019,,,,S DUVAL ST,,5,14,1,EC2
89139982,2019,2019-04-06 12:10,2,3,W Madison St,,30.436609,-84.284333,,,,S BRONOUGH ST,,5,14,1,EC2
89140143,2019,2019-04-12 10:15,2,2,W Madison St,,30.436603,-84.285607,,,,S M L KING JR BLVD,,5,14,1,EC2
89141475,2019,2019-06-01 21:37,2,4,S Duval St,,30.4366,-84.283082,,,,W MADISON ST,,5,14,1,EC2
89141413,2019,2019-05-29 19:52,2,2,S Bronough St,,30.436599,-84.284341,,,,W MADISON ST,,3,14,1,EC2
89141133,2019,2019-05-16 19:25,2,5,W Madison St,,30.436598,-84.285615,,,,S M L KING JR BLVD,,5,14,1,EC2
89139994,2019,2019-04-06 21:14,2,4,E MADISON ST,,30.436591,-84.280709,,,,S MONROE ST,,5,14,1,EC2
89140285,2019,2019-04-16 22:00,2,2,W Gaines St,,30.436577,-84.305921,123,,W,CHAMPIONS WAY,,5,14,1,EC2
89141965,2019,2019-06-22 01:00,2,2,W Madison St,,30.436572,-84.297124,300,,W,LORENE ST,,5,14,8,EC2
89140610,2019,2019-04-27 16:18,2,2,W Madison St,,30.43657,-84.293907,257,,W,GAY ST,,3,14,1,EC2
89140193,2019,2019-04-13 20:53,2,2,W Madison St,,30.436561,-84.289763,,,,RAILROAD AVE,,5,14,1,EC2
89141700,2019,2019-06-12 08:15,2,3,S Magnolia Dr,,30.436559,-84.261901,,,,APALACHEE PKWY,,4,14,1,EC2
89142000,2019,2019-06-24 12:12,2,4,W Madison St,,30.436559,-84.285596,,,,S M L KING JR BLVD,,5,14,1,EC2
89141304,2019,2019-05-24 14:00,2,2,Apalachee Pkwy,1500,30.43655,-84.253205,,,,,,9,14,1,EC2
89139803,2019,2019-04-01 17:19,2,2,S Magnolia Dr,,30.436547,-84.261776,,,S,APALACHEE PKWY,,5,14,1,EC2
89140379,2019,2019-04-19 16:11,2,2,S Magnolia Dr,,30.436545,-84.261785,46,,S,APALACHEE PKWY,,2,14,1,EC2
89140297,2019,2019-04-17 15:22,2,2,Stadium Dr,,30.436499,-84.306081,151,,W,HENDRY ST,,5,14,1,EC2
88592873,2019,2019-04-03 11:05,2,2,CHAMPIONS WAY,,30.436478,-84.30475,399,,E,W GAINES ST,,5,14,1,EC2
89140742,2019,2019-05-01 20:45,2,2,E Lafayette St,,30.436378,-84.266649,,,,SEMINOLE DR,,5,14,1,EC2
89141568,2019,2019-06-05 22:20,2,2,Stadium Dr,,30.436332,-84.305956,,,,HENDRY ST,,5,14,1,EC2
89139952,2019,2019-04-05 14:27,2,2,STADIUM DR E,,30.436196,-84.301176,179,,E,W GAINES ST,,3,14,1,EC2
89141617,2019,2019-06-07 17:04,3,6,Apalachee Pkwy,,30.43611,-84.259479,,,,,,9,14,1,EC2
87270821,2019,2019-04-12 21:25,2,3,AENON CHURCH ROAD,,30.4360161613888,-84.3740657392165,50,,N,STATE ROAD 20 (BLOUNTSTOWN HIGHWAY),,5,14,1,EC2
89140579,2019,2019-04-26 16:05,2,5,S Magnolia Dr,,30.435981,-84.261812,150,,N,E LAFAYETTE ST,,5,14,1,EC2
88592876,2019,2019-04-04 12:23,2,2,STADIUM DR E,,30.435965,-84.301435,60,,E,W GAINES ST,,5,14,1,EC2
89139987,2019,2019-04-06 13:56,2,10,S Bronough St,,30.435951,-84.284349,157,,N,W GAINES ST,,5,14,1,EC2
89141094,2019,2019-05-15 16:57,2,2,Blair Stone Rd,,30.43589,-84.249471,670,,S,GOVERNORS SQUARE BLVD,,5,14,1,EC2
88060354,2019,2019-05-21 16:50,2,2,WB SR 20 (BLOUNTSTOWN HIGHWAY),,30.4357966113384,-84.3738532906737,10,,W,AENON CHURCH ROAD,,3,14,1,EC2
89140230,2019,2019-04-15 14:21,2,2,Railroad Ave,,30.435773,-84.28976,96,,N,W GAINES ST,,5,14,1,EC2
89140891,2019,2019-05-06 16:24,2,5,E Lafayette St,,30.435759,-84.262941,375,,W,S MAGNOLIA DR,,5,14,1,EC2
89297542,2019,2019-06-17 17:27,2,3,S Monroe St,,30.435734,-84.280718,,,,E GAINES ST,,5,14,1,EC2
89140427,2019,2019-04-21 13:00,2,3,S Duval St,,30.435645,-84.28312,46,,N,W GAINES ST,,5,14,1,EC2
89141799,2019,2019-06-15 19:50,2,6,E Lafayette St,,30.43562,-84.262045,89,,W,S MAGNOLIA DR,,2,14,1,EC2
89140307,2019,2019-04-17 23:08,2,2,W Gaines St,,30.435617,-84.301322,147,,E,STADIUM DR E,,5,14,1,EC2
89141808,2019,2019-06-16 08:26,2,2,E Lafayette St,,30.435569,-84.261708,,,,S MAGNOLIA DR,,5,14,1,EC2
89140833,2019,2019-05-04 18:40,2,2,W Gaines St,,30.435563,-84.288115,93,,E,S MACOMB ST,,5,14,1,EC2
89140595,2019,2019-04-27 12:46,2,3,W Gaines St,,30.435551,-84.289274,147,,E,RAILROAD AVE,,5,14,1,EC2
89140118,2019,2019-04-11 18:15,2,4,E Lafayette St,,30.435548,-84.26148,91,,E,S MAGNOLIA DR,,5,14,1,EC2
89140312,2019,2019-04-18 02:14,3,3,W Gaines St,,30.435546,-84.288269,,,,S MACOMB ST,,3,14,1,EC2
89141329,2019,2019-05-26 15:46,2,2,S Magnolia Dr,,30.435541,-84.261727,,,,E LAFAYETTE ST,,5,14,1,EC2
89140055,2019,2019-04-09 13:43,2,2,E Gaines St,,30.435532,-84.279522,,,,S CALHOUN ST,,5,14,1,EC2
89140851,2019,2019-05-05 11:41,2,3,E Gaines St,,30.435531,-84.281984,,,,S ADAMS ST,,4,14,1,EC2
89140283,2019,2019-04-16 17:24,2,2,W Gaines St,,30.43553,-84.282948,,,,S DUVAL ST,,3,14,1,EC2
89140265,2019,2019-04-16 12:08,2,2,W Gaines St,,30.435529,-84.282149,,,,S ADAMS ST,,5,14,1,EC2
89140031,2019,2019-04-08 14:36,2,3,W Gaines St,,30.435527,-84.287928,152,,E,S MACOMB ST,,5,14,1,EC2
89140486,2019,2019-04-23 17:24,3,4,W Gaines St,,30.435524,-84.285329,89,,E,S M L KING JR BLVD,,5,14,1,EC2
89140609,2019,2019-04-27 16:52,3,6,W Gaines St,,30.435521,-84.286447,119,,W,S BOULEVARD ST,,5,14,1,EC2
89297673,2019,2019-06-19 11:43,2,2,W Pensacola St,,30.435518,-84.352745,,,,CAPITAL CIR NW,,3,14,1,EC2
89139967,2019,2019-04-05 17:32,2,6,W Gaines St,,30.435509,-84.284164,56,,E,S BRONOUGH ST,,5,14,1,EC2
89140892,2019,2019-05-06 20:31,2,3,S Bronough St,,30.435507,-84.284335,,,,W GAINES ST,,5,14,1,EC2
89140167,2019,2019-04-13 02:05,2,4,S Duval St,,30.435506,-84.283091,,,,W GAINES ST,,5,14,1,EC2
89140743,2019,2019-05-02 01:30,2,2,S Bronough St,,30.435504,-84.284358,,,,W GAINES ST,,5,14,1,EC2
89141805,2019,2019-06-16 04:41,2,2,S Duval St,,30.435504,-84.283079,,,,W GAINES ST,,5,14,1,EC2
89297711,2019,2019-06-18 16:17,2,2,E Gaines St,,30.4355,-84.280798,50,,W,S MONROE ST,,5,14,1,EC2
89140217,2019,2019-04-15 05:40,2,2,S Duval St,,30.435496,-84.283091,,,,W GAINES ST,,5,14,1,EC2
89141945,2019,2019-06-21 11:15,3,4,W Gaines St,,30.435495,-84.285617,2,,W,S M L KING JR BLVD,,5,14,1,EC2
89141608,2019,2019-06-07 13:42,2,7,E Gaines St,,30.435491,-84.278435,,,,S GADSDEN ST,,5,14,1,EC2
89141915,2019,2019-06-20 08:23,2,3,S Bronough St,,30.43549,-84.284351,,,,W GAINES ST,,5,14,1,EC2
89141824,2019,2019-06-16 18:10,2,2,S Bronough St,,30.435489,-84.284322,,,,W GAINES ST,,5,14,1,EC2
89141750,2019,2019-06-13 16:45,2,2,W Gaines St,,30.435487,-84.293975,282,,W,GAY ST,,5,14,1,EC2
89141641,2019,2019-06-09 13:20,2,2,E Gaines St,,30.435482,-84.280889,,,,S MONROE ST,,5,14,1,EC2
89141173,2019,2019-05-17 23:18,2,6,S Bronough St,,30.435473,-84.284349,,,,W GAINES ST,,5,14,1,EC2
89141781,2019,2019-06-14 21:45,2,4,E Gaines St,,30.435471,-84.280761,,,,S MONROE ST,,5,14,1,EC2
89141049,2019,2019-05-14 01:08,2,2,S Bronough St,,30.435463,-84.284365,,,,W GAINES ST,,5,14,1,EC2
89140277,2019,2019-04-16 20:46,2,3,W Gaines St,,30.435462,-84.293212,60,,E,GAY ST,,5,14,1,EC2
89142077,2019,2019-06-27 14:30,2,1,E Gaines St,,30.435462,-84.281016,118,,W,S MONROE ST,,3,14,1,EC2
89140266,2019,2019-04-16 12:19,3,5,W Gaines St,,30.435457,-84.293847,242,,W,GAY ST,,5,14,1,EC2
89142035,2019,2019-06-26 02:30,2,3,W Gaines St,,30.435453,-84.301703,,,,LAKE BRADFORD RD,,5,14,1,EC2
89141810,2019,2019-06-16 08:38,2,2,S Duval St,,30.435452,-84.283068,,,,W GAINES ST,,5,14,1,EC2
89140580,2019,2019-04-27 23:49,2,3,W Gaines St,,30.43545,-84.29065,287,,W,RAILROAD AVE,,5,14,1,EC2
89140445,2019,2019-04-22 10:22,2,2,W Gaines St,,30.435446,-84.290333,187,,W,RAILROAD AVE,,5,14,1,EC2
89141192,2019,2019-05-18 18:50,2,3,S Bronough St,,30.435437,-84.284385,,,,W GAINES ST,,5,14,1,EC2
88092917,2019,2019-06-18 17:20,2,2,STATE ROAD 263 (CAPITAL CIR SW),,30.43537,-84.35296,120,,S,CASCADE DRIVE,,3,14,1,EC2
89140852,2019,2019-05-05 12:43,2,5,Apalachee Pkwy,1377,30.435363,-84.258741,,,,,,9,14,8,EC2
89140172,2019,2019-04-13 10:10,2,2,Apalachee Pkwy,,30.435361,-84.257747,,,,E LAFAYETTE ST,,3,14,1,EC2
87505321,2019,2019-04-06 15:50,2,3,W Pensacola St,,30.435328,-84.352698,0,,,CAPITAL CIR SW,,5,14,1,EC2
88092915,2019,2019-05-23 16:14,2,2,STATE ROAD 20 (BLOUNTSTOWN HIGHWAY),,30.43532,-84.35312,10,,W,STATE ROAD 263 ( CAPITAL CIRCLE),,3,14,1,EC2
89140281,2019,2019-04-16 20:30,2,2,UNNAMED RD,,30.435274,-84.253709,,,,,,9,14,8,EC2
89139870,2019,2019-04-03 08:16,2,3,S Monroe St,,30.435257,-84.280573,,,,E GAINES ST,,5,14,1,EC2
88060352,2019,2019-05-20 15:25,2,2,SB SR 263 (CAPITAL CIRCLE SW),,30.4352231005578,-84.3530772673528,4,,S,SR 20 (BLOUNTSTOWN HIGHWAY),,3,14,1,EC2
89140842,2019,2019-05-05 01:13,2,2,E Lafayette St,1377,30.435144,-84.258506,,,,,,9,14,2,EC2
89139976,2019,2019-04-06 11:15,2,2,S Magnolia Dr,,30.435102,-84.261779,170,,S,E LAFAYETTE ST,,5,14,1,EC2
89140339,2019,2019-04-18 18:06,2,2,Blair Stone Rd,,30.435042,-84.249523,982,,S,GOVERNORS SQUARE BLVD,,5,14,1,EC2
89142043,2019,2019-06-26 12:41,2,2,Railroad Ave,,30.435005,-84.289751,184,,S,W GAINES ST,,5,14,1,EC2
88047547,2019,2019-05-20 11:41,2,3,STATE ROAD 20 (BLOUNTSTOWN HIGHWAY),,30.4349326074143,-84.3551139725315,200,,W,STATE ROAD 263 (CAPITAL CIRCLE NW),,3,14,1,EC2
87270825,2019,2019-04-21 19:58,2,2,STATE ROAD 20 (BLOUNTSTOWN HIGHWAY),,30.4349,-84.36307,,,,NENA HILLS DR,,3,14,1,EC2
89297572,2019,2019-05-31 07:10,2,2,Trojan Trl,3830,30.434841,-84.213352,,,,,,9,14,1,EC2
89142096,2019,2019-06-28 12:54,2,3,S APPLEYARD DR,,30.434835,-84.337923,173,,N,JACKSON BLUFF RD,,5,14,1,EC2
89141768,2019,2019-06-14 12:40,2,2,E Lafayette St,,30.434801,-84.257701,,,,E INDIANHEAD DR,,5,14,1,EC2
88050370,2019,2019-05-06 17:40,2,2,STATE ROAD 263,,30.4347683179616,-84.3529937670932,100,,S,STATE ROAD 20,,3,14,1,EC2
89140204,2019,2019-04-14 14:14,2,4,Apalachee Pkwy,,30.434665,-84.255406,20,,E,LAFAYETTE ST E,,2,14,1,EC2
89141350,2019,2019-05-28 07:31,2,2,Trojan Trl,,30.434636,-84.213161,392,,W,SUTOR RD,,5,14,1,EC2
89140211,2019,2019-04-14 19:21,2,2,W BLOXHAM ST,,30.434557,-84.284302,,,,S BRONOUGH ST,,5,14,1,EC2
89141924,2019,2019-06-08 15:42,2,3,W BLOXHAM ST,,30.434547,-84.284315,,,,S BRONOUGH ST,,5,14,1,EC2
89141216,2019,2019-05-20 13:28,2,3,Jackson Bluff Rd,,30.434541,-84.323036,52,,W,ESSEX DR,,4,14,1,EC2
89140386,2019,2019-04-19 15:00,2,3,Railroad Ave,,30.434533,-84.289723,45,,N,SAINT FRANCIS ST,,5,14,1,EC2
89141026,2019,2019-05-12 15:40,2,2,Lake Bradford Rd,,30.434468,-84.302055,,,,JACKSON BLUFF RD,,5,14,1,EC2
89140769,2019,2019-05-02 17:02,2,2,Jackson Bluff Rd,,30.434466,-84.328485,10,,W,MABRY ST,,5,14,1,EC2
89141352,2019,2019-05-28 08:25,2,3,Jackson Bluff Rd,,30.434433,-84.307513,,,,HAYDEN RD,,5,14,1,EC2
89140074,2019,2019-04-10 09:44,2,2,Magnolia Dr,1020,30.434425,-84.262082,,,,,,9,14,1,EC2
89140251,2019,2019-04-12 17:00,2,2,Lake Bradford Rd,,30.434423,-84.30201,,,,JACKSON BLUFF RD,,5,14,1,EC2
89141875,2019,2019-06-18 17:10,2,4,Ausley Rd,,30.434419,-84.319531,,,,W JACKSON ST,,5,14,1,EC2
89140305,2019,2019-04-17 21:14,4,7,Apalachee Pkwy,,30.434413,-84.254833,1858,,W,BLAIR STONE RD,,2,14,1,EC2
89140551,2019,2019-04-26 07:49,2,2,EPPES DR E,,30.434412,-84.304997,,,,JACKSON BLUFF RD,,5,14,1,EC2
89140545,2019,2019-04-25 21:00,2,2,Jackson Bluff Rd,,30.434411,-84.305244,77,,W,EPPES DR E,,5,14,1,EC2
89140342,2019,2019-04-18 19:09,2,2,Ausley Rd,,30.434407,-84.319515,,,,JACKSON BLUFF RD,,5,14,1,EC2
89139806,2019,2019-04-01 17:55,2,2,Jackson Bluff Rd,,30.434397,-84.3137,44,,E,FAIRBANKS DR,,5,14,1,EC2
89141077,2019,2019-05-14 22:06,2,2,S Lipona Rd,,30.434371,-84.314721,,,,JACKSON BLUFF RD,,2,14,1,EC2
89140564,2019,2019-04-26 14:57,2,3,E Lafayette St,,30.434363,-84.257226,132,,E,E INDIANHEAD DR,,5,14,1,EC2
89140248,2019,2019-04-15 18:17,2,6,Jackson Bluff Rd,,30.43436,-84.314721,,,,S LIPONA RD,,5,14,1,EC2
89140488,2019,2019-04-23 17:34,2,2,Jackson Bluff Rd,,30.434349,-84.318439,63,,W,JACQUELINE LN,,5,14,1,EC2
89141163,2019,2019-05-17 18:45,2,3,Lake Bradford Rd,,30.434333,-84.302029,,,,JACKSON BLUFF RD,,5,14,1,EC2
89140191,2019,2019-04-13 21:17,4,4,Apalachee Pkwy,,30.434297,-84.254667,1793,,W,BLAIR STONE RD,,5,14,1,EC2
89139804,2019,2019-04-01 18:05,2,2,Jackson Bluff Rd,,30.434272,-84.352555,,,,CAPITAL CIR SW,,5,14,1,EC2
89139912,2019,2019-04-04 11:48,2,3,E Lafayette St,,30.43423,-84.2559,559,,E,E INDIANHEAD DR,,5,14,1,EC2
89141262,2019,2019-05-22 15:30,2,2,Jackson Bluff Rd,,30.434205,-84.344163,225,,E,HALS CIR,,5,14,1,EC2
89141626,2019,2019-06-08 01:42,2,1,Jackson Bluff Rd,1289,30.43412,-84.30387,,,,,,9,14,8,EC2
89141363,2019,2019-05-28 12:00,2,2,Blair Stone Rd,,30.433757,-84.24952,563,,N,APALACHEE PKWY,,5,14,1,EC2
89140327,2019,2019-04-18 14:11,2,2,E BLOXHAM STREET,7,30.433648,-84.281626,,,,,,9,14,8,EC2
88092914,2019,2019-05-22 16:14,3,4,STATE ROAD 20 (BLOUNTSTOWN HWY),,30.43352,-84.52561,20,,E,JACK VAUSE LANDING ROAD,,3,14,1,EC2
89297459,2019,2019-06-27 17:15,2,2,Capital Circle SW,,30.433355,-84.352878,306,,S,JACKSON BLUFF RD,,3,14,1,EC2
89140718,2019,2019-05-01 09:20,2,4,Lake Bradford Rd,,30.433315,-84.302222,31,,S,AIRPORT DR,,5,14,1,EC2
89140370,2019,2019-04-19 16:19,3,5,Apalachee Pkwy,,30.433296,-84.252454,1006,,W,BLAIR STONE RD,,5,14,1,EC2
89140577,2019,2019-04-26 20:56,2,4,Airport Dr,,30.433248,-84.304698,,,,EPPES DR E,,2,14,1,EC2
89141449,2019,2019-05-31 17:13,2,2,Airport Dr,,30.433243,-84.302245,,,,LAKE BRADFORD RD,,3,14,1,EC2
89141024,2019,2019-05-11 21:11,2,2,Capital Circle SE,,30.433233,-84.226738,107,,N,GOVERNORS COURT DR,,4,14,1,EC2
89139950,2019,2019-04-05 13:37,2,3,Capital Circle SE,,30.432955,-84.226728,,,,GOVERNORS COURT DR,,2,14,1,EC2
89140696,2019,2019-04-30 14:38,2,2,STEARNS ST,1011,30.43288,-84.2971,,,,,,9,14,2,EC2
89140212,2019,2019-04-14 11:40,2,3,SUTOR RD,,30.432644,-84.212295,54,,N,AKSARBEN DR,,5,14,1,EC2
89140931,2019,2019-05-08 12:40,2,2,Blair Stone Rd,,30.432521,-84.249561,113,,N,APALACHEE PKWY,,5,14,1,EC2
89141305,2019,2019-05-24 12:30,2,2,Apalachee Pkwy,,30.432491,-84.250138,222,,W,BLAIR STONE RD,,5,14,1,EC2
89141124,2019,2019-05-16 13:50,2,2,APAKIN NENE,,30.432343,-84.253699,,,,OLD SAINT AUGUSTINE RD,,5,14,1,EC2
89140939,2019,2019-05-08 21:05,2,3,Blair Stone Rd,,30.43227,-84.249522,,,,APALACHEE PKWY,,5,14,1,EC2
89141703,2019,2019-06-12 08:57,2,2,Apalachee Pkwy,,30.432245,-84.249612,,,,BLAIR STONE RD,,2,14,1,EC2
89142030,2019,2019-06-25 14:10,2,2,Apalachee Pkwy,,30.432202,-84.24951,,,,BLAIR STONE RD,,5,14,1,EC2
89141838,2019,2019-06-17 15:30,2,2,Apalachee Pkwy,,30.432192,-84.249249,,,,BLAIR STONE RD,,5,14,1,EC2
89141499,2019,2019-06-03 13:53,2,3,Apalachee Pkwy,,30.432174,-84.249634,32,,W,BLAIR STONE RD,,2,14,1,EC2
89140173,2019,2019-04-13 11:08,2,3,Apalachee Pkwy,,30.432126,-84.249322,,,,BLAIR STONE RD,,2,14,1,EC2
89139983,2019,2019-04-06 12:56,2,4,Apalachee Pkwy,,30.432033,-84.248814,230,,E,BLAIR STONE RD,,5,14,1,EC2
89140832,2019,2019-05-04 17:47,2,5,Apalachee Pkwy,,30.432017,-84.248976,300,,E,BLAIR STONE RD N,,2,14,1,EC2
89140296,2019,2019-04-17 14:58,2,2,Apalachee Pkwy,,30.432012,-84.248827,229,,E,BLAIR STONE RD,,2,14,1,EC2
89141387,2019,2019-05-29 07:57,2,2,TOMAHAWK TRL,,30.431961,-84.314983,,,,S LIPONA RD,,5,14,1,EC2
89141932,2019,2019-06-20 18:45,2,3,Apalachee Pkwy,2120,30.43193,-84.244119,,,,,,9,14,8,EC2
89141332,2019,2019-05-25 18:00,2,2,Wahnish Way,,30.431846,-84.289739,,,,RAILROAD AVE,,5,14,1,EC2
89141705,2019,2019-06-12 07:50,3,4,Apalachee Pkwy,,30.43183,-84.248277,206,,W,EVANGELINE WAY,,2,14,1,EC2
89141441,2019,2019-05-31 11:29,2,2,Apalachee Pkwy,,30.431544,-84.247546,46,,E,EVANGELINE WAY,,2,14,1,EC2
89142132,2019,2019-06-30 23:49,3,5,FAMU Way,,30.431485,-84.281952,,,,E OAKLAND AVE,,5,14,1,EC2
89140875,2019,2019-05-06 13:33,2,2,E OAKLAND AVE,,30.431448,-84.2817,,,,S ADAMS ST,,5,14,1,EC2
89141954,2019,2019-06-21 17:51,2,4,OAKLAND AVE E,,30.431444,-84.279925,219,,E,S MONROE ST,,5,14,1,EC2
89140643,2019,2019-04-28 15:52,2,3,S Adams St,,30.431405,-84.281863,,,,FAMU WAY,,5,14,1,EC2
89141351,2019,2019-05-28 07:51,3,3,S Magnolia Dr,,30.431358,-84.261836,121,,S,CAMELLIA DR,,3,14,1,EC2
89141762,2019,2019-06-14 10:24,2,3,S Adams St,,30.431301,-84.281831,,,,E OAKLAND AVE,,5,14,1,EC2
89141562,2019,2019-06-05 17:58,2,4,Capital Circle SE,,30.431256,-84.226501,57,,N,DICK WILSON BLVD,,5,14,1,EC2
89141944,2019,2019-06-21 08:32,2,2,Capital Circle SE,,30.43119,-84.226816,,,,DICK WILSON BLVD,,2,14,1,EC2
89140208,2019,2019-04-13 16:00,2,3,Lake Bradford Rd,1330,30.431181,-84.302507,,,,,,9,14,8,EC2
89141578,2019,2019-06-06 09:56,2,3,SUTOR RD,,30.431157,-84.211974,,,,PICKETT CT,,5,14,1,EC2
89141584,2019,2019-06-06 11:24,2,5,Dick Wilson Blvd,,30.431123,-84.226328,,,,CAPITAL CIR SE,,5,14,1,EC2
89140973,2019,2019-05-10 13:07,2,3,Apalachee Pkwy,1779,30.431061,-84.250582,,,,,,9,14,1,EC2
89141581,2019,2019-06-06 11:18,2,2,E HARRISON ST,,30.430414,-84.28072,,,,S MONROE ST,,5,14,1,EC2
89141552,2019,2019-06-05 07:47,2,2,Blair Stone Rd,,30.43035,-84.249524,677,,S,APALACHEE PKWY,,5,14,1,EC2
89141658,2019,2019-06-11 08:19,2,2,Apalachee Pkwy,,30.430081,-84.244184,161,,W,N PAUL RUSSELL RD,,2,14,1,EC2
89141118,2019,2019-05-16 13:09,2,3,Apalachee Pkwy,,30.429917,-84.243281,123,,E,N PAUL RUSSELL RD,,2,14,1,EC2
89125706,2019,2019-05-03 12:41,2,3,PALMER AVENUE,,30.42988,-84.28421,,,,S. ML KING JR. BLVD.,,5,14,1,EC2
89141752,2019,2019-06-13 20:13,2,3,Apalachee Pkwy,,30.429866,-84.243242,400,,E,PAUL RUSSELL RD,,5,14,1,EC2
89140032,2019,2019-04-08 15:01,3,3,Lake Bradford Rd,,30.42982,-84.302247,,,,EPPES DR E,,5,14,1,EC2
89140574,2019,2019-04-26 17:47,2,4,EPPES DR E,,30.429807,-84.302342,20,,N,LAKE BRADFORD RD,,5,14,1,EC2
89142119,2019,2019-06-29 14:30,3,4,Apalachee Pkwy,,30.429723,-84.242773,68,,W,ALBRITTON DR,,2,14,1,EC2
89141613,2019,2019-06-07 17:17,2,3,Capital Circle SE,,30.42944,-84.226899,612,,S,DICK WILSON BLVD,,5,14,1,EC2
89125705,2019,2019-04-24 10:20,2,1,Wahnish Way,,30.42939,-84.28996,,,,GAMBLE STREET,,5,14,1,EC2
89140275,2019,2019-04-16 15:24,2,2,Pepper Dr,,30.429278,-84.302318,,,,LAKE BRADFORD RD,,5,14,1,EC2
89141487,2019,2019-05-31 19:08,2,2,Pepper Dr,,30.429239,-84.302408,,,,LAKE BRADFORD RD,,5,14,1,EC2
89142102,2019,2019-06-28 18:35,2,2,Capital Circle SE,,30.429125,-84.226686,613,,N,APALACHEE PKWY,,5,14,1,EC2
89141492,2019,2019-06-03 11:57,2,3,Apalachee Pkwy,3628,30.429027,-84.210794,,,,,,9,14,2,EC2
87249936,2019,2019-05-01 20:50,2,2,US-27,,30.42899,-84.20251,,,,CONNOR BLVD,,2,14,1,EC2
89140800,2019,2019-05-03 15:25,2,2,Roberts Ave,,30.428929,-84.321943,62,,E,PAUL DIRAC DR,,5,14,1,EC2
89140402,2019,2019-04-20 14:31,2,4,Blair Stone Rd,,30.428721,-84.249558,121,,N,OLD SAINT AUGUSTINE RD,,5,14,1,EC2
89140988,2019,2019-05-11 23:28,2,3,RICHARDSON RD,,30.428638,-84.239877,,,,APALACHEE PKWY,,2,14,1,EC2
89140633,2019,2019-04-28 13:01,2,2,OLD SAINT AUGUSTINE RD,,30.428588,-84.249762,106,,N,BLAIR STONE RD,,5,14,1,EC2
89139782,2019,2019-04-01 13:15,2,1,PARKING LOT OLD SAINT AUGUSTINE ROAD,1741,30.42856,-84.2503,,,,,,9,14,1,EC2
89140779,2019,2019-05-02 22:30,3,3,Apalachee Pkwy,,30.428493,-84.21064,287,,W,COPPER CREEK DR,,4,14,1,EC2
89140164,2019,2019-04-12 21:54,2,2,RUSSELL ST,,30.428464,-84.295751,78,,N,GAMBLE ST,,5,14,1,EC2
89140076,2019,2019-04-10 10:09,2,2,IDLEWILD DR,,30.428392,-84.21627,106,,N,APALACHEE PKWY,,5,14,1,EC2
89141836,2019,2019-06-17 13:05,2,3,Apalachee Pkwy,,30.428349,-84.212749,,,,SUTOR RD,,2,14,1,EC2
89140107,2019,2019-04-11 12:11,2,2,Apalachee Pkwy,,30.428221,-84.21281,,,,SUTOR RD,,5,14,1,EC2
89139969,2019,2019-04-05 17:17,3,3,S Magnolia Dr,,30.42821,-84.26192,,,,SARASOTA DR,,5,14,1,EC2
89140901,2019,2019-05-07 07:19,2,3,ELBERTA DR,1528,30.428162,-84.307971,423,,W,SUMMERVILLE ST,,5,14,1,EC2
89142123,2019,2019-06-29 17:49,2,2,Apalachee Pkwy,,30.428143,-84.216032,95,,E,IDLEWILD DR,,5,14,1,EC2
89140279,2019,2019-04-16 18:07,2,2,Blair Stone Rd,,30.428109,-84.249503,10,,S,OLD ST AUGUSTINE RD,,5,14,1,EC2
89140953,2019,2019-05-09 13:02,2,2,Blair Stone Rd,,30.428053,-84.249472,126,,S,OLD SAINT AUGUSTINE RD,,5,14,1,EC2
89139970,2019,2019-04-05 18:36,2,5,Apalachee Pkwy,,30.428022,-84.216368,,,,IDLEWILD DR,,5,14,1,EC2
89141696,2019,2019-06-11 21:25,2,3,Apalachee Pkwy,,30.428013,-84.216363,,,,IDLEWILD DR,,3,14,1,EC2