report_number,crash_year,crash_date_time,total_number_of_vehicles,total_number_of_persons,on_street_road_highway,street_address_number,latitude,longitude,feet_from_intersection,miles_from_intersection,direction_from_intersection,from_intersection_of,from_milepost_number,road_system_identifier,first_harmful_event,harmful_event_location,other1
89140240,2019,2019-04-15 17:20,2,2,Apalachee Pkwy,,30.428002,-84.238208,421,,W,CROSS CREEK CIR,,5,14,1,EC2
89140538,2019,2019-04-25 17:25,2,2,Blair Stone Rd,,30.427981,-84.249419,153,,S,OLD SAINT AUGUSTINE RD,,5,14,1,EC2
89297547,2019,2019-06-28 17:40,2,3,Blountstown Hwy,,30.42795,-84.53291,,,E,JOE THOMAS RD E,,3,14,1,EC2
89140871,2019,2019-05-06 11:51,2,2,Apalachee Pkwy,,30.427933,-84.21738,329,,W,IDLEWILD DR,,2,14,1,EC2
88027219,2019,2019-05-29 13:15,2,4,STATE ROAD 20 W (BLOUNTSTOWN HIGHWAY),,30.42779,-84.53315,300,,W,JOE THOMAS ROAD EAST,,3,14,1,EC2
89140690,2019,2019-04-30 12:28,2,4,Apalachee Pkwy,,30.427727,-84.222223,108,,W,CAY LN,,2,14,1,EC2
89140132,2019,2019-04-10 21:20,2,5,Capital Circle SE,,30.427723,-84.226853,125,,N,APALACHEE PKWY,,4,14,1,EC2
89141661,2019,2019-06-11 07:49,2,2,Apalachee Pkwy,,30.427688,-84.222752,275,,W,CAY LN,,2,14,1,EC2
89140361,2019,2019-04-19 10:46,2,2,Capital Circle SE,,30.427641,-84.226806,95,,N,APALACHEE PKWY,,2,14,1,EC2
89140777,2019,2019-05-02 22:10,3,4,Apalachee Pkwy,,30.427637,-84.237288,102,,W,CROSS CREEK CIR,,2,14,1,EC2
89140814,2019,2019-05-04 11:34,2,2,KEITH ST,,30.427623,-84.297389,,,,FLORAL ST,,5,14,1,EC2
89141618,2019,2019-06-07 16:54,2,4,Holton St,,30.427615,-84.296277,,,,FLORAL ST,,5,14,1,EC2
89140575,2019,2019-04-26 19:13,2,2,Saxon St,,30.427606,-84.295148,,,,FLORAL ST,,5,14,1,EC2
89141115,2019,2019-05-16 12:20,2,6,Apalachee Pkwy,,30.427585,-84.226494,59,,E,CAPITAL CIR SE,,2,14,1,EC2
89141196,2019,2019-05-19 08:19,2,2,Apalachee Pkwy,,30.427576,-84.226511,,,,CAPITAL CIR SE,,2,14,1,EC2
89141972,2019,2019-06-22 10:33,2,2,Capital Circle SE,,30.427563,-84.227013,67,,N,APALACHEE PKWY,,2,14,1,EC2
89141950,2019,2019-06-21 11:07,2,2,Apalachee Pkwy,,30.42756,-84.226517,51,,E,CAPITAL CIR SE,,5,14,1,EC2
89141130,2019,2019-05-16 16:53,2,4,Apalachee Pkwy,,30.427552,-84.236914,21,,E,CROSS CREEK CIR,,3,14,1,EC2
89140934,2019,2019-05-08 16:33,2,2,Capital Circle SE,,30.427542,-84.227039,,,,APALACHEE PKWY,,5,14,1,EC2
89125693,2019,2019-04-08 10:50,2,1,Parking Lot,,30.42752,-84.28512,80,,W,BRONOUGH ST,,5,14,8,EC2
89125661,2019,2019-04-08 12:20,2,1,PARKING GARAGE,,30.42751,-84.29008,,,,WAHNISH WAY / GAMBLE STREET,,5,14,1,EC2
89141861,2019,2019-06-18 12:49,2,2,Apalachee Pkwy,,30.42749,-84.237067,18,,W,CROSS CREEK CIR,,2,14,1,EC2
89141168,2019,2019-05-17 18:09,2,2,Apalachee Pkwy,,30.427421,-84.22844,37,,W,KINGS DR,,2,14,2,EC2
89140556,2019,2019-04-26 11:57,2,2,Capital Circle SE,,30.427404,-84.226633,,,,APALACHEE PKWY,,2,14,1,EC2
89140732,2019,2019-05-01 18:09,2,2,Apalachee Pkwy,,30.427371,-84.227031,48,,W,CAPITAL CIR SE,,5,14,1,EC2
89140889,2019,2019-05-06 16:56,2,2,Apalachee Pkwy,3535,30.427348,-84.213156,,,,,,9,14,8,EC2
89140349,2019,2019-04-19 00:43,2,2,Apalachee Pkwy,,30.427318,-84.226185,152,,E,CAPITAL CIR SE,,5,14,1,EC2
88056965,2019,2019-04-06 13:40,2,2,UNITED STATES-27 (APALACHEE PARKWAY),,30.4272911969842,-84.2276919856906,25,,W,UNITED STATES-319 (CAPITAL CIRCLE).1,,2,14,1,EC2
89141501,2019,2019-06-03 13:51,2,2,Apalachee Pkwy,,30.42729,-84.226509,,,,CAPITAL CIR SE,,2,14,1,EC2
89141054,2019,2019-05-14 08:09,4,4,Capital Circle SE,,30.427264,-84.226911,,,,APALACHEE PKWY,,2,14,1,EC2
89140586,2019,2019-04-27 02:24,2,3,Apalachee Pkwy,,30.427263,-84.23558,,,,EXECUTIVE CENTER DR,,5,14,1,EC2
89141331,2019,2019-05-26 22:06,2,4,Capital Circle SE,,30.427249,-84.226485,,,,APALACHEE PKWY,,5,14,1,EC2
89141313,2019,2019-05-25 10:03,2,3,Capital Circle SE,,30.427189,-84.226856,,,,APALACHEE PKWY,,2,14,1,EC2
89139813,2019,2019-04-01 17:55,5,5,Apalachee Pkwy,,30.427185,-84.228845,171,,W,KINGS DR,,5,14,1,EC2
89141455,2019,2019-05-31 17:53,2,4,Apalachee Pkwy,,30.427166,-84.229194,155,,E,FOREST TOWER DR,,1,14,1,EC2
89141239,2019,2019-05-21 15:00,2,3,Apalachee Pkwy,,30.427158,-84.228664,115,,W,KINGS DR,,2,14,1,EC2
89140041,2019,2019-04-08 16:40,2,3,Capital Circle SE,,30.427148,-84.226553,63,,S,APALACHEE PKWY,,3,14,1,EC2
89140487,2019,2019-04-23 16:45,2,2,UNNAMED RD,,30.427148,-84.213599,,,,,,9,14,2,EC2
89141566,2019,2019-06-05 23:00,2,2,Capital Circle SE,,30.42713,-84.226632,69,,S,APALACHEE PKWY,,4,14,1,EC2
89140224,2019,2019-04-15 10:30,2,3,FOREST TOWER DR,,30.427116,-84.229669,27,,S,APALACHEE PKWY,,5,14,1,EC2
89141466,2019,2019-06-01 09:33,2,2,Apalachee Pkwy,,30.427083,-84.232647,,,,RICHVIEW RD,,2,14,1,EC2
89139798,2019,2019-04-01 17:05,2,2,S Adams St,,30.427077,-84.281905,,,,PALMER AVE W,,5,14,1,EC2
89140298,2019,2019-04-17 15:42,3,3,Capital Circle SE,,30.42701,-84.226639,50,,S,APALACHEE PKWY,,5,14,1,EC2
89142079,2019,2019-06-27 17:10,2,2,THE PALMS OF APALACHEE,,30.426977,-84.231875,26,,S,APALACHEE PKWY,,2,14,1,EC2
89141712,2019,2019-06-12 15:05,2,2,Apalachee Pkwy,,30.426975,-84.232492,5,,E,RICHVIEW RD,,2,14,1,EC2
89141842,2019,2019-06-17 19:10,2,2,Capital Circle SE,,30.426968,-84.226649,128,,S,APALACHEE PKWY,,4,14,1,EC2
89140303,2019,2019-04-17 17:15,2,2,RANKIN AVE,,30.426909,-84.345008,295,,S,ROSWELL DR,,5,14,1,EC2
89141755,2019,2019-06-09 22:00,2,3,Gamble St,,30.426701,-84.30197,131,,E,STUCKEY AVE,,5,14,1,EC2
89140876,2019,2019-05-06 14:00,2,2,FISHER LN,1434,30.426673,-84.241359,,,,,,9,14,2,EC2
89141083,2019,2019-05-15 10:23,2,2,Blair Stone Rd,2601,30.426655,-84.2482,,,,,,9,14,1,EC2
89142083,2019,2019-06-27 16:30,2,2,THE MEADOWS MOBILE HOME PARK,,30.426647,-84.337907,,,,,,9,14,1,EC2
89125721,2019,2019-06-11 00:00,2,2,HUDSON STREET,,30.42661111,-84.28445278,,,,,,5,14,2,EC2
89140650,2019,2019-04-28 21:39,2,2,Stuckey Ave,,30.42655,-84.303212,,,,INDIAN RIVER ST,,5,14,1,EC2
89141504,2019,2019-06-03 15:30,2,2,Capital Circle SE,,30.426545,-84.226635,282,,S,APALACHEE PKWY,,2,14,1,EC2
89141255,2019,2019-05-22 08:46,2,3,Stuckey Ave,,30.426513,-84.302278,,,W,LAKE BRADFORD RD,,5,14,1,EC2
89140623,2019,2019-04-28 05:47,2,7,Stuckey Ave,,30.426511,-84.302354,,,,LAKE BRADFORD RD,,5,14,1,EC2
89140726,2019,2019-05-01 15:51,2,3,Apalachee Pkwy,3535,30.42635,-84.213744,,,,,,9,14,8,EC2
89141526,2019,2019-06-04 12:33,2,3,S Monroe St,1622,30.426256,-84.280782,,,,,,9,14,2,EC2
89140382,2019,2019-04-19 22:56,3,1,S Monroe St,1618,30.426213,-84.280392,,,,,,9,14,1,EC2
89125707,2019,2019-05-03 17:10,2,2,PERRY STREET,1601,30.42606,-84.29179,2000,,S,GAMBLE STREET,,5,14,2,EC2
89140709,2019,2019-04-30 20:25,3,3,S Adams St,,30.426032,-84.281873,387,,N,LEE HALL DR,,3,14,1,EC2
89141056,2019,2019-05-14 08:15,2,2,FOREST TOWER DR,2979,30.425693,-84.229703,,,,,,9,14,2,EC2
89140806,2019,2019-05-03 19:55,2,3,Lake Bradford Rd,,30.425641,-84.302368,48,,N,MCCASKILL AVE,,5,14,1,EC2
89141250,2019,2019-05-21 17:22,2,3,Blair Stone Rd,,30.425622,-84.249458,556,,S,BLAIRSTONE PINES DR,,5,14,1,EC2
89141667,2019,2019-06-10 11:04,2,2,MCCASKILL AVE,,30.42549,-84.302411,,,,LAKE BRADFORD RD,,5,14,1,EC2
89140666,2019,2019-04-29 13:55,2,2,Lake Bradford Rd,,30.425284,-84.302367,82,,S,MCCASKILL AVE,,5,14,1,EC2
89141622,2019,2019-06-07 17:21,2,3,S Adams St,,30.425095,-84.281968,45,,N,LEE HALL DR,,5,14,1,EC2
89141400,2019,2019-05-29 14:31,2,3,S Monroe St,,30.424791,-84.280677,885,,S,E PALMER AVE,,5,14,1,EC2
89139838,2019,2019-04-02 11:08,2,2,LAKE AVE,,30.424506,-84.302398,,,,LAKE BRADFORD RD,,5,14,1,EC2
89125714,2019,2019-05-10 13:05,2,2,S. MLK JR BLVD,1740,30.42444,-84.2859,,,,PINDER DR,,5,14,1,EC2
89140880,2019,2019-05-06 16:46,2,2,Capital Circle SE,,30.424405,-84.226689,260,,N,CONNIE DR,,5,14,1,EC2
89140353,2019,2019-04-19 07:58,2,2,OLD SAINT AUGUSTINE RD,,30.424249,-84.240951,,,,CHINA GROVE TRL,,5,14,1,EC2
89140357,2019,2019-04-19 07:45,2,3,OLD SAINT AUGUSTINE RD,,30.424204,-84.240674,111,,E,CHINA GROVE TRL,,5,14,1,EC2
89125683,2019,2019-04-04 21:23,2,1,Wahnish Way,,30.42345278,-84.28968889,30,,S,OKALOOSA STREET,,5,14,8,EC2
89141599,2019,2019-06-07 08:42,2,2,OLD SAINT AUGUSTINE RD,,30.42324,-84.237733,,,,HENDRIX RD,,5,14,1,EC2
89141035,2019,2019-05-13 12:48,2,2,OLD SAINT AUGUSTINE RD,,30.423209,-84.23775,,,,HENDRIX RD,,5,14,1,EC2
89142051,2019,2019-06-26 15:57,2,2,S Adams St,,30.422884,-84.282029,70,,N,YOUNG ST,,3,14,1,EC2
89141889,2019,2019-06-19 12:20,2,3,Kissimmee St,,30.422592,-84.289742,26,,W,WAHNISH WAY,,5,14,1,EC2
89139886,2019,2019-04-03 18:40,2,2,Kissimmee St,,30.422573,-84.295083,,,,SAXON ST,,5,14,1,EC2
89140168,2019,2019-04-13 03:00,2,2,Lake Bradford Rd,,30.422564,-84.30235,56,,N,KISSIMMEE ST,,5,14,1,EC2
89140316,2019,2019-04-18 08:18,2,2,Holton St,,30.422559,-84.296186,,,,KISSIMMEE ST,,5,14,1,EC2
89297727,2019,2019-06-26 16:05,2,3,Apalachee Pkwy,,30.422486,-84.11864,,,,CHAIRES CROSS RD,,2,14,1,EC2
87270822,2019,2019-04-12 23:14,2,3,U.S. HIGHWAY 27 (STATE ROAD 20),,30.42248,-84.11866,,,,COUNTY ROAD 1543 (CHAIRES CROSS RD),,2,14,1,EC2
89140024,2019,2019-04-08 08:30,2,2,MILL ST,,30.422471,-84.298833,,,,KISSIMMEE ST,,5,14,1,EC2
89140338,2019,2019-04-18 17:00,2,5,PERKINS ST,,30.422235,-84.280637,,,,S MONROE ST,,5,14,1,EC2
89141288,2019,2019-05-23 17:44,2,3,OLD SAINT AUGUSTINE RD,,30.422184,-84.23485,36,,E,E EXECUTIVE CENTER CIR,,5,14,1,EC2
87505467,2019,2019-05-08 18:40,1,2,Capital Circle SW,,30.422153,-84.352274,1215,,N,W ORANGE AVE,,3,14,3,EC2
89141657,2019,2019-06-10 08:16,3,3,S Adams St,,30.421841,-84.28202,5,,N,W OSCEOLA ST,,3,14,1,EC2
89125660,2019,2019-04-05 11:01,2,2,GRAVEL PARKING LOT OSCEOLA,,30.42184,-84.28571,500,,S,PINDER STREET / OSCEOLA STREET,,5,14,8,EC2
89125686,2019,2019-04-26 00:00,2,2,W OSCEOLA ST,,30.4217743467968,-84.286456249754,,,E,OSCEOLA STREET & SOUTH MLK,,5,14,1,EC2
89141821,2019,2019-06-16 16:04,2,4,Osceola St,,30.421711,-84.290517,267,,W,W OSCEOLA ST,,5,14,1,EC2
89125715,2019,2019-05-04 00:00,2,2,OSCEOLA STREET,400,30.42171,-84.28965,500,,E,WAHNISH WAY,,5,14,1,EC2
89139814,2019,2019-04-01 15:45,2,2,Osceola St,,30.421701,-84.29014,148,,W,W OSCEOLA ST,,5,14,1,EC2
89141327,2019,2019-05-26 13:15,2,3,WARWICK ST,,30.421398,-84.303862,363,,N,HUTCHINSON ST,,5,14,1,EC2
89140542,2019,2019-04-25 18:20,2,2,S Adams St,,30.421096,-84.282075,93,,N,LINCOLN ST,,3,14,1,EC2
89140485,2019,2019-04-23 17:10,2,2,Jim Lee Rd,,30.42095,-84.263934,,,,S MAGNOLIA DR,,5,14,1,EC2
89139785,2019,2019-04-01 07:25,2,3,Capital Circle SE,,30.4209,-84.228562,,,,OLD ST AUGUSTINE RD,,2,14,1,EC2
89141245,2019,2019-05-21 17:10,2,2,S Adams St,,30.420837,-84.282033,,,,LINCOLN ST,,5,14,1,EC2
89141763,2019,2019-06-14 09:30,2,4,Capital Circle SE,,30.420786,-84.229141,,,,OLD SAINT AUGUSTINE RD,,2,14,1,EC2
89140837,2019,2019-05-04 22:22,2,4,S Adams St,,30.42067,-84.282084,62,,S,LINCOLN ST,,5,14,1,EC2
89141339,2019,2019-05-27 12:40,2,4,S Blair Stone Rd,2731,30.420544,-84.249623,,,,,,9,14,1,EC2
89140708,2019,2019-04-30 17:22,2,2,S Adams St,,30.420421,-84.282089,153,,S,LINCOLN ST,,3,14,1,EC2
89141126,2019,2019-05-16 15:40,3,3,S Adams St,,30.420228,-84.282098,101,,N,PALMETTO ST,,4,14,1,EC2
89139897,2019,2019-04-03 23:42,2,2,E Magnolia Dr,,30.420054,-84.268191,223,,E,COUNTRY CLUB DR,,5,14,1,EC2
89140310,2019,2019-04-17 23:20,2,3,E Magnolia Dr,,30.420053,-84.268774,,,,COUNTRY CLUB DR,,5,14,1,EC2
89141017,2019,2019-05-12 16:29,2,2,E Magnolia Dr,,30.420013,-84.267393,149,,W,OLD FORT DR,,5,14,1,EC2
89140082,2019,2019-04-10 15:16,2,4,E Magnolia Dr,,30.419938,-84.275514,225,,E,GOLF TERRACE DR,,5,14,1,EC2
89139808,2019,2019-04-01 16:47,3,3,E Magnolia Dr,,30.419928,-84.276223,,,,GOLF TERRACE DR,,5,14,1,EC2
89139829,2019,2019-04-01 16:47,2,2,E Magnolia Dr,,30.419924,-84.276238,,,,GOLF TERRACE DR,,5,14,1,EC2
89141384,2019,2019-05-28 22:00,2,2,E Magnolia Dr,,30.419917,-84.280651,,,,S MONROE ST,,5,14,1,EC2
89140381,2019,2019-04-19 22:35,2,4,E Magnolia Dr,,30.419913,-84.280523,,,,S MONROE ST,,5,14,1,EC2
89139895,2019,2019-04-04 00:53,2,2,CAMPBELL ST,,30.419898,-84.296169,,,,HOLTON ST,,5,14,1,EC2
89139884,2019,2019-04-03 17:00,2,6,Holton St,,30.419896,-84.296195,5,,S,CAMPBELL ST,,5,14,1,EC2
89125694,2019,2019-04-09 02:20,2,2,PALMETTO N 152,,30.41953,-84.28447,,,,ADAMS STREET,,5,14,1,EC2
89141203,2019,2019-05-19 16:24,2,2,W Orange Ave,,30.419343,-84.350134,122,,E,CAPITAL CIR SW,,5,14,1,EC2
89139770,2019,2019-04-01 07:36,2,2,S Adams St,,30.41932,-84.282093,229,,S,PALMETTO ST,,5,14,1,EC2
88060350,2019,2019-05-07 07:10,2,2,WB US 27 (APALACHEE PARKWAY),,30.4192531113448,-84.1555564741763,1,,N,7150 APALACHEE PKWY,,2,14,1,EC2
88135039,2019,2019-06-03 15:35,2,2,U.S. 27 (STATE ROAD 20),,30.4192520335234,-84.1402718249916,,,,LOUVENIA DRIVE,,2,14,1,EC2
89140824,2019,2019-05-04 14:30,3,1,E Magnolia Dr,509,30.418869,-84.274556,,,,,,9,14,1,EC2
89297541,2019,2019-05-20 16:28,2,6,OLD SAINT AUGUSTINE RD,,30.418408,-84.219116,,,,OLD FRIENDS DR,,5,14,1,EC2
89140241,2019,2019-04-15 17:37,2,2,WALLIS ST,,30.418348,-84.282187,,,,S ADAMS ST,,5,14,1,EC2
89141416,2019,2019-05-30 07:40,2,3,Lake Bradford Rd,,30.418222,-84.302379,100,,N,SPRINGHILL RD,,5,14,1,EC2
89141294,2019,2019-05-24 11:20,2,3,W Orange Ave,,30.418134,-84.348104,920,,E,CAPITAL CIR SW,,5,14,1,EC2
89297638,2019,2019-05-21 17:37,2,2,Blountstown Hwy,,30.417839,-84.546199,137,,E,HARVEY MILL CREEK RD,,3,14,1,EC2
89140091,2019,2019-04-10 18:22,2,2,Putnam Dr,400,30.41742,-84.278432,,,,,,9,14,8,EC2
89139928,2019,2019-04-04 17:50,2,2,BRIGHTON RD,,30.417302,-84.271407,265,,S,WALLIS ST,,3,14,1,EC2
89140686,2019,2019-04-30 12:00,2,2,Blair Stone Rd,,30.416939,-84.250954,,,,WILLOW BEND WAY,,5,14,1,EC2
89141907,2019,2019-06-19 20:20,2,1,Midyette Rd,2074,30.416627,-84.235756,,,,,,9,14,8,EC2
89140967,2019,2019-05-09 23:43,3,6,Putnam Dr,,30.416606,-84.280509,,,,S MONROE ST,,5,14,1,EC2
89140937,2019,2019-05-08 16:21,2,4,TEXAS ST,,30.416588,-84.274989,,,,PUTNAM DR,,5,14,1,EC2
89141586,2019,2019-06-06 14:10,2,3,S Monroe St,,30.416534,-84.280675,20,,S,PUTNAM DR,,3,14,1,EC2
89141215,2019,2019-05-20 14:34,2,5,BRIGHTON RD,,30.416389,-84.271395,,,,PUTNAM DR,,5,14,1,EC2
89141159,2019,2019-05-17 17:00,2,3,Midyette Rd,,30.415806,-84.234927,5,,W,J S DILLON AVE,,5,14,1,EC2
89140968,2019,2019-05-10 06:43,2,2,GORE AVE,,30.415771,-84.291453,539,,W,WAHNISH WAY,,5,14,1,EC2
89140397,2019,2019-04-20 13:05,2,2,S Monroe St,2526,30.415495,-84.281985,,,,,,9,14,8,EC2
89141317,2019,2019-05-25 14:35,2,3,S Monroe St,2525,30.415303,-84.2789,,,,,,9,14,8,EC2
89140715,2019,2019-05-01 08:15,2,3,Springhill Rd,,30.415181,-84.302284,,,,MILL ST,,5,14,1,EC2
89142136,2019,2019-06-30 14:10,2,3,S Monroe St,,30.414988,-84.280709,300,,N,ORANGE AVE E,,2,14,1,EC2
89142042,2019,2019-06-26 12:50,2,3,Holton St,2502,30.414953,-84.298828,,,,,,9,14,8,EC2
89141791,2019,2019-06-15 11:15,2,3,S Adams St,,30.414943,-84.28267,491,,N,POLK DR,,5,14,1,EC2
89140147,2019,2019-04-12 12:46,2,4,E Orange Ave,2525,30.414755,-84.280187,,,,,,9,14,8,EC2
89141820,2019,2019-06-16 17:16,2,2,S Meridian St,2562,30.414456,-84.277893,,,,,,9,14,2,EC2
89140531,2019,2019-04-25 14:02,2,2,EISENHOWER ST,,30.414289,-84.334592,,,,W ORANGE AVE,,5,14,1,EC2
89139996,2019,2019-04-06 17:31,2,4,POLK DR,,30.413601,-84.282862,,,,S ADAMS ST,,5,14,1,EC2
89141109,2019,2019-05-16 08:31,2,3,S Adams St,,30.413483,-84.282835,43,,S,POLK DR,,5,14,1,EC2
89125712,2019,2019-04-27 12:20,2,2,Orange Ave,,30.41316,-84.28821,,,,,,5,14,1,EC2
89141141,2019,2019-05-16 18:45,2,3,Springhill Rd,,30.412863,-84.30327,30,,N,W ORANGE AVE,,3,14,1,EC2
89139872,2019,2019-04-03 10:30,2,2,W Orange Ave,872,30.412843,-84.297083,,,,,,9,14,2,EC2
89141292,2019,2019-05-24 08:20,2,2,OAK HAMMOCK LN,,30.412842,-84.245845,52,,W,OAK HAMMOCK CT,,5,14,1,EC2
89142106,2019,2019-06-28 21:27,2,2,Springhill Rd,,30.412815,-84.30334,32,,S,W ORANGE AVE,,5,14,1,EC2
89139791,2019,2019-04-01 15:25,2,4,Springhill Rd,,30.412781,-84.303204,,,,W ORANGE AVE,,5,14,1,EC2
89140218,2019,2019-04-15 08:25,2,2,S Meridian St,,30.412756,-84.277091,,,,E ORANGE AVE,,5,14,1,EC2
89140707,2019,2019-04-30 21:15,2,3,Jim Lee Rd,,30.412729,-84.264044,10,,S,E ORANGE AVE,,5,14,1,EC2
89140604,2019,2019-04-27 15:30,2,3,S Meridian St,,30.41271,-84.277057,,,,E ORANGE AVE,,5,14,1,EC2
89141122,2019,2019-05-16 13:18,2,2,S Meridian St,,30.412686,-84.277062,,,,E ORANGE AVE,,3,14,1,EC2
89141731,2019,2019-06-12 20:25,3,4,W Orange Ave,,30.412679,-84.306966,,,,LAKE MUNSON ST,,5,14,1,EC2
89140791,2019,2019-05-03 09:40,2,2,W Orange Ave,,30.412667,-84.308981,,,N,LAKE BRADFORD RD,,5,14,1,EC2
89139820,2019,2019-04-01 17:09,2,2,S Adams St,,30.412665,-84.283039,31,,N,E ORANGE AVE,,5,14,1,EC2
89140544,2019,2019-04-25 17:36,2,2,W Orange Ave,,30.412656,-84.303409,,,,SPRINGHILL RD,,3,14,1,EC2
89141624,2019,2019-06-07 17:01,2,4,E Orange Ave,,30.41264,-84.276723,109,,E,S MERIDIAN ST,,3,14,1,EC2
89141896,2019,2019-06-19 14:31,3,4,E Orange Ave,,30.41264,-84.277301,,,,S MERIDIAN ST,,3,14,1,EC2
89140383,2019,2019-04-20 03:36,2,4,W Orange Ave,,30.412632,-84.303423,,,,SPRINGHILL RD,,5,14,1,EC2
89141795,2019,2019-06-15 14:42,2,2,W Orange Ave,,30.412631,-84.283133,,,,S ADAMS ST,,5,14,1,EC2
89140434,2019,2019-04-21 18:41,2,2,Wahnish Way,,30.412624,-84.289797,,,,W ORANGE AVE,,5,14,1,EC2
89140115,2019,2019-04-11 17:55,2,2,E Orange Ave,,30.412614,-84.279813,259,,E,S MONROE ST,,5,14,1,EC2
89140735,2019,2019-05-01 17:21,2,2,W Orange Ave,,30.412614,-84.286579,1011,,E,WAHNISH WAY,,3,14,1,EC2
89140127,2019,2019-04-11 17:45,2,2,W Orange Ave,,30.412608,-84.293799,85,,E,PASCO ST,,3,14,1,EC2
89141792,2019,2019-06-15 12:43,2,5,W Orange Ave,,30.412607,-84.2895,,,,WAHNISH WAY,,5,14,1,EC2
89140980,2019,2019-05-10 15:49,2,2,E Orange Ave,,30.412606,-84.279377,396,,E,S MONROE ST,,5,14,1,EC2
89141103,2019,2019-05-15 21:51,2,2,W Orange Ave,,30.412601,-84.295222,,,,SAXON ST,,5,14,1,EC2
89140612,2019,2019-04-27 19:40,3,5,W Orange Ave,,30.4126,-84.289295,156,,E,WAHNISH WAY,,5,14,1,EC2
89141601,2019,2019-06-07 10:53,2,2,W Orange Ave,,30.412591,-84.295537,122,,W,SAXON ST,,5,14,1,EC2
89139986,2019,2019-04-06 14:36,2,3,E Orange Ave,,30.41259,-84.279948,216,,E,S MONROE ST,,5,14,1,EC2
89141465,2019,2019-06-01 14:23,2,2,W Orange Ave,,30.412586,-84.303035,,,,SPRINGHILL RD,,5,14,1,EC2
89140116,2019,2019-04-11 17:55,2,2,W Orange Ave,,30.412584,-84.293792,88,,E,PASCO ST,,5,14,1,EC2
89140358,2019,2019-04-19 09:57,2,2,N PAUL RUSSELL RD,,30.412584,-84.243666,,,,MONDAY RD,,5,14,1,EC2
89142128,2019,2019-06-30 03:41,2,2,W Orange Ave,,30.412583,-84.294053,,,E,PASCO ST,,5,14,1,EC2
89142040,2019,2019-06-26 10:34,2,2,W Orange Ave,,30.412579,-84.295665,128,,E,HOLTON ST,,5,14,1,EC2
89141409,2019,2019-05-29 17:20,2,3,W Orange Ave,,30.412576,-84.291473,474,,E,WALNUT ST,,5,14,1,EC2
89141935,2019,2019-06-20 21:44,2,3,E Orange Ave,,30.412573,-84.283,,,,S ADAMS ST,,5,14,1,EC2
89140483,2019,2019-04-23 15:40,2,6,W Orange Ave,,30.412572,-84.294076,,,,PASCO ST,,5,14,1,EC2
89139933,2019,2019-04-04 22:32,2,2,KENNEDY DR,,30.412571,-84.311859,,,,W LAKE BRADFORD RD,,5,14,1,EC2
89139898,2019,2019-04-04 23:45,2,1,W Orange Ave,,30.41257,-84.289751,,,,WAHNISH WAY,,5,14,1,EC2
89140970,2019,2019-05-10 09:52,2,2,W Orange Ave,,30.412568,-84.283879,258,,W,S ADAMS ST,,3,14,1,EC2
89139997,2019,2019-04-06 22:40,2,2,E Orange Ave,,30.412567,-84.282763,,,,S ADAMS ST,,5,14,1,EC2
89140839,2019,2019-05-04 22:59,2,6,E Orange Ave,,30.412566,-84.280832,,,,S MONROE ST,,3,14,1,EC2
89140940,2019,2019-05-08 16:23,3,6,E Orange Ave,,30.412564,-84.282994,,,,S ADAMS ST,,3,14,1,EC2
89297661,2019,2019-06-05 14:42,2,4,E Orange Ave,,30.412563,-84.277849,246,,W,S MERIDIAN ST,,5,14,1,EC2
89140209,2019,2019-04-11 16:07,2,3,E Orange Ave,,30.41256,-84.282905,,,,S ADAMS ST,,5,14,1,EC2
89141959,2019,2019-06-21 16:12,2,2,W Orange Ave,,30.412559,-84.300204,877,,E,SPRINGHILL RD,,5,14,1,EC2
89139971,2019,2019-04-05 17:01,2,2,W Orange Ave,,30.412557,-84.290034,77,,W,WAHNISH WAY,,5,14,1,EC2
89141143,2019,2019-05-17 08:24,4,5,E Orange Ave,,30.412556,-84.280954,102,,W,S MONROE ST,,4,14,1,EC2
89141484,2019,2019-06-02 11:04,2,4,W Orange Ave,,30.412556,-84.300193,881,,E,SPRINGHILL RD,,5,14,1,EC2