report_number,crash_year,crash_date_time,total_number_of_vehicles,total_number_of_persons,on_street_road_highway,street_address_number,latitude,longitude,feet_from_intersection,miles_from_intersection,direction_from_intersection,from_intersection_of,from_milepost_number,road_system_identifier,first_harmful_event,harmful_event_location,other1
89141358,2019,2019-05-28 10:11,3,3,E Orange Ave,,30.412552,-84.280753,,,,S MONROE ST,,5,14,1,EC2
89140162,2019,2019-04-12 17:09,2,5,E Orange Ave,,30.412548,-84.28048,48,,E,S MONROE ST,,5,14,1,EC2
89141722,2019,2019-06-12 15:55,2,5,W Orange Ave,1109,30.412548,-84.299946,959,,E,SPRINGHILL RD,,4,14,1,EC2
89140919,2019,2019-05-07 16:42,3,4,W Orange Ave,,30.412538,-84.291216,449,,W,WAHNISH WAY,,3,14,1,EC2
89141333,2019,2019-05-26 16:30,2,3,W Orange Ave,,30.412534,-84.290497,222,,W,WAHNISH WAY,,3,14,1,EC2
89141863,2019,2019-06-18 14:52,3,3,S Adams St,,30.412533,-84.283045,,,,E ORANGE AVE,,3,14,1,EC2
89141868,2019,2019-06-18 16:53,2,2,E Orange Ave,,30.412526,-84.28283,,,,S ADAMS ST,,4,14,1,EC2
89140789,2019,2019-05-03 08:42,2,2,W Orange Ave,,30.412525,-84.300885,663,,E,SPRINGHILL RD,,3,14,1,EC2
89139966,2019,2019-04-05 05:13,3,3,W Orange Ave,,30.41252,-84.284264,379,,W,S ADAMS ST,,5,14,1,EC2
89140192,2019,2019-04-13 15:57,3,4,W Orange Ave,,30.41252,-84.284009,299,,W,S ADAMS ST,,5,14,1,EC2
89140380,2019,2019-04-19 22:05,2,3,W LAKE BRADFORD RD,,30.412515,-84.32623,79,,W,S LAKE BRADFORD RD,,5,14,1,EC2
89142073,2019,2019-06-27 08:40,2,3,W Orange Ave,,30.412515,-84.297139,337,,W,HOLTON ST,,3,14,1,EC2
89142089,2019,2019-06-28 07:42,2,2,E Orange Ave,,30.412512,-84.281783,363,,W,S MONROE ST,,5,14,1,EC2
89141846,2019,2019-06-17 17:50,2,2,E Orange Ave,,30.412499,-84.281342,224,,W,S MONROE ST,,5,14,1,EC2
89141169,2019,2019-05-17 16:49,2,2,Jim Lee Rd,,30.412483,-84.264172,,,E,E ORANGE AVE,,5,14,1,EC2
89140840,2019,2019-05-04 23:50,2,2,W Orange Ave,1143,30.412472,-84.302913,,,,,,9,14,8,EC2
89141871,2019,2019-06-18 18:08,2,2,E Orange Ave,,30.412467,-84.264645,,,W,JIM LEE RD,,5,14,1,EC2
89140685,2019,2019-04-30 11:05,2,2,E Orange Ave,,30.412462,-84.263715,,,,JIM LEE RD,,5,14,1,EC2
89140122,2019,2019-04-11 21:45,2,2,E Orange Ave,,30.412459,-84.280841,,,,S MONROE ST,,5,14,1,EC2
89142120,2019,2019-06-29 15:40,2,4,E Orange Ave,,30.412457,-84.280548,,,,S MONROE ST,,4,14,1,EC2
89140930,2019,2019-05-08 13:45,2,2,Springhill Rd,,30.412385,-84.303512,105,,S,W ORANGE AVE,,5,14,1,EC2
89139767,2019,2019-04-01 09:15,2,4,Jim Lee Rd,,30.412374,-84.264107,,,,E ORANGE AVE,,5,14,1,EC2
89140404,2019,2019-04-20 15:32,2,3,E Orange Ave,,30.41222,-84.253286,435,,W,BLAIR STONE RD,,5,14,1,EC2
89140820,2019,2019-05-04 12:54,2,5,S Monroe St,,30.412134,-84.280532,144,,S,E ORANGE AVE,,3,14,1,EC2
89140927,2019,2019-05-08 11:29,2,2,S Adams St,,30.412134,-84.283081,162,,S,E ORANGE AVE,,5,14,1,EC2
89140087,2019,2019-04-10 18:05,2,4,E Orange Ave,,30.412077,-84.222226,286,,W,MIST FLOWER RD,,5,14,1,EC2
89140818,2019,2019-05-04 12:45,2,2,E Orange Ave,,30.412044,-84.251232,20,,E,BLAIR STONE RD,,5,14,1,EC2
89141668,2019,2019-06-10 15:35,2,2,E Orange Ave,,30.412022,-84.249961,503,,E,BLAIR STONE RD,,5,14,1,EC2
89140264,2019,2019-04-16 11:00,2,3,S Adams St,,30.411926,-84.283113,238,,S,E ORANGE AVE,,5,14,1,EC2
89140598,2019,2019-04-27 12:52,2,2,S Adams St,,30.411775,-84.28305,290,,S,E ORANGE AVE,,3,14,1,EC2
89140997,2019,2019-05-11 11:41,2,4,S Adams St,,30.411751,-84.28306,300,,S,E ORANGE AVE,,4,14,1,EC2
89140035,2019,2019-04-08 17:27,2,2,E Orange Ave,,30.411728,-84.251881,53,,W,BLAIR STONE RD,,5,14,1,EC2
89141553,2019,2019-06-03 08:45,2,2,Blair Stone Rd,,30.411713,-84.251792,31,,N,E ORANGE AVE,,5,14,1,EC2
89140674,2019,2019-04-29 14:41,2,3,E Orange Ave,,30.411204,-84.247461,1129,,W,N PAUL RUSSELL RD,,5,14,1,EC2
89141106,2019,2019-05-16 07:26,4,4,Springhill Rd,,30.411114,-84.30405,66,,S,SAWMILL RD,,5,14,1,EC2
88060364,2019,2019-06-12 15:40,2,3,SB SR 261 (CAPITAL CIRCLE SE),,30.4110941838948,-84.2350481841776,10,,W,ORANGE AVENUE,,3,14,1,EC2
88111369,2019,2019-06-06 10:00,2,3,US 319 (STATE ROAD 261),,30.41098,-84.23505,50,,S,ORANGE AVE,,3,14,1,EC2
89141034,2019,2019-05-13 08:55,2,2,E Orange Ave,,30.410976,-84.234567,,,E,E ORANGE AVE,,5,14,1,EC2
89140315,2019,2019-04-18 06:50,2,2,Springhill Rd,,30.410713,-84.304214,73,,N,JOES RD,,5,14,1,EC2
89297700,2019,2019-06-24 20:40,2,3,LOUVINIA DR,,30.410145,-84.137772,,,,OLD SAINT AUGUSTINE RD,,4,14,1,EC2
89140903,2019,2019-05-07 08:10,2,4,Springhill Rd,,30.410094,-84.304511,171,,S,JOES RD,,5,14,1,EC2
89140862,2019,2019-05-05 10:04,2,3,S Adams St,2833,30.409971,-84.282847,,,,,,9,14,8,EC2
89141747,2019,2019-06-13 14:40,2,2,PROSPECT ST,,30.408588,-84.273427,,,,LAURA LEE AVE,,3,14,1,EC2
89141488,2019,2019-06-03 08:28,2,2,LAURA LEE AVE,,30.408557,-84.277012,,,,S MERIDIAN ST,,5,14,1,EC2
89141052,2019,2019-05-14 07:50,2,2,Springhill Rd,,30.408195,-84.305363,186,,N,SPRINGSAX DR,,5,14,1,EC2
87505294,2019,2019-04-02 10:14,2,2,SPRINGSAX DR,,30.407709,-84.305547,0,,,SPRINGHILL RD,,5,14,1,EC2
89141243,2019,2019-05-21 15:40,2,3,Capital Circle SE,,30.407227,-84.235142,,,,BARCELONA LN,,5,14,1,EC2
89141222,2019,2019-05-20 20:00,2,3,BLOSSOM CIR,,30.406807,-84.305202,252,,E,SPRINGHILL RD,,5,14,1,EC2
89141073,2019,2019-05-14 16:25,2,2,Paul Russell Rd,,30.406716,-84.24845,53,,W,BLAIR STONE RD,,5,14,1,EC2
89141882,2019,2019-06-19 09:25,2,2,Paul Russell Rd,440,30.405559,-84.277249,,,,,,9,14,8,EC2
89141987,2019,2019-06-23 14:10,2,2,S Monroe St,,30.405528,-84.280546,98,,N,PAUL RUSSELL RD,,5,14,1,EC2
89141193,2019,2019-05-18 18:35,2,4,GARFIELD ST,,30.405341,-84.274393,,,,PAUL RUSSELL RD,,5,14,1,EC2
89140982,2019,2019-05-10 15:48,2,6,Paul Russell Rd,,30.405318,-84.281464,265,,W,S MONROE ST,,5,14,1,EC2
89141602,2019,2019-06-07 10:40,2,8,S Adams St,,30.405119,-84.283649,22,,S,PAUL RUSSELL RD,,5,14,1,EC2
89297698,2019,2019-05-17 12:59,2,2,S Monroe St,,30.405012,-84.280675,90,,S,PAUL RUSSELL RD,,5,14,1,EC2
88109695,2019,2019-06-01 18:30,2,2,GOODWIN DRIVE,,30.40486883757,-84.1098798611576,100,,E,W W KELLY ROAD,,5,14,1,EC2
89141146,2019,2019-05-17 08:47,2,2,S Adams St,,30.4046,-84.283428,226,,S,PAUL RUSSELL RD,,3,14,1,EC2
89141341,2019,2019-05-27 18:23,2,3,S Adams St,3025,30.404136,-84.282278,,,,,,9,14,2,EC2
89141666,2019,2019-06-10 13:16,2,2,S Adams St,,30.403788,-84.283044,45,,N,BRAGG DR,,5,14,1,EC2
89141361,2019,2019-05-28 11:33,2,3,S Adams St,,30.403636,-84.282879,28,,S,BRAGG DR,,5,14,1,EC2
89140095,2019,2019-04-10 16:29,2,5,BRAGG DR,,30.403618,-84.283101,,,,S ADAMS ST,,5,14,1,EC2
88092909,2019,2019-04-04 18:32,2,2,STATE ROAD 20 (BLOUNTSTOWN HWY),,30.403,-84.57151,,0.1,E,WHIPPORWILL WAY,,3,14,1,EC2
89142060,2019,2019-06-27 09:50,2,2,Capital Circle SE,,30.402845,-84.234911,86,,N,BLAIR STONE RD,,5,14,1,EC2
89297426,2019,2019-06-29 16:10,2,5,FLASTACOWO RD,,30.402684,-84.334077,234,,W,S LAKE BRADFORD RD,,5,14,1,EC2
89140498,2019,2019-04-24 07:50,2,2,Blair Stone Rd,,30.402661,-84.235275,,,,CAPITAL CIR SE,,2,14,1,EC2
89140683,2019,2019-04-30 11:02,2,2,Blair Stone Rd,,30.402594,-84.237509,,,,NEW VILLAGE AVE,,5,14,1,EC2
89139792,2019,2019-04-01 14:35,2,3,Blair Stone Rd,,30.402575,-84.236694,207,,E,NEW VILLAGE AVE,,5,14,1,EC2
89140128,2019,2019-04-11 22:02,2,4,Blair Stone Rd,,30.402572,-84.234941,,,,CAPITAL CIR SE,,5,14,1,EC2
89141000,2019,2019-05-11 12:45,2,3,Blair Stone Rd,,30.402459,-84.23737,,,,NEW VILLAGE AVE,,5,14,1,EC2
89140063,2019,2019-04-09 18:36,2,2,Blair Stone Rd,,30.402457,-84.234757,,,,CAPITAL CIR SE,,2,14,1,EC2
89297435,2019,2019-06-22 17:33,2,2,Capital Circle SE,,30.402444,-84.234791,,,,BLAIRSTONE RD,,3,14,1,EC2
89141779,2019,2019-06-14 17:14,2,2,Tram Rd,,30.40225,-84.280543,,,,S MONROE ST,,2,14,1,EC2
89141850,2019,2019-06-17 17:55,2,3,Tram Rd,,30.40223,-84.280393,,,,S MONROE ST,,4,14,1,EC2
89141693,2019,2019-06-11 22:00,2,2,ZILLAH ST,,30.400954,-84.268904,210,,S,OMEGA AVE,,5,14,1,EC2
89141555,2019,2019-06-05 09:40,2,2,Tram Rd,,30.399157,-84.272166,,,,DRURY ST,,3,14,1,EC2
89142008,2019,2019-06-24 16:52,3,3,S Monroe St,,30.398792,-84.280165,233,,N,GAILE AVE,,3,14,1,EC2
89142014,2019,2019-06-24 17:31,2,2,S Monroe St,,30.398205,-84.280003,,,,GAILE AVE,,3,14,1,EC2
89141182,2019,2019-05-18 13:28,2,2,S Monroe St,,30.398199,-84.280003,,,,GAILE AVE,,3,14,1,EC2
89141532,2019,2019-06-04 14:57,2,4,GAILE AVE,,30.398031,-84.28056,183,,W,WOODVILLE HWY,,5,14,1,EC2
88047543,2019,2019-04-27 18:14,2,2,STATE ROAD 263 (CAPITAL CIRCLE SW),,30.3980162058526,-84.3341379188644,50,,S,LAKE BRADFORDVILLE ROAD,,3,14,1,EC2
89141780,2019,2019-06-14 19:39,2,2,ESTATES RD,,30.39792,-84.30326,,,,N RIDGE RD,,5,14,1,EC2
89141988,2019,2019-06-23 15:26,2,2,UNNAMED RD,,30.39776,-84.342192,1520,,W,CAPITAL CIR SW,,5,14,1,EC2
89141639,2019,2019-06-09 13:59,2,4,Crawfordville Rd,,30.39772,-84.281713,,,,RIDGE RD,,5,14,1,EC2
89141686,2019,2019-06-11 18:19,2,3,Ridge Rd,,30.39772,-84.281673,,,,CRAWFORDVILLE RD,,2,14,1,EC2
89140897,2019,2019-05-07 07:37,4,5,Ridge Rd,,30.397686,-84.281706,,,,CRAWFORDVILLE RD,,5,14,1,EC2
89140064,2019,2019-04-09 18:43,3,3,Ridge Rd,,30.397617,-84.301929,,,,TOUCAN DR,,5,14,1,EC2
89141453,2019,2019-05-31 17:30,2,6,TOUCAN DR,,30.39759,-84.301971,,,,RIDGE RD,,5,14,1,EC2
89140989,2019,2019-05-11 00:39,2,3,Tram Rd,,30.397584,-84.269024,30,,W,ZILLAH ST,,4,14,1,EC2
89141718,2019,2019-06-12 17:30,2,2,Woodville Hwy,,30.397514,-84.279753,251,,S,GAILE AVE,,5,14,1,EC2
89140444,2019,2019-04-22 10:09,2,2,Capital Circle SW,3330,30.397284,-84.341632,,,,,,9,14,8,EC2
89141072,2019,2019-05-14 17:36,3,4,Woodville Hwy,,30.396819,-84.279426,4,,S,SUNDAY CT,,5,14,1,EC2
89141848,2019,2019-06-17 18:14,2,3,Capital Circle SE,,30.396133,-84.234898,,,,DRAYTON DR,,2,14,1,EC2
89297570,2019,2019-05-23 16:10,2,2,Capital Circle SW,,30.395972,-84.324709,1200,,W,SPRINGHILL RD,,5,14,1,EC2
89297484,2019,2019-05-23 16:10,2,2,Capital Circle SW,,30.395815,-84.324479,1116,,W,SPRINGHILL RD,,5,14,1,EC2
89139973,2019,2019-04-05 21:56,2,2,Crawfordville Rd,,30.395426,-84.282701,216,,N,WILSON GREEN BLVD,,5,14,1,EC2
89141314,2019,2019-05-25 10:30,2,2,Crawfordville Rd,,30.394882,-84.283093,,,,WILSON GREEN BLVD,,5,14,1,EC2
89141040,2019,2019-05-13 14:45,2,3,Crawfordville Rd,,30.394854,-84.283112,,,,WILSON GREEN BLVD,,5,14,1,EC2
89297430,2019,2019-06-28 08:19,3,4,Capital Circle SW,,30.394681,-84.323022,499,,W,SPRINGHILL RD,,4,14,1,EC2
88060362,2019,2019-06-06 20:00,2,3,LONG PINE DRIVE,510,30.3938370272724,-84.2966356202411,25,,W,BIG PINE ROAD,,5,14,1,EC2
88060368,2019,2019-06-20 17:35,2,3,WB SR 373 (SPRINGHILL ROAD),,30.3935931865263,-84.3220706759191,15,,W,SR 263 (CAPITAL CIRCLE SW),,3,14,1,EC2
89140662,2019,2019-04-29 12:16,2,2,Merchants Row Blvd,,30.392639,-84.235011,,,,CAPITAL CIR SE,,5,14,1,EC2
89141928,2019,2019-06-20 17:06,2,2,Merchants Row Blvd,,30.392544,-84.234553,188,,E,CAPITAL CIR SE,,5,14,1,EC2
89139781,2019,2019-04-01 12:32,2,2,Merchants Row Blvd,,30.392463,-84.234043,356,,E,CAPITAL CIR SE,,5,14,1,EC2
87249938,2019,2019-05-11 17:36,2,5,STATE ROAD 61 (CRAWFORDVILLE ROAD),,30.39236,-84.28425,400,,N,HANNON MILL ROAD,,3,14,1,EC2
89140723,2019,2019-05-01 08:15,3,3,Capital Circle SE,,30.392021,-84.235211,142,,S,MERCHANTS ROW BLVD,,5,14,1,EC2
89297565,2019,2019-06-05 12:58,2,4,ESTATES RD,,30.390703,-84.302939,10,,,RAINBOW RD,,5,14,1,EC2
89297565,2019,2019-06-05 12:58,2,4,ESTATES RD,,30.390703,-84.302939,10,,,RAINBOW RD,,5,14,1,
88102370,2019,2019-05-25 23:15,2,3,US HIGHWAY 319,,30.3895616343676,-84.2857297855618,,,,SHELFER ROAD,,2,14,1,EC2
89141145,2019,2019-05-17 07:45,2,3,RIVERTON TRL,,30.388689,-84.224196,,,,GROVE PARK DR,,5,14,1,EC2
89142082,2019,2019-05-09 19:19,2,1,SHELFER RD,4491,30.38608,-84.28238,,,,,,9,14,2,EC2
88056969,2019,2019-04-20 22:50,2,2,STATE ROAD-363 (WOODVILLE HIGHWAY),,30.3859976646783,-84.2746854272354,15,,S,BELAIR ROAD,,3,14,1,EC2
88074486,2019,2019-05-10 15:44,2,4,STATE ROAD 267,,30.38472,-84.6517,,,,STATE ROAD 20,,3,14,1,EC2
89140287,2019,2019-04-16 07:50,2,1,CRAWFORDVILLE TRCE,,30.384183,-84.293457,271,,N,BALKIN RD,,5,14,1,EC2
87505295,2019,2019-04-02 16:08,2,2,Crawfordville Rd,,30.381789,-84.289528,0,,,ROSS RD,,5,14,1,EC2
88060341,2019,2019-04-03 18:50,2,2,SB ON SR 261 (CAPITAL CIRCLE SE),,30.3816468270628,-84.236861448063,3,,W,WB SR 259 (TRAM ROAD),,3,14,1,EC2
87505421,2019,2019-04-29 00:00,2,2,Tram Rd,,30.38108,-84.236615,0,,,CAPITAL CIR SE,,5,14,1,EC2
88060366,2019,2019-06-13 15:45,2,2,NB (SR 61) CRAWFORDVILLE ROAD,,30.3807981482503,-84.2900617146919,3,,E,PONCE DE LEON BLVD,,3,14,1,EC2
89297597,2019,2019-05-17 13:30,2,2,WESTWAY RD,,30.379601,-84.290869,,,,CRAWFORDVILLE RD,,4,14,1,EC2
89297566,2019,2019-06-24 07:55,2,2,Capital Circle SW,,30.378076,-84.300443,,,W,ISABELLE DR,,3,14,1,EC2
89141939,2019,2019-06-20 17:24,2,2,Capital Circle SW,,30.377684,-84.299875,246,,E,ISABELLE DR,,5,14,1,EC2
89141510,2019,2019-06-03 17:43,2,4,Crawfordville Rd,4800BLK,30.377018,-84.292079,1000,,N,CAPITAL CIR SW,,5,14,1,EC2
89140895,2019,2019-05-06 16:53,2,5,Crawfordville Rd,,30.376764,-84.292187,317,,N,CAPITAL CIR SW,,5,14,1,EC2
89141834,2019,2019-06-17 14:21,2,2,Crawfordville Rd,,30.376086,-84.292672,30,,N,CAPITAL CIR SW,,4,14,1,EC2
89141685,2019,2019-06-11 17:19,2,2,Capital Circle SW,,30.376075,-84.292208,,,,CRAWFORDVILLE RD,,5,14,1,EC2
89141803,2019,2019-06-16 00:00,2,2,Capital Circle SW,5353,30.376044,-84.27593,,,,,,9,14,2,EC2
89140516,2019,2019-04-24 20:04,2,2,Crawfordville Hwy,,30.376026,-84.292631,,,,CAPITAL CIR SW,,5,14,1,EC2
89141676,2019,2019-06-10 19:35,2,3,Capital Circle SW,,30.375969,-84.270417,,,,WOODVILLE HWY,,5,14,1,EC2
88111372,2019,2019-06-15 14:55,2,2,STATE ROAD 263 (CAPITAL CIRCLE),,30.3758697509766,-84.275634765625,,1,W,STATE ROAD 363 (WOODVILLE HWY),,3,14,1,EC2
89297481,2019,2019-05-20 23:25,2,3,Capital Circle SW,,30.375838,-84.292651,,,,CRAWFORDVILLE RD,,3,14,1,EC2
89297695,2019,2019-05-18 16:31,2,4,Capital Circle SW,,30.375812,-84.292857,43,,W,CRAWFORDVILLE RD,,4,14,1,EC2
89141326,2019,2019-05-26 10:53,2,3,Capital Circle SW,,30.375797,-84.292702,,,,CRAWFORDVILLE RD,,5,14,1,EC2
89141635,2019,2019-06-09 00:25,2,2,Crawfordville Rd,,30.375676,-84.292509,38,,S,CAPITAL CIR SW,,3,14,1,EC2
88092913,2019,2019-05-18 19:35,3,4,STATE ROAD 261 (CAPITAL CIR SE),,30.37565,-84.27016,40,,E,STATE ROAD 363 (WOODVILLE ROAD),,3,14,1,EC2
89297731,2019,2019-05-12 14:20,2,3,Capital Circle SE,,30.375619,-84.266296,1066,,E,BIG BEND SCENIC BYWY,,5,14,1,EC2
89140408,2019,2019-04-20 16:21,2,4,Crawfordville Hwy,,30.375581,-84.292582,79,,S,CAPITAL CIR SW,,3,14,1,EC2
89297642,2019,2019-06-14 06:32,2,4,Capital Circle SE,,30.375502,-84.269821,,,,WOODVILLE HWY,,5,14,1,EC2
89297655,2019,2019-06-14 22:23,2,5,Woodville Hwy,,30.375485,-84.270029,,,,CAPITAL CIR SE,,5,14,1,EC2
89139975,2019,2019-04-06 21:40,2,4,Capital Circle SW,5032,30.373956,-84.292915,,,,CRAWFORDVILLE HWY,,5,14,8,EC2
89297697,2019,2019-05-18 12:30,3,5,Woodville Hwy,,30.373597,-84.269353,104,,N,THE LAKES AT SAN MARCOS APARTMENTS,,4,14,1,EC2
89141837,2019,2019-06-17 15:26,2,2,Crawfordville Rd,,30.373353,-84.293912,,,S,EASTERN DR,,3,14,1,EC2
89141087,2019,2019-05-15 11:08,2,3,Crawfordville Rd,,30.369938,-84.29552,233,,N,MUNSON BLVD,,5,14,1,EC2
89297740,2019,2019-06-05 19:00,2,4,BIG BEND SCENIC BYWY,,30.360651,-84.263602,1503,,S,MARPAN LN,,5,14,1,EC2
88074481,2019,2019-04-26 13:35,2,2,COUNTY ROAD 2203,,30.34499,-84.38444,,,,EW REEVES ROAD,,4,14,1,EC2
88128757,2019,2019-06-12 06:04,2,2,SPRINGHILL ROAD,,30.34499,-84.38444,,0.5,S,FIRESIDE,,5,14,1,EC2
87270826,2019,2019-04-26 01:05,3,3,US 319 (CRAWFORDVILLE ROAD),,30.3248890151998,-84.3320351135103,25,,N,COUNTY ROAD 2204 (OAK RIDGE ROAD W),,2,14,1,EC2
89297694,2019,2019-05-22 07:52,2,3,OAK RIDGE RD W,,30.324331,-84.287631,,,W,KIMBO RD,,5,14,1,EC2
88074476,2019,2019-04-08 07:25,3,6,STATE ROAD 363,,30.30687,-84.24595,,,,LARCHMONT LANE,,3,14,1,EC2
89297434,2019,2019-05-20 07:50,2,3,BLUE WATERS RD,,30.300341,-84.235987,73,,N,BROAD LEAF DR,,5,14,1,EC2
87505292,2019,2019-04-01 08:28,3,4,BANNERMAN RD,,,,0,,,THOMASVILLE RD,,4,14,1,EC2
87505287,2019,2019-04-01 08:32,2,2,TOWER RD,,,,400,,E,RUSSELL POND,,5,14,1,EC2
87505289,2019,2019-04-01 08:53,2,4,OLD SAINT AUGUSTINE RD,,,,0,,,HENDRIX DR,,4,14,1,EC2
87505293,2019,2019-04-01 16:10,2,2,Apalachee Pkwy,,,,0,,,WW KELLEY RD,,3,14,1,EC2
88592894,2019,2019-04-02 04:00,2,2,W. CALL STREET,1114,,,,,,,,9,14,8,EC2
87505299,2019,2019-04-02 16:35,2,2,Buck Lake Rd,,,,0,,,NABB RD,,5,14,1,EC2
87505298,2019,2019-04-02 17:49,2,2,W Pensacola St,,,,250,,W,LIPONA RD N,,5,14,1,EC2
87505300,2019,2019-04-02 23:45,2,5,Buck Lake Rd,,,,50,,S,MAHAN DR,,5,14,1,EC2
87505303,2019,2019-04-03 08:00,4,4,SR 263,,,,1050,,N,SR 373,,3,14,1,EC2
87505304,2019,2019-04-03 08:12,2,3,E Orange Ave,,,,0,,,CAPITAL CIR SE,,5,14,1,EC2
89139877,2019,2019-04-03 09:38,2,2,6TH AVE W,,,,,,,FORD ST,,5,14,1,EC2
88592874,2019,2019-04-03 10:30,2,2,TENNESSEE STREET,,,,,,W,MACOMB,,5,14,1,EC2
85871809,2019,2019-04-03 11:01,1,2,S. MONROE STREET,400,,,,,,SERVICE DRIVE,,5,14,1,PR2
87505308,2019,2019-04-03 13:15,2,3,MARTIN HURST RD,3490,,,0,,,,,5,14,2,EC2
87505312,2019,2019-04-03 16:42,2,3,Thomasville Rd,,,,0,,,KIMMER ROWE DR,,3,14,1,EC2
87505306,2019,2019-04-03 17:20,2,2,W Orange Ave,,,,1320,,E,SPRINGHILL RD,,4,14,1,EC2
87505310,2019,2019-04-04 09:50,2,2,US 319,,,,1050,,S,CR 259,,2,14,1,EC2
87505315,2019,2019-04-04 14:50,2,2,US 90,,,,300,,W,LAGNIAPPE WAY,,3,14,1,EC2
87505313,2019,2019-04-04 17:10,2,2,N ML KING BLVD,,,,250,,S,CALL ST W,,5,14,1,EC2
87505324,2019,2019-04-05 14:04,2,2,N Monroe St,,,,0,,,SESSION RD,,3,14,1,EC2
89139959,2019,2019-04-05 15:33,2,2,CENTENNIAL BLVD,,,,,,,WELAUNEE BLVD,,5,14,1,EC2
87505318,2019,2019-04-05 16:40,2,3,Old Bainbridge Rd,,,,0,,,CAPITAL CIR NW,,4,14,1,EC2
89139990,2019,2019-04-06 16:21,2,4,Centerville Rd,,,,,,,KILLALA WAY,,5,14,1,EC2
87505328,2019,2019-04-06 18:32,2,3,Woodville Hwy,,,,0,,,CAPITAL CIR SE,,5,14,1,EC2
87505323,2019,2019-04-06 19:00,2,3,Mahan Dr,,,,100,,W,WALDEN RD,,3,14,1,EC2
87505326,2019,2019-04-06 19:15,2,2,SHADOWWOOD DR,2516,,,0,,,,,5,14,1,EC2
89140015,2019,2019-04-06 20:52,2,1,N Ridge Rd,3195,,,,,,,,9,14,1,EC2
88592878,2019,2019-04-06 21:14,2,5,W St Augustine St,1001,,,,,,,,9,14,8,EC2
87505327,2019,2019-04-07 17:50,2,4,N Monroe St,,,,0,,,CROWDER RD,,5,14,1,EC2
87505330,2019,2019-04-08 07:20,3,5,LAWTON CHILES LN,,,,75,,N,LAWTON CHILES LN,,4,14,1,EC2
87505329,2019,2019-04-08 08:05,2,1,MUNICIPAL WAY,2825,,,0,,,,,5,14,8,EC2
88592879,2019,2019-04-08 11:20,2,2,CHAMPIONS WAY,282,,,200,,S,W PENSACOLA,,5,14,1,EC2
87505332,2019,2019-04-08 11:50,2,2,N Monroe St,5810,,,0,,,,,5,14,8,EC2
87505333,2019,2019-04-08 11:59,2,2,Jackson Bluff Rd,,,,200,,E,MABRY DR,,5,14,1,EC2
87505379,2019,2019-04-08 13:45,2,2,I-10,,,,0,,,CAPITAL CIR NE,,2,14,1,EC2
89140044,2019,2019-04-08 15:30,2,2,Lafayette St,,,,200,,E,INDIAN HEAD DR E,,5,14,1,EC2
87505335,2019,2019-04-09 10:46,2,2,Thomasville Rd,6691,,,0,,,,,3,14,8,EC2
87505358,2019,2019-04-09 13:26,2,2,Old Bainbridge Rd,,,,100,,S,SETTING SUN BLVD,,5,14,1,EC2
88592881,2019,2019-04-09 14:24,2,2,COLLEGIATE LOOP,,,,100,,W,UNIVERSITY WAY,,5,14,1,EC2
88592882,2019,2019-04-09 20:39,2,2,UNIVERSITY WAY,714,,,,,E,COLLIGATE LOOP,,5,14,1,EC2
88592886,2019,2019-04-10 01:25,2,3,N COPELAND STREET,,,,75,,S,WEST CALL STREET AND COPELAND ST,,5,14,1,EC2
87505340,2019,2019-04-10 08:30,2,3,Centerville Rd,,,,0,,,STONEGATE DR,,4,14,1,EC2
87505343,2019,2019-04-10 09:35,2,3,Capital Circle NE,,,,530,,N,EAST GATE WAY,,2,14,1,EC2
87505342,2019,2019-04-10 10:00,2,2,DEER LAKE E,,,,0,,,KILLEARN POINT CT,,5,14,1,EC2
88592884,2019,2019-04-10 12:00,2,2,N Copeland St,100 block,,,200,,S,CALL ST,,5,14,1,EC2
88592885,2019,2019-04-10 13:43,2,2,TRADITIONS WAY,,,,,,,COLLEGIATE LOOP,,5,14,1,EC2
87505344,2019,2019-04-10 13:55,2,2,Capital Circle SE,,,,0,,,SHUMARD OAK,,3,14,1,EC2
87505341,2019,2019-04-10 14:15,2,2,W Tennessee St,3891,,,0,,,,,9,14,2,EC2
87505345,2019,2019-04-11 07:30,2,3,N Monroe St,,,,200,,N,FRED GEORGE RD,,3,14,1,EC2
88592887,2019,2019-04-11 10:40,2,2,STADIUM DRIVE,,,,,,S,HENDRY,,5,14,1,EC2