report_number,crash_year,crash_date_time,total_number_of_vehicles,total_number_of_persons,on_street_road_highway,street_address_number,latitude,longitude,feet_from_intersection,miles_from_intersection,direction_from_intersection,from_intersection_of,from_milepost_number,road_system_identifier,first_harmful_event,harmful_event_location,other1
87505348,2019,2019-04-11 13:08,2,2,Centerville Rd,,,,0,,,BLAIR STONE RD,,5,14,1,EC2
85914274,2019,2019-04-11 13:30,2,2,LEE HALL DR,1600,,,100,,E,HUDSON ST,,5,14,1,EC2
87505349,2019,2019-04-11 13:40,2,3,Centerville Rd,,,,0,,,WOODGATE WAY,,5,14,1,EC2
89140121,2019,2019-04-11 17:04,2,2,Capital Circle NE,,,,,,,VILLAGE GREEN WAY,,5,14,1,EC2
87505352,2019,2019-04-11 17:50,2,2,SABINE DR,,,,30,,S,LAGNIAPPE WAY,,5,14,1,EC2
87505351,2019,2019-04-11 18:25,2,2,N Monroe St,3221,,,0,,,,,9,14,1,EC2
87505357,2019,2019-04-12 12:50,2,2,W Tennessee St,,,,200,,E,ANOLE DR,,2,14,1,EC2
87505354,2019,2019-04-12 13:51,2,1,LAGNIAPPE WAY,4021,,,0,,,,,5,14,8,EC2
87505355,2019,2019-04-12 16:59,3,3,Thomasville Rd,,,,100,,N,THOMASWOOD DR,,4,14,1,EC2
88592892,2019,2019-04-12 23:21,3,1,WALKER STREET,410,,,,,,,,9,14,8,EC2
87505361,2019,2019-04-13 02:40,2,2,Old Bainbridge Rd,,,,0,,,ORCHARD POND RD,,5,14,1,EC2
89140174,2019,2019-04-13 12:04,2,2,W Tennessee St,,,,25,,W,COLUMBIA DR,,2,14,1,EC2
87505362,2019,2019-04-13 13:44,2,4,Mahan Dr,,,,100,,W,CHAMPAGNE DR,,2,14,1,EC2
85914276,2019,2019-04-13 19:39,4,6,Wahnish Way,,,,,,S,WAHNISH WAY & KISSIMMIEE,,5,14,1,EC2
87505370,2019,2019-04-15 09:00,2,3,Thomasville Rd,,,,1000,,N,KERRY FOREST PKWY,,5,14,1,EC2
87505374,2019,2019-04-15 14:35,2,3,Thomasville Rd,,,,0,,,ROANOKE TRL,,5,14,1,EC2
87505371,2019,2019-04-15 15:28,3,3,E Bradford Rd,,,,300,,E,MERIDIAN RD,,5,14,1,EC2
88592895,2019,2019-04-15 15:38,2,3,CALL STREET,,,,,,,DEWEY STREET,,5,14,1,EC2
87505373,2019,2019-04-15 17:37,2,3,Mahan Dr,,,,0,,,THORNTON RD,,5,14,1,EC2
85871810,2019,2019-04-16 11:46,2,2,Parking Lot,2331 PHILLIPS ROAD,,,,,,,,77,14,8,PR2
87505380,2019,2019-04-16 14:10,2,14,Jim Lee Rd,3013,,,0,,,,,8,14,1,EC2
87505383,2019,2019-04-17 15:57,2,2,Mahan Dr,6615,,,0,,,,,2,14,8,EC2
87505384,2019,2019-04-18 08:00,2,3,Woodville Hwy,,,,0,,,FLAGG ST,,5,14,1,EC2
88592898,2019,2019-04-18 19:06,2,2,POTTSDAMER,2525,,,,,,,,9,14,1,EC2
87505402,2019,2019-04-18 22:15,2,2,N Monroe St,,,,1000,,S,I-10,,2,14,1,EC2
88592899,2019,2019-04-19 10:30,2,2,CHIEFTAN WAY,100,,,500,,N,FROM SPIRIT WAY,0,5,14,1,EC2
87505393,2019,2019-04-19 13:00,3,3,W Pensacola St,,,,0,,,DUPREE ST,,5,14,1,EC2
87505390,2019,2019-04-19 15:15,2,3,Paul Russell Rd,,,,0,,,ADAMS ST S,,5,14,1,EC2
87505391,2019,2019-04-19 17:33,2,2,Fred George Rd,,,,100,,E,WOODBRIAR LN,,5,14,1,EC2
87505392,2019,2019-04-19 21:03,2,3,BANNERMAN RD,3455,,,0,,,,,9,14,8,EC2
89140406,2019,2019-04-20 15:30,2,2,Hermitage Blvd,,,,,,,THOMASVILLE RD,,5,14,1,EC2
89140429,2019,2019-04-21 02:25,2,6,W Tennessee St,,,,30,,W,BUENA VISTA DR,,5,14,1,EC2
89140439,2019,2019-04-21 03:20,2,2,Capital Circle NW,1459,,,,,,,,9,14,1,EC2
89140430,2019,2019-04-21 17:38,2,2,Killarney Way,,,,,,,SHAMROCK ST S,,5,14,1,EC2
88592902,2019,2019-04-22 18:30,3,3,Academic Way,1147,,,200,,E,CHIEFTAN,,5,14,1,EC2
87505399,2019,2019-04-22 19:50,2,2,Capital Circle SW,,,,200,,N,WESTWAY RD,,4,14,1,EC2
87505411,2019,2019-04-23 12:47,2,2,W Pensacola St,,,,493,,W,OCALA RD S,,5,14,1,EC2
87505403,2019,2019-04-23 14:14,2,2,W Tennessee St,,,,287,,E,SOUTHERN BELL LOOP,,5,14,3,EC2
87505405,2019,2019-04-23 16:35,2,3,Blountstown Hwy,,,,344,,E,BUSHLARK TRL,,3,14,1,EC2
88592905,2019,2019-04-23 22:19,2,2,LEARNING WAY,945,,,50,,S,VARSITY DRIVE,,5,14,1,EC2
87505413,2019,2019-04-25 14:00,2,2,Trojan Trl,3838,,,0,,,,,9,14,8,EC2
87505409,2019,2019-04-25 14:20,2,3,ARCADIA AVE,,,,0,,,SABINE DR,,5,14,1,EC2
88592907,2019,2019-04-25 18:25,2,2,COPELAND STREET,113,,,,,,,,9,14,8,EC2
87505412,2019,2019-04-26 05:30,1,2,GEDDIE RD,,,,2000,,N,BLOUNTSTOWN HWY,,4,14,1,EC2
87505415,2019,2019-04-26 17:30,2,3,SR 363,,,,1435,,S,LUTTERLOH RD,,3,14,1,EC2
87505436,2019,2019-04-27 07:32,2,2,W Tennessee St,,,,0,,,BLOUNTSTOWN ST,,3,14,1,EC2
87505416,2019,2019-04-27 11:35,2,2,Crawfordville Hwy,,,,272,,S,CAPITAL CIR SW,,5,14,1,EC2
88592908,2019,2019-04-27 15:00,2,2,W PENSACOLA STREET,629,,,,,W,COPELAND STREET,,5,14,1,EC2
87505418,2019,2019-04-28 14:00,2,1,CAPITOLA RD,13061,,,0,,,,,4,14,10,EC2
88592909,2019,2019-04-28 14:48,2,2,W Pensacola St,505,,,50,,E,MACOMB ST.,,5,14,1,EC2
87505423,2019,2019-04-29 07:50,2,3,S Monroe St,,,,25,,N,JEFFERSON ST W,,5,14,1,EC2
87505419,2019,2019-04-29 07:51,2,2,DEMPSEY MAYO RD,,,,0,,,MAHAN DR,,5,14,1,EC2
87505427,2019,2019-04-29 09:55,2,2,Gaines St,,,,20,,E,CALHOUN ST,,5,14,1,EC2
87505426,2019,2019-04-29 15:37,2,4,BILTMORE AVE,,,,0,,,TREMONT DR,,5,14,1,EC2
89140680,2019,2019-04-29 16:35,2,3,Killearn Center Blvd,,,,,,,DELANEY DR,,5,14,1,EC2
87505428,2019,2019-04-30 09:10,2,3,SOUTHWOOD PLANTATION DR,1405,,,0,,,,,5,14,2,EC2
88592911,2019,2019-04-30 12:10,2,2,TRADITIONS WAY,,,,300,,W,COLLEGIATE LOOP,,5,14,1,EC2
87505429,2019,2019-04-30 14:18,2,3,Centerville Rd,,,,0,,,BRADFORDIVLLE RD,,5,14,1,EC2
87505431,2019,2019-04-30 15:34,2,1,N Monroe St,3221,,,0,,,,,9,14,8,EC2
89140705,2019,2019-04-30 16:48,2,3,Thomasville Rd,,,,,,,VILLAGE SQ BLVD,,5,14,1,EC2
87505449,2019,2019-04-30 18:29,2,3,N Monroe St,,,,0,,,PERKINS RD,,2,14,1,EC2
87505435,2019,2019-05-01 15:35,2,4,LAGNIAPPE WAY,4021,,,0,,,,,9,14,8,EC2
89140738,2019,2019-05-01 17:36,2,3,N Meridian Rd,,,,,,,GLENVIEW DR,,5,14,1,EC2
89140734,2019,2019-05-01 18:15,2,2,Thomasville Rd,,,,,,,BETTON RD,,5,14,1,EC2
87505432,2019,2019-05-02 07:50,2,6,SR 61,,,,300,,N,GRANADA BLVD,,3,14,1,EC2
87505459,2019,2019-05-02 13:59,2,2,W Tharpe St,1717,,,0,,,,,9,14,8,EC2
87505437,2019,2019-05-02 14:07,2,3,Fred George Rd,,,,0,,,CAPITAL CIR NW,,4,14,1,EC2
87505448,2019,2019-05-02 15:01,2,2,E Orange Ave,2400,,,0,,,,,9,14,8,EC2
87505438,2019,2019-05-02 17:16,2,3,Mission Rd,,,,0,,,SENATOR PAT THOMAS BLVD,,4,14,1,EC2
89140778,2019,2019-05-02 17:53,2,4,Raymond Diehl Rd,,,,,,,CAPITAL CIR NE,,5,14,1,EC2
87505439,2019,2019-05-02 18:00,2,2,Capital Circle SW,,,,30,,W,WOODVILLE HWY,,5,14,1,EC2
87505447,2019,2019-05-03 07:57,2,3,Capital Circle SW,,,,20,,N,BLOUNTSTOWN HWY,,5,14,1,EC2
87505441,2019,2019-05-03 10:40,2,2,W Tennessee St,2195,,,0,,,,,5,14,2,EC2
87505445,2019,2019-05-03 12:49,2,2,Apalachee Pkwy,2335,,,0,,,,,9,14,8,EC2
87505446,2019,2019-05-03 15:21,2,4,Mahan Dr,,,,0,,,LAGNIAPPE WAY,,5,14,1,EC2
87505462,2019,2019-05-04 12:18,2,3,Mahan Dr,,,,0,,,PEDRICK RD,,5,14,1,EC2
88592920,2019,2019-05-04 13:45,2,3,VARSITY DRIVE,,,,1,,S,ST. AUGUSTINE,,5,14,1,EC2
87505456,2019,2019-05-04 22:20,2,4,LAGNIAPPE WAY,4067,,,0,,,,,5,14,1,EC2
88592922,2019,2019-05-06 17:15,2,8,CHAMPIONS WAY,284,,,20,,E,ST. AUGUSTINE ST.,,5,14,1,EC2
89140886,2019,2019-05-06 18:04,2,2,Thomasville Rd,,,,,,,TIMBER LANE RD,,5,14,1,EC2
87505478,2019,2019-05-07 08:15,2,2,E Orange Ave,,,,0,,,CAPITAL CIR SE,,5,14,1,EC2
87505489,2019,2019-05-07 09:38,2,2,N Monroe St,3813,,,0,,,,,9,14,8,EC2
87505477,2019,2019-05-07 15:35,2,2,7TH Ave,,,,100,,W,OFFICER PONCE WAY,,5,14,1,EC2
87505460,2019,2019-05-07 18:50,2,3,N Monroe St,,,,0,,,INTERSTATE 10 - EAST BOUND OFF RAMP,,2,14,1,EC2
87505475,2019,2019-05-08 00:00,2,2,N Monroe St,3839,,,0,,,,,9,14,8,EC2
87505463,2019,2019-05-08 12:20,2,3,LAGNIAPPE WAY,4021,,,0,,,,,9,14,1,EC2
87505464,2019,2019-05-08 17:14,2,2,Capital Circle NW,,,,350,,S,I-10,,3,14,1,EC2
87505469,2019,2019-05-09 07:40,2,2,W Tennessee St,,,,0,,,LUKEMAN LN,,3,14,1,EC2
87505471,2019,2019-05-09 09:27,2,2,Capital Circle SW,,,,1320,,E,SPRING HILL RD,,3,14,1,EC2
87505472,2019,2019-05-09 16:50,2,2,N Monroe St,,,,290,,N,TALPECO RD,,2,14,1,EC2
87505479,2019,2019-05-10 08:46,2,5,Miccosukee Rd,,,,0,,,EDENFIELD RD,,5,14,1,EC2
87505481,2019,2019-05-10 12:37,2,2,CR 2196,,,,100,,E,CR 0373,,4,14,1,EC2
87505482,2019,2019-05-10 14:50,2,2,SR 363,,,,0,,,OAK RIDGE RD E,,3,14,1,EC2
87505484,2019,2019-05-10 16:50,2,3,Capital Circle NW,,,,75,,S,GEARHART RD,,5,14,1,EC2
87505492,2019,2019-05-10 17:01,2,4,N Monroe St,,,,200,,S,MCKEE RD,,3,14,1,EC2
87505487,2019,2019-05-10 20:45,2,2,W Tennessee St,6046,,,0,,,,,9,14,2,EC2
87505485,2019,2019-05-11 11:07,2,3,N Monroe St,3221,,,0,,,,,5,14,2,EC2
87505490,2019,2019-05-12 18:15,2,2,W Tennessee St,,,,5,,E,COLUMBIA DR,,2,14,1,EC2
87505491,2019,2019-05-13 00:00,2,8,MERIDIAN RD,,,,20,,N,TENNESSEE ST E,,4,14,8,EC2
88592923,2019,2019-05-13 16:40,2,2,STADIUM DRIVE,403,,,,,,,,9,14,8,EC2
87505495,2019,2019-05-13 17:17,2,7,W Gaines St,,,,15,,E,BRONOUGH ST S,,3,14,1,EC2
87505493,2019,2019-05-13 18:00,2,2,N Monroe St,4910,,,0,,,,,3,14,1,EC2
87505497,2019,2019-05-14 08:13,2,2,Appleyard Dr,,,,0,,,PORTOFINA VILLAS ACCESS RD,,5,14,1,EC2
87505499,2019,2019-05-14 13:13,2,3,CROWDER RD,,,,0,,,WIGGINGTON RD,,5,14,1,EC2
87505500,2019,2019-05-14 15:45,2,2,AENON CHURCH RD,,,,0,,,BLOUNTSTOWN HWY,,5,14,1,EC2
87505502,2019,2019-05-15 09:00,2,2,W Gaines St,,,,0,,,BRONOUGH ST S,,5,14,1,EC2
87505503,2019,2019-05-15 13:00,2,2,Apalachee Pkwy,,,,50,,W,PAUL RUSSELL RD,,5,14,1,EC2
87505508,2019,2019-05-16 07:37,2,4,Capital Circle SW,,,,900,,W,SPRING HILL RD,,3,14,1,EC2
85871812,2019,2019-05-21 17:02,2,1,PHILLIPS ROAD FDLE PARKING LOT,2331,,,,,,,,9,14,8,PR2
88592931,2019,2019-05-30 21:49,2,4,W Pensacola St,,,,,,,MARTIN LUTHER KING JR. BLVD,,5,14,1,EC2
89141461,2019,2019-06-01 12:00,2,3,W Tharpe St,,,,30,,E,COLORADO ST,,5,14,1,EC2
89141474,2019,2019-06-02 16:00,2,2,Centerville Rd,,,,,,,CAPITAL CIR NE,,5,14,1,EC2
89141538,2019,2019-06-04 17:04,2,2,OLD ST AUG RD,,,,,,,MIDYETTE RD,,5,14,1,EC2
89141539,2019,2019-06-04 17:50,2,3,Hermitage Blvd,1725,,,,,,,,9,14,1,EC2
88592933,2019,2019-06-05 10:41,2,2,E PAUL DIRAC DR,2031,,,,,,,,9,14,8,EC2
88592934,2019,2019-06-07 17:00,2,3,W Virginia St,700,,,,,,DEWEY ST.,,5,14,1,EC2
89141647,2019,2019-06-09 18:37,2,2,Apalachee Pkwy,,,,,,,MAGNOLIA DR,,5,14,1,EC2
89141698,2019,2019-06-10 09:15,2,3,Capital Circle SW,,,,,,,CRAWFORDVILLE HWY,,5,14,1,EC2
89141680,2019,2019-06-10 16:44,2,2,W Tennessee St,,,,,,,STADIUM DR,,5,14,1,EC2
88592936,2019,2019-06-13 10:34,2,2,PENSACOLA STREET,,,,,,,INTERSECTION OF PENSACOLA/COPELAND STREET,,5,14,1,EC2
89141775,2019,2019-06-14 14:06,2,2,Thomasville Rd,,,,,,,HERMITAGE BLVD,,5,14,1,EC2
89141817,2019,2019-06-15 19:48,2,2,Thomasville Rd,,,,,,,I 10,,5,14,1,EC2
88592939,2019,2019-06-21 22:21,2,2,W Jefferson St,701,,,5,,N,GRAY STREET,,5,14,1,EC2
88592942,2019,2019-06-26 19:15,2,2,SAINT AUGUSTINE STREET,,,,2,,E,WALKER STREET,,5,14,1,EC2
88592943,2019,2019-06-26 21:39,2,2,W ST. AUGUSTINE STREET,,,,,,E,WALKER STREET,,5,14,1,EC2
88592945,2019,2019-06-27 09:19,2,2,W Call St,1106,,,,,,,,9,14,8,EC2
89297428,2019,2019-06-29 14:10,2,3,MOCCASIN GAP RD,13999,30.594955,-84.041502,,,,,,9,15,8,EC2
89297447,2019,2019-05-21 13:42,2,1,WATEROAK PLANTATION RD,6030,30.551845,-84.224188,,,,,,9,15,8,EC2
89140390,2019,2019-04-20 09:35,2,1,DAHLGREN DR,5819,30.544666,-84.242945,,,,,,9,15,2,EC2
89140682,2019,2019-04-30 07:50,2,1,MINT HILL CT,,30.538817,-84.228436,425,,N,VELDA DAIRY RD,,5,15,1,EC2
88098351,2019,2019-04-06 14:50,2,2,U.S. 27 (STATE ROAD 63),,30.5323045446787,-84.3619139848815,50,,N,STATE ROAD 263,,2,15,1,EC2
89297777,2019,2019-06-21 15:30,2,1,N Monroe St,5670,30.531193,-84.361644,,,,,,9,15,8,EC2
89141764,2019,2019-06-14 11:42,2,1,MCLAUGHLIN DR,,30.530694,-84.197265,401,,E,E SHANNON LAKES DR,,5,15,1,EC2
89140768,2019,2019-05-02 17:40,2,2,ROSCREA DR,,30.528911,-84.222462,113,,N,LEANE DR,,5,15,1,EC2
89297680,2019,2019-05-18 10:20,2,1,SOMBRA DEL LAGO DR,,30.527481,-84.362108,208,,E,CAPITAL CIR NW,,5,15,1,EC2
89141343,2019,2019-05-26 17:00,2,1,SHAMROCK ST W,3711,30.517834,-84.222672,,,,,,9,15,2,EC2
89297682,2019,2019-06-18 20:08,2,2,N Monroe St,4527,30.51781,-84.347499,,,,,,9,15,1,EC2
89141493,2019,2019-06-03 11:20,2,1,MOSSWOOD CHAS,,30.510156,-84.255799,148,,N,PAWNEE POINTE CT,,5,15,10,EC2
88056977,2019,2019-05-09 04:40,2,3,UNITED STATES-27(NORTH MONROE STREET),,30.5079547786651,-84.3356580019603,,0.1,N,LAKE FOREST DRIVE,,2,15,2,EC2
89141185,2019,2019-05-18 03:00,2,1,Thomasville Rd,3425,30.503628,-84.250385,,,,,,9,15,8,EC2
89141272,2019,2019-05-23 08:31,2,2,Timberlane Rd,1381,30.503389,-84.25576,,,,,,9,15,2,EC2
89297465,2019,2019-05-17 15:12,2,6,N Monroe St,3841,30.503217,-84.32922,,,,,,9,15,8,EC2
89141857,2019,2019-06-18 12:20,2,1,Killearn Center Blvd,2324,30.502877,-84.240012,,,,,,9,15,8,EC2
89297701,2019,2019-06-14 17:30,2,2,N Monroe St,3813,30.501416,-84.327978,,,,,,9,15,8,EC2
89141701,2019,2019-06-12 08:35,2,2,Capital Circle NE,3396,30.500007,-84.247667,,,,,,9,15,8,EC2
89141534,2019,2019-06-04 15:20,2,2,METROPOLITAN BLVD,,30.500002,-84.254051,,,,,,9,15,2,EC2
89140929,2019,2019-05-06 00:00,2,0,RAINTREE CIR,,30.498038,-84.241635,389,,W,BEDFORD WAY,,5,15,1,EC2
89141104,2019,2019-05-15 15:30,2,1,OAK PARK CT,,30.497903,-84.233177,948,,W,OLSON RD,,5,15,1,EC2
89140420,2019,2019-04-21 02:10,2,1,BEDFORD WAY,,30.49781,-84.240358,164,,E,RAINTREE CIR,,5,15,1,EC2
89140835,2019,2019-05-04 17:00,2,1,Capital Circle NE,3240,30.496373,-84.247056,,,,,,9,15,1,EC2
89297476,2019,2019-06-01 14:15,2,2,Capital Circle NW,3043,30.494547,-84.359971,,,,,,9,15,8,EC2
89141800,2019,2019-06-15 20:47,2,1,Capital Circle NE,3101,30.494224,-84.243989,,,,,,9,15,8,EC2
89140478,2019,2019-04-23 13:29,2,0,Capital Circle NE,3101,30.494167,-84.244473,,,,,,9,15,8,EC2
89142093,2019,2019-06-28 11:00,2,1,Thomasville Rd,3131,30.489995,-84.253075,,,,,,9,15,8,EC2
89140470,2019,2019-04-23 10:00,2,1,Capital Cir,2743,30.489178,-84.239716,,,,,,9,15,8,EC2
89141099,2019,2019-05-15 18:20,2,1,MISSION TRACE BLVD,3801,30.488936,-84.347309,,,,,,9,15,8,EC2
89297681,2019,2019-05-18 20:55,2,2,N Monroe St,3221,30.48836,-84.316434,,,,,,9,15,8,EC2
89142163,2019,2019-06-29 12:00,2,1,N Monroe St,3221,30.488351,-84.317371,200,,E,MONROE ST N,,5,15,8,EC2
87292192,2019,2019-04-28 12:00,3,1,PARKING LOT 2082 SUMMIT LAKE DRIVE,,30.4862153565682,-84.1490271262425,,0.25,S,U.S. HIGHWAY 90,,8,15,2,EC2
89140755,2019,2019-05-01 23:30,2,1,WOODGATE WAY,1525,30.484944,-84.25136,437,,W,STILLWOOD CT,,5,15,10,EC2
87249948,2019,2019-06-18 02:16,3,5,INTERSTATE 10 EASTBOUND,,30.48381,-84.15652,,0.5,W,MILE MARKER 210,,1,15,3,EC2
89141787,2019,2019-06-15 01:33,2,2,Sharer Rd,2915,30.483206,-84.292083,,,,,,9,15,8,EC2
89141616,2019,2019-06-07 18:47,2,2,Sharer Rd,2821,30.48085,-84.294842,,,,,,9,15,8,EC2
89297580,2019,2019-06-13 12:41,2,1,UNNAMED RD,,30.480662,-84.235448,,,,,,9,15,8,EC2
89140603,2019,2019-04-27 14:35,2,1,UNNAMED RD,,30.480637,-84.235214,,,,,,9,15,8,EC2
89141854,2019,2019-06-14 12:00,2,1,Capital Circle NE,2111,30.480558,-84.234675,,,,,,9,15,8,EC2
89140857,2019,2019-05-05 13:21,2,1,HOSPITALITY ST,2920,30.480494,-84.306229,,,,,,9,15,2,EC2
89141476,2019,2019-06-02 00:30,2,4,WATER BROOK WAY,2825,30.480405,-84.289622,,,,,,9,15,1,EC2
89141656,2019,2019-06-07 19:15,2,1,Sharer Rd,2820,30.480325,-84.295816,,,,,,9,15,8,EC2
89141299,2019,2019-05-24 12:15,2,1,Capital Circle NE,2121,30.480317,-84.235296,,,,,,9,15,8,EC2
89140003,2019,2019-04-07 21:30,2,1,Capital Circle NE,2107,30.479959,-84.235252,,,,,,9,15,2,EC2
89140054,2019,2019-04-09 14:47,2,1,WILLAMETTE RD,,30.476458,-84.313487,257,,N,SALMON DR,,5,15,1,EC2
89141311,2019,2019-05-25 00:01,2,1,ROSEMARY TER,,30.476144,-84.302037,191,,S,SUMMERWOOD AVE,,5,15,1,EC2
89141155,2019,2019-05-17 16:04,2,1,N Monroe St,2415,30.475753,-84.292978,,,,,,9,15,8,EC2
89142041,2019,2019-06-25 15:15,2,1,Capital Medical Blvd,3333,30.475411,-84.224592,,,,,,9,15,8,EC2
89141273,2019,2019-05-23 10:05,2,1,WELBY WAY,1903,30.47506,-84.233851,,,,,,9,15,2,EC2
89140947,2019,2019-05-09 10:30,2,1,N Monroe St,2415,30.474047,-84.293206,,,,,,9,15,2,EC2
89141760,2019,2019-06-12 20:00,2,2,SYLVAN CT,2313,30.473311,-84.314027,,,,,,9,15,2,EC2
89142050,2019,2019-06-24 06:46,2,1,Old Bainbridge Rd,2301,30.473069,-84.310218,,,,,,9,15,8,EC2
89142103,2019,2019-06-28 20:50,2,1,OSPREY POINTE DR,1631,30.471767,-84.221707,,,,,,9,15,2,EC2
89139946,2019,2019-04-05 09:34,2,1,Capital Circle NE,1875,30.470817,-84.230871,,,,,,9,15,2,EC2
89140020,2019,2019-04-07 21:35,2,1,DEVRA DR,,30.469992,-84.324016,61,,S,TRAVIS CIR,,5,15,1,EC2
89140617,2019,2019-04-28 23:55,2,1,WINDING WAY,213,30.46952,-84.276618,,,,,,9,15,8,EC2
89141467,2019,2019-06-01 15:01,2,1,N Monroe St,2136,30.469324,-84.288128,,,,,,9,15,8,EC2
89140418,2019,2019-04-21 23:30,2,1,N Meridian Rd,2000,30.469284,-84.277883,,,,,,9,15,8,EC2
89140956,2019,2019-05-09 14:24,2,1,UNNAMED RD,,30.468553,-84.362129,,,,,,9,15,2,EC2
89141403,2019,2019-05-29 15:00,2,1,Capital Circle NW,1490,30.468214,-84.3621,,,,,,9,15,1,EC2
89141694,2019,2019-06-11 22:27,2,1,Capital Circle NE,1747,30.467244,-84.227307,,,,,,9,15,8,EC2
89141176,2019,2019-05-18 04:55,2,1,AARON DR,,30.466484,-84.325028,555,,N,SCENIC RD,,5,15,1,EC2
89142135,2019,2019-06-30 12:00,2,1,IVAN DR,,30.466222,-84.327011,117,,N,SCENIC RD,,5,15,1,EC2
89141180,2019,2019-05-18 11:10,2,2,GOODWOOD DR,,30.465301,-84.253453,609,,N,BROWN ST,,5,15,1,EC2
89141851,2019,2019-06-18 07:46,2,1,MORNING DAWN DR,,30.465014,-84.366642,218,,W,CRESCENT HILL DR,,5,15,1,EC2
89140461,2019,2019-04-22 15:10,2,1,STILES AVE,707,30.464449,-84.292669,,,,,,9,15,2,EC2
89297721,2019,2019-05-23 10:46,2,1,LAGNIAPPE WAY,4040,30.464049,-84.215883,,,,,,9,15,8,EC2
89141321,2019,2019-05-25 15:31,2,1,FAIRLANE RD,,30.463754,-84.317952,30,,S,BOTANY DR,,77,15,8,EC2
89141328,2019,2019-05-26 14:36,2,1,Old Bainbridge Rd,1776,30.463322,-84.300199,,,,,,9,15,8,EC2
89140530,2019,2019-04-25 12:25,2,1,N Monroe St,1708,30.463063,-84.282929,,,,,,9,15,8,EC2
89141230,2019,2019-05-21 10:12,2,1,PAYNE ST,,30.462817,-84.269259,262,,N,GWEN ST,,5,15,1,EC2
89297442,2019,2019-05-26 12:40,2,4,LAGNIAPPE WAY,4021,30.462534,-84.21753,,,,,,9,15,1,EC2
89140319,2019,2019-04-18 10:56,2,1,Lake Ella Dr,,30.462474,-84.279459,324,,E,LEGION ST,,5,15,10,EC2
89141941,2019,2019-06-20 23:55,2,2,W Tharpe St,1325,30.462418,-84.304885,,,,,,9,15,8,EC2
89141411,2019,2019-05-04 18:00,2,3,W Tharpe St,1505,30.462413,-84.310278,,,,,,9,15,1,EC2
89141999,2019,2019-06-24 11:30,2,1,N Monroe St,1700,30.46238,-84.284235,,,,PARKING LOT,,2,15,1,EC2
89297714,2019,2019-06-15 15:30,2,2,LAGNIAPPE WAY,4021,30.46209,-84.217271,,,,,,9,15,8,EC2
89297780,2019,2019-06-22 00:00,2,1,LAGNIAPPE WAY,4067,30.461575,-84.212122,,,,,,9,15,2,EC2
89140187,2019,2019-04-13 16:54,2,1,LEGION ST,,30.461529,-84.280522,315,,E,N MONROE ST,,5,15,1,EC2
89140042,2019,2019-04-08 23:02,2,1,Mahan Dr,3211,30.461505,-84.222857,,,,,,9,15,8,EC2
89141223,2019,2019-05-20 19:45,2,1,PHYSICIANS DR,1621,30.461377,-84.258101,,,,,,9,15,8,EC2
89141646,2019,2019-06-09 14:24,2,1,UNNAMED RD,,30.461295,-84.304565,,,,,,9,15,8,EC2
89141520,2019,2019-06-04 02:00,2,1,W Tennessee St,4400,30.461255,-84.358726,,,,,,9,15,8,EC2
89297658,2019,2019-06-25 12:45,2,1,LAGNIAPPE WAY,4067,30.461197,-84.212233,,,,,,9,15,8,EC2
89140448,2019,2019-04-22 13:45,2,1,W Tennessee St,4400,30.460969,-84.359459,,,,,,9,15,8,EC2
89142004,2019,2019-06-24 09:18,2,1,PHYSICIANS DR,,30.460717,-84.258926,442,,N,SURGEONS DR,,5,15,1,EC2
89141280,2019,2019-05-23 14:00,2,1,PHYSICIANS DR,,30.460531,-84.258756,354,,N,SURGEONS DR,,5,15,1,EC2
89141992,2019,2019-06-22 22:30,2,1,Joe Louis St,105,30.460261,-84.302729,,,,,,9,15,88,EC2
89139879,2019,2019-04-03 09:20,2,1,Riggins Rd,1707,30.460193,-84.238333,,,,,,9,15,1,EC2
89141782,2019,2019-06-14 15:00,2,1,PHYSICIANS DR,1605,30.459866,-84.258711,,,,,,9,15,8,EC2
89141178,2019,2019-05-18 09:10,2,1,BRANCH ST,,30.459844,-84.289279,89,,S,W 9TH AVE,,5,15,1,EC2
89140078,2019,2019-04-10 11:30,2,1,W Tennessee St,4650,30.459575,-84.360409,,,,,,9,15,8,EC2
89141708,2019,2019-06-12 05:00,2,1,EASTON POINTE WAY,5412,30.459098,-84.184909,,,,,,8,15,8,EC2
89141076,2019,2019-05-14 16:36,2,1,Miccosukee Rd,1300,30.458727,-84.26044,,,,,,9,15,8,EC2
89141638,2019,2019-06-09 03:00,2,1,N M L KING JR BLVD,,30.45847,-84.285538,244,,N,W 7TH AVE,,5,15,1,EC2
89140313,2019,2019-04-16 20:00,2,1,VOLUSIA ST,,30.458228,-84.303509,233,,E,JOE LOUIS ST,,5,15,1,EC2