report_number,crash_year,crash_date_time,total_number_of_vehicles,total_number_of_persons,on_street_road_highway,street_address_number,latitude,longitude,feet_from_intersection,miles_from_intersection,direction_from_intersection,from_intersection_of,from_milepost_number,road_system_identifier,first_harmful_event,harmful_event_location,other1
89142108,2019,2019-06-29 01:26,2,1,VOLUSIA ST,826,30.458195,-84.297716,572,,W,OLD BAINBRIDGE RD,,5,15,1,EC2
89140025,2019,2019-04-08 08:55,2,2,W 7TH AVE,,30.457932,-84.282701,98,,E,N DUVAL ST,,5,15,1,EC2
89140792,2019,2019-04-29 11:35,2,1,Mission Rd,2750,30.457728,-84.33949,,,N,MISSION RD,,77,15,8,EC2
89141268,2019,2019-05-22 20:00,2,1,E 7TH AVE,1401,30.457719,-84.262007,,,,,,9,15,8,EC2
89141287,2019,2019-05-23 20:17,2,2,Gibbs Dr,1324,30.457334,-84.291953,,,,,,9,15,8,EC2
89141559,2019,2019-06-05 11:15,2,1,BEARD ST,,30.455384,-84.268873,295,,E,TERRACE ST,,5,15,1,EC2
89141772,2019,2019-06-14 14:45,2,1,W Tennessee St,2614,30.454162,-84.333419,,,,,,9,15,8,EC2
89140867,2019,2019-05-06 21:38,2,1,W Tennessee St,2614,30.453214,-84.33463,,,,,,9,15,2,EC2
89142011,2019,2019-06-24 18:20,2,1,CALIFORNIA ST,,30.453085,-84.309326,537,,S,ARIZONA ST,,5,15,10,EC2
89140459,2019,2019-04-22 19:49,2,1,N DEWEY ST,,30.452578,-84.294089,67,,S,PRESTON ST,,5,15,2,EC2
89140146,2019,2019-04-12 11:00,2,1,Ocala Rd,1001,30.452137,-84.316077,,,,,,9,15,2,EC2
89141829,2019,2019-06-17 09:28,2,1,Ocala Rd,1001,30.451416,-84.316091,,,,,,9,15,8,EC2
89140620,2019,2019-04-28 02:26,2,2,W Tennessee St,2609,30.451141,-84.335014,,,,,,9,15,2,EC2
89142115,2019,2019-06-29 10:30,2,1,W Tennessee St,2566,30.450366,-84.331652,,,,,,9,15,8,EC2
89141480,2019,2019-06-02 10:22,2,2,MCKEITHAN CT,2621,30.450246,-84.336146,,,,,,9,15,2,EC2
89139910,2019,2019-04-04 10:30,2,1,TIMBERWAY CT,788,30.450091,-84.323948,,,,,,9,15,8,EC2
89142141,2019,2019-06-28 19:39,2,1,W Tennessee St,1964,30.44994,-84.315081,,,,,,9,15,8,EC2
89140278,2019,2019-04-16 16:00,2,2,W Tennessee St,1964,30.449796,-84.315659,,,,,,9,15,8,EC2
89142097,2019,2019-06-28 12:39,2,1,W Tennessee St,1950,30.449674,-84.314107,,,,,,9,15,2,EC2
89140066,2019,2019-04-09 12:30,2,2,W Brevard St,1000,30.449268,-84.303553,,,,,,9,15,8,EC2
89140002,2019,2019-04-07 00:43,2,2,W Tennessee St,1813,30.448791,-84.312124,,,,,,9,15,8,EC2
89140829,2019,2019-05-04 17:56,2,1,W Brevard St,450,30.448582,-84.287861,,,,,,9,15,8,EC2
89140395,2019,2019-04-20 10:54,2,1,W Tennessee St,1939,30.448539,-84.316282,,,,,,9,15,8,EC2
89140784,2019,2019-05-03 23:48,2,0,S TIMBERWOOD CIR,2175,30.448328,-84.322887,,,,,,9,15,8,EC2
89140853,2019,2019-05-05 12:34,2,1,W Tennessee St,1861,30.448253,-84.31423,,,,,,9,15,2,EC2
89141767,2019,2019-06-14 12:38,2,2,E CAROLINA ST,,30.446934,-84.279233,119,,E,N CALHOUN ST,,5,15,1,EC2
88592896,2019,2019-04-16 13:25,2,2,HULL DR (STONE BLDG PARKING LOT),280,30.446883,-84.30428,,,,,,9,15,8,EC2
89140689,2019,2019-04-30 13:16,2,2,Ocala Rd,800,30.446643,-84.318147,,,,,,9,15,8,EC2
89140185,2019,2019-04-13 14:24,2,1,W Call St,1709,30.446161,-84.309373,,,,,,9,15,2,EC2
89141597,2019,2019-06-07 08:00,2,1,W Virginia St,630,30.445986,-84.292026,,,,,,9,15,8,EC2
89297699,2019,2019-05-23 19:00,2,1,Blountstown Hwy,860,30.44586,-84.349131,,,,,,9,15,1,EC2
89141293,2019,2019-05-24 11:17,3,1,Ocala Rd,800,30.445855,-84.317975,,,,,,9,15,8,EC2
89139847,2019,2019-04-02 14:30,2,1,Ocala Rd,800,30.44574,-84.318008,,,,,,9,15,8,EC2
89143204,2019,2019-06-19 15:20,2,1,Chapel Dr,411,30.445653,-84.308926,,,,,,9,15,8,EC2
87511838,2019,2019-04-09 00:00,2,0,TCC PARKING LOT A,,30.44542,-84.33878,,,,,,9,15,8,EC2
89142143,2019,2019-06-30 21:35,2,1,EAGLE PINES CONDOMINIUMS,,30.445397,-84.335955,,,,,,9,15,8,EC2
89140537,2019,2019-04-25 16:17,2,2,Ocala Rd,800,30.444929,-84.318244,,,,,,9,15,8,EC2
88592946,2019,2019-06-27 08:00,2,1,N Woodward Ave,1022,30.444589,-84.299293,,,,,,9,15,2,EC2
89140776,2019,2019-05-02 20:00,2,0,E Tennessee St,701,30.444413,-84.272015,,,,,,9,15,2,EC2
89140257,2019,2019-04-11 14:47,2,1,PARKBROOK CIR,,30.444086,-84.237266,917,,N,E PARK AVE,,5,15,2,EC2
89140844,2019,2019-05-04 04:00,2,1,MALLARD CIR,8,30.443766,-84.332115,,,,,,9,15,8,EC2
88592944,2019,2019-06-27 10:00,2,2,W Call St,540,30.443666,-84.290234,,,,,,9,15,2,EC2
89140501,2019,2019-04-24 10:40,2,1,N Gadsden St,,30.443217,-84.278273,147,,S,E CALL ST,,5,15,1,EC2
87511820,2019,2019-06-20 08:00,2,0,TCC PARKING LOT C,,30.44315,-84.33881,,,,,,9,15,8,EC2
89141286,2019,2019-05-22 23:40,2,1,W Pensacola St,2700,30.443097,-84.331042,,,,,,9,15,8,EC2
89297561,2019,2019-05-20 17:38,2,4,W Call St,299,30.443,-84.283905,,,,,,9,15,2,EC2
89141344,2019,2019-05-27 17:17,2,1,Ocala Rd,222,30.442862,-84.318054,,,,,,9,15,8,EC2
87511824,2019,2019-04-03 14:29,1,0,TCC PARKING LOT B,,30.44228,-84.34248,,,,,,9,15,8,EC2
89141812,2019,2019-06-16 13:07,2,1,CADIZ ST,100,30.442099,-84.271128,,,,,,9,15,8,EC2
89140519,2019,2019-04-24 19:25,2,2,E Park Ave,,30.441824,-84.281603,125,,E,S ADAMS ST,,5,15,10,EC2
89141759,2019,2019-06-14 07:30,2,1,W Park Ave,,30.441821,-84.289651,362,,W,N MACOMB ST,,5,15,8,EC2
89140872,2019,2019-05-06 12:52,2,1,W Park Ave,,30.441803,-84.28941,286,,W,N MACOMB ST,,5,15,2,EC2
89141156,2019,2019-05-17 15:50,2,2,W Park Ave,,30.441696,-84.286821,359,,W,S MARTIN LUTHER KING JR BLVD,,5,15,10,EC2
89140869,2019,2019-05-06 09:51,2,1,W Park Ave,,30.441694,-84.288158,108,,E,S MACOMB ST,,5,15,1,EC2
89141548,2019,2019-06-05 03:05,2,1,S Adams St,,30.441397,-84.281998,161,,S,E PARK AVE,,5,15,10,EC2
89141135,2019,2019-05-16 21:35,2,1,S Duval St,,30.441168,-84.283027,152,,N,W COLLEGE AVE,,5,15,1,EC2
89141446,2019,2019-05-31 13:25,2,1,S Duval St,,30.441138,-84.28303,141,,N,W COLLEGE AVE,,5,15,10,EC2
89140528,2019,2019-04-25 11:21,2,1,S Duval St,,30.441026,-84.283028,101,,N,W COLLEGE AVE,,5,15,1,EC2
89140182,2019,2019-04-12 18:00,2,1,W College Ave,,30.440775,-84.285942,76,,W,S M L KING JR BLVD,,5,15,1,EC2
89140317,2019,2019-04-17 13:34,2,1,E COLLEGE AVE,,30.440682,-84.279998,129,,W,S CALHOUN ST,,5,15,8,EC2
89140196,2019,2019-04-13 23:52,2,2,W Pensacola St,2101,30.440521,-84.319824,,,,,,9,15,8,EC2
89141797,2019,2019-06-15 17:45,2,2,W Pensacola St,2121,30.440436,-84.31984,,,,,,9,15,1,EC2
89141027,2019,2019-05-13 01:42,2,1,W Pensacola St,,30.440383,-84.317527,,,,,,9,15,8,
89141612,2019,2019-06-03 09:00,2,1,S Magnolia Dr,220,30.440115,-84.262457,,,,,,9,15,8,EC2
88592927,2019,2019-05-28 12:52,2,1,S WOODWARD AVE,206,30.440044,-84.298322,,,,,,9,15,8,EC2
89141786,2019,2019-06-15 00:45,2,1,LOVELACE DR,,30.438796,-84.312636,304,,N,BELLE VUE WAY,,5,15,1,EC2
89141991,2019,2019-06-23 17:58,2,2,UNNAMED RD,,30.438484,-84.254377,,,,,,9,15,8,EC2
89141869,2019,2019-06-18 08:00,2,1,W LAFAYETTE ST,,30.438105,-84.293982,290,,W,GAY ST,,5,15,10,EC2
89140286,2019,2019-04-16 20:30,2,0,UNNAMED RD,,30.43749,-84.252419,,,,,,9,15,2,EC2
89140290,2019,2019-04-17 10:58,2,1,APALACHEE PKWY (130?),1027,30.437465,-84.267304,,,,,,9,15,8,EC2
89140366,2019,2019-04-19 01:30,2,1,Belle Vue Way,1845,30.436985,-84.312607,,,,,,9,15,2,EC2
89141771,2019,2019-06-14 13:56,2,2,Apalachee Pkwy,1500,30.436932,-84.25401,,,,,,9,15,8,EC2
89139960,2019,2019-04-05 12:30,2,1,Apalachee Pkwy,1129,30.436879,-84.265153,,,,,,9,15,2,EC2
89141165,2019,2019-05-17 19:12,2,1,Appleyard Dr,501,30.436858,-84.3369,,,,,,9,15,2,EC2
89142113,2019,2019-06-28 14:25,2,1,Apalachee Pkwy,1237,30.436632,-84.262567,,,,,,9,15,8,EC2
88109685,2019,2019-05-04 23:40,2,1,NENA HILLS DRIVE,,30.43661,-84.36307,200,,N,COREY WOOD CIR,,5,15,1,EC2
89140141,2019,2019-04-12 11:19,2,2,W Madison St,,30.436565,-84.296442,86,,W,LORENE ST,,77,15,1,EC2
89140141,2019,2019-04-12 11:19,2,2,W Madison St,,30.436565,-84.296442,86,,W,LORENE ST,,77,15,1,
89141191,2019,2019-05-18 12:10,2,2,Apalachee Pkwy,1500,30.436544,-84.253688,,,,,,9,15,2,EC2
89142057,2019,2019-06-26 19:40,2,1,W Madison St,705,30.436543,-84.293586,,,,,,9,15,2,EC2
89297662,2019,2019-06-19 14:43,2,1,MUNICIPAL WAY,2965,30.436327,-84.335611,,,,,,9,15,8,EC2
89141845,2019,2019-06-17 19:43,2,2,Apalachee Pkwy,1233,30.436144,-84.262919,,,,,,9,15,2,EC2
89142005,2019,2019-06-24 06:00,2,1,WINTER LN,,30.435887,-84.194075,215,,W,PARKVIEW DR,,5,15,1,EC2
89139974,2019,2019-04-06 00:02,2,1,W Gaines St,530,30.435793,-84.289553,,,,,,9,15,2,EC2
89140830,2019,2019-05-04 16:33,2,1,Apalachee Pkwy,1500,30.435002,-84.253809,,,,,,9,15,8,EC2
85534632,2019,2019-04-21 20:32,2,2,SR 20 (BLOUNTSTOWN HIGHWAY),,30.4349,-84.36307,82,,W,NENA  HILLS DRIVE,,3,15,1,EC2
89140124,2019,2019-04-11 21:27,2,1,MOSLEY ST,901,30.434551,-84.299037,,,,,,9,15,8,EC2
89140958,2019,2019-05-09 14:30,2,1,ALBRITTON DR,,30.434107,-84.242322,181,,N,CALS LN,,5,15,1,EC2
89140855,2019,2019-05-05 14:37,2,1,BALDWIN PARK DR,1653,30.432491,-84.349315,,,,,,9,15,2,EC2
89140900,2019,2019-05-07 10:29,2,1,E VAN BUREN ST,,30.432393,-84.278106,,,,S GADSDEN ST,,5,15,1,EC2
88592925,2019,2019-05-20 11:17,2,1,UNNAMED RD,,30.432144,-84.301066,,,,,,9,15,2,EC2
89141290,2019,2019-05-23 22:30,2,1,Apalachee Pkwy,1759,30.432083,-84.250524,,,,,,9,15,8,EC2
88060353,2019,2019-05-20 16:45,2,2,APALACHEE PARKWAY NEIL KIRKMAN BUILDING,2900,30.4311487537738,-84.2267893969249,50,,E,DICK WILSON BLVD,,9,15,1,EC2
89141940,2019,2019-06-20 19:00,2,1,MYRTLE DR,,30.430553,-84.251944,46,,S,OLD SAINT AUGUSTINE RD,,5,15,1,
89141063,2019,2019-05-14 13:21,2,3,Dick Wilson Blvd,3101,30.430416,-84.226351,,,,,,9,15,1,EC2
89141100,2019,2019-05-15 20:50,2,1,Apalachee Pkwy,2308,30.430073,-84.243011,,,,,,9,15,8,EC2
89141580,2019,2019-06-06 10:00,2,1,MAPLE DR,,30.429382,-84.265134,282,,W,ALBAN AVE,,5,15,1,EC2
89125665,2019,2019-04-01 10:30,2,1,PERRY STREET,,30.42888,-84.29186,30,,S,GAMBLE STREET,,5,15,2,EC2
89141478,2019,2019-06-02 18:14,2,1,Capital Circle SE,1300,30.427978,-84.227103,,,,,,9,15,2,EC2
89141957,2019,2019-06-21 13:11,2,1,Apalachee Pkwy,3098,30.427782,-84.226177,,,,,,9,15,8,EC2
89140198,2019,2019-04-14 07:08,2,1,ELBERTA DR,,30.427759,-84.304248,621,,W,LAKE BRADFORD RD,,5,15,1,EC2
89140679,2019,2019-04-29 16:30,2,1,Apalachee Pkwy,3219,30.427324,-84.22156,,,,,,9,15,8,EC2
89141010,2019,2019-05-12 01:18,2,1,Apalachee Pkwy,2527,30.427296,-84.237715,,,,,,9,15,8,EC2
89141623,2019,2019-06-07 23:20,2,0,Apalachee Pkwy,2427,30.427243,-84.239733,,,,,,9,15,8,EC2
89141975,2019,2019-06-22 18:00,2,1,Apalachee Pkwy,,30.427049,-84.227849,,,,,,9,15,2,EC2
89141699,2019,2019-06-12 07:36,2,1,Apalachee Pkwy,2849,30.426744,-84.232411,,,,,,9,15,8,EC2
89125680,2019,2019-06-08 18:57,2,1,LEE HALL DR,1771,30.4266151197389,-84.2839126633583,,,,,,5,15,2,EC2
89141330,2019,2019-05-26 18:30,2,1,Apalachee Pkwy,3535,30.426396,-84.213869,,,,,,9,15,8,EC2
89140398,2019,2019-04-20 12:30,2,1,Apalachee Pkwy,2855,30.42458,-84.232725,,,,,,9,15,8,EC2
89140788,2019,2019-05-03 09:00,2,1,WINEWOOD BLVD,1317,30.424047,-84.250728,,,,,,9,15,1,EC2
89141412,2019,2019-05-29 14:00,2,1,EXECUTIVE CENTER CIR W,2671,30.423076,-84.235881,,,,,,9,15,8,EC2
89140151,2019,2019-04-12 13:25,2,2,WELCH ST,,30.422835,-84.334995,158,,S,MCARTHUR ST,,5,15,1,EC2
89297611,2019,2019-04-27 21:00,2,2,Apalachee Pkwy,9094,30.422389,-84.123061,,,,,,9,15,8,EC2
89142131,2019,2019-06-30 03:13,3,1,WARWICK ST,,30.421227,-84.303852,301,,N,HUTCHINSON ST,,5,15,1,EC2
89141398,2019,2019-05-29 14:04,2,3,E MAGNOLIA DRIVE,100,30.420453,-84.281187,,,,,,9,15,8,EC2
89139853,2019,2019-04-02 04:45,2,1,S Meridian St,2207,30.419687,-84.276706,,,,,,9,15,2,EC2
89141517,2019,2019-06-03 16:00,2,1,Capital Circle SE,2012,30.419052,-84.232313,,,,,,9,15,2,EC2
89141432,2019,2019-05-30 21:45,2,1,Springhill Rd,2440,30.41683,-84.302515,,,,,,9,15,8,EC2
89140195,2019,2019-04-13 21:00,2,0,Midyette Rd,2074,30.416683,-84.236051,,,,,,9,15,2,EC2
89141298,2019,2019-05-24 11:48,2,1,Putnam Dr,,30.416354,-84.271772,,,,PARKING LOT,,5,15,8,EC2
89141149,2019,2019-05-17 12:22,2,1,S Monroe St,2526,30.415644,-84.280908,,,,,,9,15,2,EC2
89140276,2019,2019-04-16 16:41,2,1,PRICILLA LN,,30.415552,-84.270262,,,,,,9,15,8,EC2
89141773,2019,2019-06-14 15:13,2,1,S Meridian St,2501,30.415396,-84.276906,,,,,,9,15,8,EC2
89140924,2019,2019-05-08 00:00,2,1,SPLENDOR RD,910,30.415041,-84.268809,,,,,,9,15,8,EC2
89141880,2019,2019-06-18 21:40,2,1,FAMCEE AVE,,30.414903,-84.290556,254,,W,WAHNISH WAY,,5,15,1,EC2
89140465,2019,2019-04-23 08:22,2,1,CANTON CIR,850,30.414502,-84.269694,,,,,,9,15,8,EC2
89141563,2019,2019-06-05 19:39,2,1,COBLE DR,,30.412104,-84.271573,556,,N,HARWOOD ST,,5,15,1,EC2
89141004,2019,2019-05-11 16:01,2,1,S Adams St,2800,30.411462,-84.284919,,,,,,9,15,8,EC2
89141909,2019,2019-06-19 08:00,2,1,S Adams St,2833,30.409415,-84.282321,,,,,,9,15,8,EC2
89297429,2019,2019-06-29 15:19,2,2,WHIPPOORWILL DR,3424,30.405547,-84.572189,886,,N,WHIPPOORWILL WAY,,5,15,1,EC2
89141296,2019,2019-05-24 10:45,2,1,S Blair Stone Rd,3562,30.40326,-84.236899,,,,,,9,15,1,EC2
89141509,2019,2019-06-03 15:20,2,1,S Monroe St,3477,30.401429,-84.280043,,,,,,9,15,8,EC2
89140197,2019,2019-04-14 00:00,2,0,S Monroe St,3505,30.400751,-84.280413,,,,,,9,15,2,EC2
89142075,2019,2019-06-27 15:15,2,3,RIDGE HAVEN RD,,30.397559,-84.289307,,,,RIDGE RD,,5,15,1,EC2
89141674,2019,2019-06-10 14:06,2,2,TERMINAL LOOP RD,,30.396925,-84.343741,,,,,,9,15,8,EC2
89141743,2019,2019-06-12 19:00,2,1,TERMINAL LOOP RD,3300,30.395933,-84.345434,,,,,,9,15,2,EC2
89141200,2019,2019-05-19 15:00,2,5,TWIN OAKS AT SOUTHWOOD,,30.394503,-84.228746,,,,,,9,15,1,EC2
89140202,2019,2019-04-14 11:00,2,2,Merchants Row Blvd,,30.39174,-84.223469,96,,E,IVY GREEN TRL,,5,15,8,EC2
89140651,2019,2019-04-29 01:07,4,1,Merchants Row Blvd,,30.391697,-84.226195,193,,E,SUMMERTREE DR,,5,15,8,EC2
89140578,2019,2019-04-26 21:30,2,3,Crawfordville Hwy,5382,30.369647,-84.296227,,,,,,9,15,8,EC2
87505291,2019,2019-04-01 17:45,2,2,BRADFORDVILLE RD,3700,,,0,,,,,5,15,8,EC2
87505297,2019,2019-04-02 08:45,2,8,BALKIN RD,1630,,,0,,,,,5,15,1,EC2
89139835,2019,2019-04-02 08:53,2,1,MICCOSUKEE RD (PARKING GARAGE),1300,,,,,,,,9,15,8,EC2
87505311,2019,2019-04-03 15:08,2,7,SUNBEAM LN,,,,500,,N,BLOUNTSTOWN HWY,,5,15,1,EC2
89139919,2019,2019-04-04 14:45,2,1,S Duval St,306,,,,,,,,9,15,8,EC2
87505364,2019,2019-04-04 20:10,2,1,Ocala Rd,800,,,0,,,,,9,15,2,EC2
88592877,2019,2019-04-05 11:25,2,2,CALL STREET,,,,100,,E,DEWEY STREET,,5,15,1,EC2
87505319,2019,2019-04-05 19:45,2,1,Woodville Hwy,8054,,,0,,,,,9,15,8,EC2
89140004,2019,2019-04-07 09:11,2,1,5TH AVE W,411,,,,,,,,9,15,1,EC2
87505339,2019,2019-04-09 10:30,2,1,SURGEONS DR,1528,,,0,,,,,5,15,8,EC2
87505350,2019,2019-04-10 19:55,2,1,N Monroe St,3813,,,0,,,,,2,15,8,EC2
88592888,2019,2019-04-11 14:02,2,2,COLLEGIATE LOOP,109,,,,,,,,9,15,8,EC2
87505365,2019,2019-04-11 20:50,2,5,Paul Russell Rd,601,,,0,,,,,9,15,8,EC2
88592891,2019,2019-04-12 17:00,2,1,HULL DRIVE,LOT 470,,,,,,,,9,15,8,EC2
89140163,2019,2019-04-12 17:43,2,1,Miccosukee Rd,1401,,,,,,,,9,15,8,EC2
85914275,2019,2019-04-13 01:00,2,1,ARDELIA CT,658,,,,,,,,9,15,8,EC2
85914277,2019,2019-04-13 23:12,2,1,Wahnish Way,,,,1000,,N,OSCEOLA ST,,5,15,8,EC2
89140201,2019,2019-04-14 10:38,2,1,CHARLOTTE ST,1427,,,,,,CHARLOTTE ST,,77,15,2,EC2
87505367,2019,2019-04-15 07:10,2,2,KINHEGA DR,3500,,,0,,,,,4,15,8,EC2
88592897,2019,2019-04-17 18:24,2,1,CHAMPIONS WAY,288,,,,,,,,9,15,88,EC2
88592900,2019,2019-04-20 14:40,2,2,W TENNESSEE STREET,814,,,,,,,,9,15,8,EC2
89140457,2019,2019-04-22 18:00,2,0,MCELROY ST,2812,,,20,,N,MCELROY ST,,5,15,2,EC2
88592906,2019,2019-04-24 12:09,2,14,CHAMPIONS WAY,296,,,300,,E,HENDRY ST,,77,15,1,EC2
87505433,2019,2019-04-26 00:00,2,1,N Monroe St,3219,,,0,,,,,9,15,8,EC2
89140641,2019,2019-04-26 15:19,3,1,W Pensacola St,,,,30,,W,OCALA RD,,5,15,2,EC2
89140637,2019,2019-04-28 17:10,2,2,S Duval St,306,,,,,,,,9,15,8,EC2
88592910,2019,2019-04-29 08:25,2,2,N. WOODWARD,104,,,,,,,,9,15,8,EC2
88592913,2019,2019-05-01 12:00,2,2,UNIVERSITY WAY,714,,,,,W,,0,8,15,3,EC2
88592915,2019,2019-05-01 20:00,2,1,WEST TENNESSEE STREET,832,,,,,,,,9,15,8,EC2
87505434,2019,2019-05-02 00:00,2,1,Capital Medical Blvd,3333,,,0,,,,,5,15,8,EC2
88592916,2019,2019-05-02 00:00,2,0,WALKER ST,414,,,,,,,,9,15,8,EC2
88592914,2019,2019-05-02 04:34,2,0,NORTH WOODWARD AVENUE,87,,,,,,,,9,15,8,EC2
88592919,2019,2019-05-03 10:50,2,1,UNIVERSITY WAY,714,,,175,,W,GRAY ST,,5,15,8,EC2
88592917,2019,2019-05-03 13:55,2,2,HONORS WAY,119,,,300,,S,WEST CALL STREET AND HONORS WAY,,5,15,1,EC2
88592921,2019,2019-05-04 12:24,2,3,WEST TENNESSEE STREET,808,,,125,,S,WEST TENNESSEE STREET AND DEWEY STREET,,5,15,2,EC2
87505457,2019,2019-05-05 20:28,2,1,NENA HILLS DR,1973,,,0,,,,,4,15,2,EC2
87505461,2019,2019-05-07 21:50,2,2,Paul Russell Rd,,,,500,,E,PROSPECT ST,,5,15,3,EC2
87505480,2019,2019-05-10 12:25,2,1,Thomasville Rd,6668,,,0,,,,,5,15,8,EC2
89141044,2019,2019-05-13 15:56,2,1,GALLAGHER DR,3548,,,,,,,,9,15,8,EC2
89141324,2019,2019-05-25 22:38,2,1,GREGORY DR,2378,,,,,,,,9,15,2,EC2
88592929,2019,2019-05-29 15:30,2,0,W Pensacola St,505,,,,,,,,9,15,8,EC2
88592930,2019,2019-05-30 21:05,2,0,WEST PENSACOLA STREET,505,,,500,,E,N/A,,5,15,1,EC2
89141472,2019,2019-06-01 19:37,2,1,Thomasville Rd,3521,,,,,,,,9,15,8,EC2
89141619,2019,2019-06-07 01:08,2,1,Hartsfield Rd,3735,,,,,,,,9,15,2,EC2
89141672,2019,2019-06-11 14:42,2,1,N Monroe St,2436,,,,,,,,9,15,8,EC2
89141687,2019,2019-06-11 16:33,2,1,Capital Medical Blvd,2626,,,,,,,,9,15,1,EC2
88592938,2019,2019-06-21 19:40,2,1,UNIVERSITY WAY,,,,30,,W,HONORS WAY,,5,15,1,EC2
88592940,2019,2019-06-24 16:03,2,2,CHAMPIONS WAY,285,,,,,,,,9,15,1,EC2
88592941,2019,2019-06-25 15:05,1,1,JEFFERSON ST,830,,,,,,,,9,15,8,EC2
88111360,2019,2019-04-30 15:25,1,1,INTERSTATE 10 (STATE ROAD 8),,30.5015412641531,-84.2570113143278,,,,MILE MARKER 202,,1,17,1,EC2
88027221,2019,2019-06-06 08:25,1,1,INTERSTATE 10 (STATE ROAD 8) 199 EB,,30.48561,-84.29766,100,,W,SHARER ROAD,,1,17,1,EC2
89297639,2019,2019-06-27 11:01,1,1,BULL HEADLEY RD,,30.611423,-84.252642,,,N,MANOR HOUSE DR,,4,18,3,EC2
89297616,2019,2019-05-22 16:45,1,1,GOLDEN EAGLE DR E,3044,30.597101,-84.221875,,,,,,8,18,1,EC2
89297690,2019,2019-06-13 06:45,1,1,N Meridian Rd,,30.588395,-84.280687,448,,N,ORCHARD POND PARKWAY,,4,18,1,EC2
89297538,2019,2019-06-19 06:07,1,1,BANNERMAN RD,925,30.587334,-84.262333,143,,W,LANTERN LIGHT LN,,8,18,2,EC2
89297613,2019,2019-06-21 07:03,2,3,BANNERMAN RD,,30.56323,-84.21925,908,,N,THOMASVILLE RD,,4,18,1,EC2
89297678,2019,2019-05-24 06:40,2,2,Thomasville Rd,,30.560749,-84.218095,204,,S,BANNERMAN RD,,2,18,1,EC2
89297590,2019,2019-06-15 19:59,2,3,Thomasville Rd,6653,30.55994,-84.218329,,,,,,9,18,8,EC2
89297633,2019,2019-06-17 17:05,2,3,OX BOTTOM RD,,30.54811,-84.272644,,,,OX BOTTOM MANOR DR,,4,18,1,EC2
89141983,2019,2019-06-23 04:00,1,2,N Meridian Rd,,30.544624,-84.277578,394,,N,ROSEHILL LN,,4,18,1,EC2
89297557,2019,2019-05-18 10:50,2,2,N Monroe St,,30.542832,-84.372451,2000,,N,POTCAKE,,2,18,1,EC2
88111363,2019,2019-05-23 14:50,2,2,US 27 (STATE ROAD 63),,30.53999,-84.37071,,0.1,S,CARTER TRAIL,,2,18,1,EC2
89297663,2019,2019-05-22 05:52,1,2,MATTHEW CARTER CT,,30.538047,-84.361291,7,,W,OLD BAINBRIDGE RD,,3,18,10,EC2
89297545,2019,2019-06-19 13:51,4,5,Thomasville Rd,,30.520868,-84.238881,58,,S,RADFORD FARM RD,,2,18,1,EC2
88074484,2019,2019-05-02 13:25,3,3,INTERSTATE 10 WESTBOUND MM 202,,30.50174,-84.25136,,1,W,STATE ROAD 61,,1,18,1,EC2
88056979,2019,2019-05-13 22:20,1,1,INTERSTATE-10 (STATE ROAD-8) MM204 WB,,30.5010956197504,-84.2259306867489,,1,E,UNITED STATES-319,,1,18,1,EC2
88092911,2019,2019-04-19 09:47,1,2,INTERSTATE 10 (STATE ROAD 8),,30.4913,-84.28225,,1,W,STATE ROAD 61 (THOMASVILLE ROAD),,1,18,1,EC2
89297601,2019,2019-06-21 19:30,2,1,N Monroe St,3219,30.488471,-84.317657,,,,,,9,18,8,EC2
89141395,2019,2019-05-29 11:30,2,2,PIEDMONT DR,,30.487458,-84.273289,157,,W,WINDSOR WAY,,5,18,1,EC2
89297683,2019,2019-06-19 18:34,2,1,LANG DR,,30.486278,-84.321454,76,,N,MISTY GARDEN WAY,,5,18,1,EC2
89297548,2019,2019-06-18 18:15,2,4,I-10,,30.485282,-84.158703,296,,W,MAHAN DR,,1,18,1,EC2
85428270,2019,2019-06-26 13:03,2,2,MONROE APARTMENTS ENTRANCE,,30.4839213365651,-84.3170785776524,57,,W,SESSIONS RD,,9,18,8,EC2
88111371,2019,2019-06-10 10:50,1,1,INTERSTATE 10 (STATE ROAD 8),,30.4826578438612,-84.3061336686482,,,,MM 199 EB ENTRANCE RAMP,,1,18,1,EC2