report_number,crash_year,crash_date_time,total_number_of_vehicles,total_number_of_persons,on_street_road_highway,street_address_number,latitude,longitude,feet_from_intersection,miles_from_intersection,direction_from_intersection,from_intersection_of,from_milepost_number,road_system_identifier,first_harmful_event,harmful_event_location,other1
89297532,2019,2019-05-31 07:55,2,2,I-10,,30.480516,-84.318508,599,,W,N MONROE ST,,1,18,1,EC2
88092912,2019,2019-04-19 13:40,2,3,INTERSTATE 10 (STATE ROAD 8),,30.47819,-84.14139,,1,E,US HIGHWAY 90 (STATE ROAD 10),,1,18,1,EC2
88060348,2019,2019-05-06 09:15,1,1,EB SR 8 (I-10) MM 211,,30.4779413920515,-84.1112437741415,,2,W,MM 209,,1,18,4,EC2
89297602,2019,2019-05-29 17:20,2,2,N Monroe St,2683,30.47771,-84.298395,,,,,,9,18,8,EC2
89141998,2019,2019-06-24 11:05,1,2,Sharer Rd,,30.477194,-84.298346,25,,N,N MONROE ST,,5,18,1,EC2
89140142,2019,2019-04-12 10:46,2,1,SEDONA LOOP,,30.476606,-84.219651,50,,E,FLEISCHMANN RD,,5,18,1,EC2
89297620,2019,2019-05-20 09:13,2,3,Mahan Dr,,30.4765,-84.182641,,,,CHAMPAGNE DR,,3,18,1,EC2
89297594,2019,2019-06-27 17:20,2,3,W Tharpe St,,30.465342,-84.34385,,,W,N MISSION RD,,4,18,1,EC2
89141277,2019,2019-05-23 12:40,1,1,Thomasville Rd,1890,30.465057,-84.270216,,,,,,9,18,2,EC2
89141688,2019,2019-06-11 16:00,2,1,W Tharpe St,1000,30.46454,-84.298537,,,,,,9,18,8,EC2
89297606,2019,2019-06-06 11:55,2,4,Capital Circle NE,,30.463894,-84.228085,,,N,AUTOMOTIVE WAY,,2,18,1,EC2
89297612,2019,2019-05-25 18:34,2,2,Mahan Dr,3631,30.463392,-84.217025,,,,,,9,18,1,EC2
89297592,2019,2019-05-15 09:43,2,2,W Tharpe St,401,30.46276,-84.288396,,,,,,9,18,2,EC2
89297554,2019,2019-06-22 21:26,2,2,LAGNIAPPE WAY,4021,30.462116,-84.217261,,,,,,9,18,8,EC2
89297685,2019,2019-06-22 00:00,2,1,LAGNIAPPE WAY,4067,30.461615,-84.212038,,,,,,9,18,2,EC2
89297635,2019,2019-06-02 10:00,2,1,W Tennessee St,4330,30.461086,-84.358871,,,,,,9,18,8,EC2
89297605,2019,2019-06-07 10:50,2,2,LAGNIAPPE WAY,4067,30.460557,-84.212125,,,,,,9,18,88,EC2
89139801,2019,2019-04-01 18:29,1,2,W Tennessee St,,30.4573,-84.347253,731,,W,BLOUNTSTOWN ST,,5,18,1,EC2
89141903,2019,2019-06-19 21:03,1,1,MARYS DR,,30.456526,-84.255452,14,,S,MICCOSUKEE RD,,5,18,2,EC2
89139823,2019,2019-04-01 16:20,1,1,W Tennessee St,2660,30.451185,-84.331978,,,,,,9,18,2,EC2
89297676,2019,2019-06-04 13:40,2,2,S Magnolia Dr,,30.440704,-84.261693,351,,N,GOVERNORS SQUARE BLVD,,4,18,1,EC2
89297473,2019,2019-06-27 16:15,1,1,MUNICIPAL WAY,2869,30.439387,-84.33619,,,,,,9,18,2,EC2
89297716,2019,2019-05-23 13:50,2,1,Conner Blvd,3601,30.439342,-84.216737,,,,,,9,18,8,EC2
88056968,2019,2019-04-18 20:55,2,3,STATE ROAD-20,,30.4370706409264,-84.5108459044173,,0.5,E,MERRY ROBIN ROAD,,3,18,1,EC2
89297452,2019,2019-05-16 07:08,2,2,MUNICIPAL WAY,2965,30.436212,-84.335304,,,,,,9,18,8,EC2
89297555,2019,2019-05-29 14:10,2,3,Trojan Trl,3830,30.435034,-84.213333,,,,,,9,18,1,EC2
89125701,2019,2019-04-22 11:44,2,2,Wahnish Way,1546,30.4277489130548,-84.2901011718408,,,,,,9,18,8,EC2
89140856,2019,2019-05-05 15:10,1,2,Apalachee Pkwy,,30.427646,-84.224101,700,,W,CAY LN,,2,18,1,EC2
89140419,2019,2019-04-21 02:43,2,1,KEITH ST,,30.427524,-84.297402,46,,S,FLORAL ST,,5,18,1,EC2
89140590,2019,2019-04-27 09:45,1,1,S Monroe St,1621,30.426292,-84.280415,,,,,,9,18,2,EC2
89141572,2019,2019-06-06 04:24,1,2,OLD SAINT AUGUSTINE RD,,30.421173,-84.231616,323,,W,AUGUSTINE PL,,5,18,1,EC2
89297433,2019,2019-05-10 21:25,2,0,Blountstown Hwy,16766,30.421056,-84.542355,,,,,,9,18,8,EC2
89141414,2019,2019-05-29 21:39,1,1,POLK DR,412,30.413133,-84.277652,,,,,,9,18,2,EC2
89140822,2019,2019-05-04 14:17,1,2,BRAGG DR,,30.40466,-84.29128,375,,W,BELLAIRE AVE,,5,18,1,EC2
89141093,2019,2019-05-15 16:33,2,1,SKYLARK AVE,,30.395569,-84.275848,270,,W,FALCON DR,,5,18,10,EC2
89297657,2019,2019-06-12 12:37,2,2,Crawfordville Rd,,30.375671,-84.292579,49,,S,CAPITAL CIR SW,,4,18,1,EC2
83766087,2019,2019-05-13 07:43,1,1,STATE ROAD 261,,30.375641492632,-84.2720225979571,100,,W,STATE ROAD 363,,3,18,1,EC2
89297600,2019,2019-06-22 21:10,2,4,Capital Circle SE,,30.375555,-84.242551,1864,,W,MARY LEE ALLEN RD,,2,18,1,EC2
89297640,2019,2019-06-26 17:35,2,2,Woodville Hwy,,30.37366,-84.269348,125,,N,CAPITAL CIR SW,,4,18,1,EC2
89297674,2019,2019-06-06 18:05,2,1,Woodville Hwy,8056,30.328704,-84.250878,,,,,,9,18,8,EC2
88047540,2019,2019-04-08 22:55,3,3,US HIGHWAY 319 (CRAWFORDVILLE ROAD),,30.32489,-84.33202,10,,N,OAK RIDGE ROAD,,2,18,1,EC2
87505309,2019,2019-04-03 16:00,2,1,Mahan Dr,6615,,,0,,,,,9,18,8,EC2
87505331,2019,2019-04-08 11:55,2,2,Capital Circle SW,,,,0,,,BLOUNTSTOWN HWY,,2,18,1,EC2
87505336,2019,2019-04-09 13:35,2,1,BULL HEADLEY RD,8511,,,0,,,,,8,18,8,EC2
87505337,2019,2019-04-09 17:45,1,1,ESTATES RD,,,,0,,,RIDGE RD N,,4,18,1,EC2
87505359,2019,2019-04-13 12:04,2,2,MERIDIAN RD,,,,50,,N,CLOVERDALE RD,,4,18,1,EC2
87505387,2019,2019-04-19 17:36,1,3,N Meridian Rd,,,,280,,S,MACLAY BLVD,,4,18,1,EC2
87505397,2019,2019-04-22 14:45,2,3,Jackson Bluff Rd,,,,0,,,RANKIN AVE,,5,18,1,EC2
87505410,2019,2019-04-25 16:10,2,1,Jackson Bluff Rd,,,,350,,W,BUSHLARK TRAIL,,5,18,2,EC2
87505444,2019,2019-05-03 17:00,3,2,N Monroe St,,,,0,,,FRED GEORGE RD,,3,18,1,EC2
88592932,2019,2019-06-01 21:00,1,1,PAUL DIRAC DRIVE,0,,,,,E,ORANGE AVENUE,,77,18,1,EC2
88592903,2019,2019-04-23 09:40,2,2,N WOODWARD AVENUE PARKING GARAGE,104,,,,,,PARKING GARAGE,,5,19,8,EC2
89142152,2019,2019-06-28 13:30,1,1,Apalachee Pkwy,,30.438092,-84.273248,111,,E,SUWANNEE ST,,3,20,1,EC2
88109698,2019,2019-06-15 03:15,1,1,GLENMEADOW LANE,,30.47904,-84.16195,,,,ELMWOOD DRIVE,,5,23,2,EC2
89140944,2019,2019-05-09 08:11,1,1,Centerville Rd,2344,30.478137,-84.237744,150,,W,CAPITAL CIR NE,,77,23,2,EC2
88111358,2019,2019-04-24 06:30,1,1,LONGLEAF ROAD,,30.39968,-84.33551,15,,W,LAKE BRADFORD RD,,5,23,2,EC2
87505314,2019,2019-04-05 06:55,1,1,BENJAMIN CHAIRES RD,,,,500,,S,IRISH OAKS LN,,5,23,2,EC2
89140744,2019,2019-05-02 03:10,1,1,W Tharpe St,,,,,,,IVAN DR,,5,23,2,EC2
89297583,2019,2019-05-17 08:40,1,3,DEER LK W,,30.592567,-84.244705,37,,S,HUNTERS RIDGE TRL,,5,24,2,EC2
87505394,2019,2019-04-20 22:10,1,1,BRADFORDVILLE RD,,30.560308,-84.21405,273,,W,AYAVALLA WAY,,4,24,1,EC2
89297535,2019,2019-06-15 06:00,1,1,Thomasville Rd,,30.547289,-84.225818,568,,N,CHANCELLORSVILLE DR,,5,24,2,EC2
89141199,2019,2019-05-19 14:20,1,1,Killarney Way,,30.510937,-84.233263,199,,W,TULLAMORE LN,,5,24,10,EC2
89141479,2019,2019-06-02 07:23,1,1,Capital Circle NE,2695,30.488079,-84.238789,,,,,,9,24,2,EC2
89142122,2019,2019-06-29 17:27,1,0,Capital Circle NE,,30.480123,-84.236831,300,,N,WEDNESDAY RD,,3,24,1,EC2
89141105,2019,2019-05-16 03:05,1,1,Old Bainbridge Rd,,30.478091,-84.313943,,,,WILLAMETTE RD,,3,24,1,EC2
89140421,2019,2019-04-21 01:30,1,1,Pullen Rd,,30.478052,-84.304595,736,,E,GRADUATE CIR,,5,24,2,EC2
89140387,2019,2019-04-20 15:00,1,1,N Monroe St,2415,30.476673,-84.291771,,,,,,9,24,8,EC2
89141734,2019,2019-06-13 01:11,1,2,TRIMBLE RD,2323,30.475794,-84.334748,,,,,,9,24,2,EC2
89141784,2019,2019-06-14 20:51,1,1,John Knox Rd,,30.474057,-84.288982,,,,SILVER SLIPPER LN,,5,24,1,EC2
89140288,2019,2019-04-17 02:35,1,1,Hartsfield Rd,2929,30.473612,-84.348519,,,,,,9,24,2,EC2
89140203,2019,2019-04-14 13:40,1,3,N Blair Stone Rd,,30.473401,-84.243526,75,,E,CENTERVILLE RD,,5,24,1,EC2
89141697,2019,2019-06-12 06:50,1,1,Centerville Rd,1964,30.473305,-84.24354,,,,,,9,24,10,EC2
85407974,2019,2019-06-15 02:56,3,1,NYLIC STREET,,30.4512600057884,-84.3066354350511,5,,E,BASIN STREET,,5,24,3,EC2
89140018,2019,2019-04-07 18:45,1,1,N Bronough St,,30.447062,-84.284325,59,,N,W CAROLINA ST,,5,24,1,EC2
89142087,2019,2019-06-28 23:40,1,1,COLUMBIA DR,,30.445981,-84.323528,23,,S,W TENNESSEE ST,,5,24,1,EC2
89140858,2019,2019-05-05 14:40,1,1,N Blair Stone Rd,,30.444257,-84.249805,901,,N,BLAIR STONE RD,,5,24,1,EC2
89141695,2019,2019-06-11 22:55,1,1,ESCAMBIA DR,,30.441731,-84.326123,54,,W,WHITE DR,,5,24,10,EC2
89141565,2019,2019-06-05 21:52,1,1,STADIUM DR E,769,30.435716,-84.3014,,,,,,9,24,2,EC2
89140894,2019,2019-05-06 23:00,1,1,S WOODWARD AVE,,30.435663,-84.298055,,,,W GAINES ST,,5,24,1,EC2
89139776,2019,2019-04-01 09:07,1,1,Capital Circle SE,,30.43528,-84.226793,58,,S,HIGHLAND OAKS TER,,5,24,10,EC2
89297591,2019,2019-06-11 18:35,1,1,SMITTYS WAY,,30.434934,-84.360411,,,,BLOUNTSTOWN HWY,,3,24,10,EC2
89139968,2019,2019-04-05 17:29,1,1,FLORAL ST,822,30.427654,-84.296288,,,,HOLTON ST,,5,24,10,EC2
89141346,2019,2019-05-28 16:03,1,1,W PAUL DIRAC DR,,30.423951,-84.325819,,,,E PAUL DIRAC DR,,5,24,1,EC2
89140228,2019,2019-04-15 12:34,1,1,Capital Circle SE,,30.420207,-84.229666,115,,E,VANISHING POINT LN,,3,24,1,EC2
89140864,2019,2019-05-05 04:00,1,1,Putnam Dr,,30.416643,-84.280456,,,,S MONROE ST,,5,24,10,EC2
89297540,2019,2019-06-07 22:50,1,1,Thomasville Rd,,30.633843,-84.169394,1320,,S,CHEROKEE PLANTATION RD,,2,25,2,EC2
87193446,2019,2019-04-30 04:30,1,1,DEER LK E,,30.58602,-84.22452,0,,S,GREENLAND DRIVE,,4,25,2,EC2
88102369,2019,2019-05-23 23:15,1,1,STATE ROAD 154,,30.53818,-84.17622,,,,CENTERVILLE RD,,4,25,2,EC2
89142110,2019,2019-06-29 01:45,1,1,THIRLESTANE CT,2153,30.520195,-84.240373,,,,,,9,25,2,EC2
88008593,2019,2019-06-07 13:03,1,1,BAUM RD,,30.5135401323775,-84.0807334048127,,,,US HWY 90 E,,4,25,2,EC2
87505452,2019,2019-05-04 18:18,1,2,CROWDER RD,,30.503358,-84.321923,234,,S,CROWDER LOOP,,5,25,2,EC2
88074756,2019,2019-05-08 03:10,1,1,Lakeshore Dr,,30.4980923184115,-84.2867813014484,50,,W,RUE DE LAFITTE DR,,5,25,2,EC2
87270819,2019,2019-04-02 22:51,1,1,COUNTY ROAD 0356 (FRED GEORGE ROAD),,30.4970610101705,-84.3373833034243,100,,N,SAINT LOUIS CHURCH WAY,,5,25,2,EC2
88135044,2019,2019-06-12 07:50,1,1,MILES JOHNSON ROAD,,30.4935909864526,-84.1315368343241,350,,W,WILLIE FRANCIS TRAIL,,5,25,2,EC2
88056964,2019,2019-04-05 15:30,1,1,INTERSTATE-10 (STATE ROAD-8) MM209 EB,,30.4839675453358,-84.157517046112,,0.1,E,UNITED STATES-90,,1,25,2,EC2
89140808,2019,2019-05-04 01:24,1,1,Lakeshore Dr,,30.480906,-84.302478,173,,N,N MONROE ST,,5,25,2,EC2
88092908,2019,2019-04-02 00:27,1,2,COUNTY ROAD 1583 (GEDDIE ROAD),,30.4627206659583,-84.4037044137572,,0.1,S,HOUSTON ROAD,,4,25,2,EC2
89141336,2019,2019-05-27 11:07,1,1,W Tennessee St,,30.456615,-84.36896,,,,NASHVILLE DR,,5,25,1,EC2
89141064,2019,2019-05-14 11:12,1,2,VALENCIA DR,,30.441983,-84.322204,501,,E,ESCAMBIA DR,,5,25,10,EC2
89140414,2019,2019-04-20 23:03,1,1,ESCAMBIA DR,,30.441695,-84.323559,,,,COLUMBIA DR,,5,25,2,EC2
89141435,2019,2019-05-31 03:20,1,0,Belle Vue Way,,30.437939,-84.30907,41,,E,RIVOLI RD,,5,25,10,EC2
89141335,2019,2019-05-27 07:42,1,1,Belle Vue Way,,30.437893,-84.319249,89,,E,S AUSLEY RD,,5,25,2,EC2
89297431,2019,2019-06-30 19:54,1,3,AENON CHURCH ROAD,5534,30.436926,-84.374002,,,,,,9,25,2,EC2
89141220,2019,2019-05-20 19:26,1,2,Pepper Dr,1300,30.429293,-84.304756,787,,W,LAKE BRADFORD RD,,5,25,10,EC2
88056975,2019,2019-05-08 01:20,1,1,SOUTHWOOD PLANTATION ROAD,,30.4263853103693,-84.210255323898,,0.1,S,UNITED STATES-27 (APALACHEE PARKWAY),,5,25,2,EC2
89141570,2019,2019-06-06 00:24,1,2,S Magnolia Dr,2014,30.42238,-84.26273,,,,,,8,25,2,EC2
89141364,2019,2019-05-28 13:24,1,1,MILL ST,,30.415226,-84.301291,320,,E,SPRINGHILL RD,,5,25,2,EC2
89297445,2019,2019-05-30 12:20,1,1,SLASH PINE LN,4508,30.387214,-84.289598,100,,E,GEM TERR,,5,25,2,EC2
88109686,2019,2019-05-14 03:40,1,1,TRAM ROAD,,30.3680878365653,-84.1774083278914,,2.5,W,ST JOE ROAD,,4,25,2,EC2
87505360,2019,2019-04-12 11:45,1,1,Lakeshore Dr,,,,250,,S,ENTERPRISE DR,,5,25,2,EC2
88109692,2019,2019-05-26 22:25,1,1,VETERANS MEMORIAL DRIVE,,30.6487020728016,-84.0458026986575,,2.5,N,ALBERTA LAKE ROAD,,4,26,2,EC2
88060343,2019,2019-04-13 14:00,1,1,NB OLD MAGNOLIA ROAD,,30.5264820821442,-84.0238073443448,5,,N,WILROB DRIVE,,4,26,1,EC2
89142129,2019,2019-06-30 01:00,1,1,Centerville Rd,,30.514417,-84.201047,456,,S,SHAMROCK ST S,,4,26,3,EC2
89297517,2019,2019-06-11 11:50,1,1,Apalachee Pkwy,,30.41908,-84.140724,161,,W,LOUVINIA DR,,3,26,4,EC2
89141019,2019,2019-05-12 16:18,1,1,MILLS ST,,30.415168,-84.301436,100,,E,SPRINGHILL RD,,5,26,3,EC2
87505302,2019,2019-04-03 07:28,1,1,Miccosukee Rd,,,,,1,W,ARGYLE LN,,5,26,3,EC2
85871813,2019,2019-06-13 01:08,1,1,APALACHEE PARKWAY,,,,0,0,,SOUTH MONROE STREET,,2,26,2,PR2
89297425,2019,2019-06-29 08:20,1,1,TIMBERLANE SCHOOL RD,,30.503569,-84.261311,,,,TIMBERLANE RD,,5,27,1,EC2
88074482,2019,2019-04-28 10:52,1,1,INTERSTATE 10 WESTBOUND MM 201,,30.4913,-84.28225,,2,W,STATE ROAD 61,,1,27,2,EC2
89140522,2019,2019-04-25 03:09,1,1,HENDERSON RD,,30.485969,-84.288844,163,,N,GRADY RD,,5,27,2,EC2
88056985,2019,2019-06-06 10:25,1,1,INTERSTATE-10 (STATE ROAD-8) MM199 WB,,30.4838845640234,-84.3080753867948,,0.1,N,UNITED STATES-27 (NORTH MONROE ST),,1,27,1,EC2
88038629,2019,2019-06-09 14:29,1,1,I-10 W,,30.4827796574854,-84.3091038939359,,,,MONROE ST,,1,27,2,EC2
88098350,2019,2019-04-05 16:10,1,1,INTERSTATE 10 (STATE ROAD 8),,30.4825646465708,-84.3084956109414,,0.2,W,199 MM,,1,27,3,EC2
89140523,2019,2019-04-25 03:09,1,1,Sharer Rd,2810,30.478584,-84.297238,,,,,,9,27,2,EC2
89141184,2019,2019-05-18 15:30,1,1,W Tennessee St,1660,30.449311,-84.309206,,,,,,9,27,2,EC2
87215283,2019,2019-04-24 20:05,1,1,CAPITAL CIRCLE,,30.4419263826157,-84.3529992786928,50,,S,SWAMP FOX ROAD,,3,27,1,EC2
88109687,2019,2019-05-17 21:30,1,1,STATE ROAD 20,,30.4136852464004,-84.5514779697616,250,,E,ROY CLARK DR,,3,27,2,EC2
89141849,2019,2019-06-17 16:34,1,1,W Orange Ave,,30.412667,-84.304813,453,,W,SPRINGHILL RD,,4,27,1,EC2
87505395,2019,2019-04-22 01:25,1,1,Fred George Rd,,,,0,,,WOODBRIAR LN,,5,27,1,EC2
87505400,2019,2019-04-23 06:45,1,1,CR 2203,,,,,0.53,S,TOM ROBERTS RD,,4,27,1,EC2
88109697,2019,2019-06-05 23:45,1,1,US HIGHWAY 90 (STATE ROAD 10),,30.505557108417,-84.0926025362106,,0.5,W,BAUM ROAD,,3,28,2,EC2
89142013,2019,2019-06-24 16:16,1,1,S Adams St,2529,30.414425,-84.282861,,,,,,9,28,10,EC2
87292194,2019,2019-05-13 12:20,1,2,INTERSTATE 10 WB ENTRANCE RAMP,,30.5027208745379,-84.252329272056,50,,W,STATE ROAD 261 (CAPITAL CIRCLE),,1,30,3,EC2
88027225,2019,2019-06-18 14:25,1,2,INTERSTATE 10 (STATE ROAD 8) EB 203 MM,,30.5017028203842,-84.2497556618386,100,,E,US HIGHWAY 319 (STATE ROAD 61),,1,30,4,EC2
88056990,2019,2019-06-24 08:20,1,2,INTERSTATE-10 (STATE ROAD-8) EB MM202,,30.4981957567743,-84.2657123311587,,0.1,W,STATE ROAD-61,,1,30,1,EC2
88111374,2019,2019-06-19 10:00,1,3,I-10 (STATE ROAD 8),,30.4913,-84.28225,,2,E,STATE ROAD 61 (THOMASVILLE ROAD),,1,30,1,EC2
87292191,2019,2019-04-11 16:33,1,1,INTERSTATE 10 WESTBOUND 199 MILE MARKER,,30.48561,-84.29766,500,,W,SHARER ROAD,,1,30,4,EC2
88135578,2019,2019-05-02 14:40,1,2,INTERSTATE 10,,30.4848264551746,-84.3956940604767,,2,E,US HIGHWAY 90,,1,30,3,EC2
88100616,2019,2019-06-07 10:30,1,3,INTERSTATE 10 EASTBOUND MM196,,30.4813961021687,-84.3717991228942,,0.5,W,CAPITAL CIRCLE NW,,1,30,2,EC2
88111356,2019,2019-04-14 14:20,1,1,INTERSTATE 10 (STATE ROAD 8),,30.4782498484254,-84.3523373125978,,0.1,E,MILE MARKER 196,,1,30,2,EC2
88056986,2019,2019-06-11 07:30,1,2,INTERSTATE-10(STATE ROAD-8) MM197 EB,,30.4777365536244,-84.3507060997147,,1,E,UNITED STATES-319 (STATE ROAD-263),,1,30,1,EC2
89141217,2019,2019-05-20 16:10,1,1,W Tharpe St,2774,30.465714,-84.343799,,,,,,9,30,8,EC2
89139901,2019,2019-04-04 00:30,1,1,W Tharpe St,,30.463656,-84.318461,110,,W,OCALA RD,,5,30,10,EC2
89140636,2019,2019-04-28 23:23,1,3,Capital Circle NE,1400,30.456388,-84.227014,496,,S,ELIZA RD,,5,30,1,EC2
89140881,2019,2019-05-01 20:19,2,2,Springhill Rd,2233,30.418426,-84.301978,,,,,,9,30,8,EC2
89142111,2019,2019-06-29 00:20,1,1,Old Bainbridge Rd,1600,30.459855,-84.296733,34,,W,OLD BAINBRIDGE RD,,5,31,1,EC2
89140959,2019,2019-05-09 17:05,1,1,N Blair Stone Rd,,30.45111,-84.250069,760,,S,MAHAN DR,,5,31,1,EC2
89141852,2019,2019-06-18 08:04,1,2,Mabry St,300,30.439521,-84.327953,,,,,,9,31,8,EC2
89141516,2019,2019-06-03 21:00,1,1,Jackson Bluff Rd,3000,30.434749,-84.337176,,,,,,9,31,8,EC2
85871815,2019,2019-06-27 08:24,1,1,SOUTH DUVAL STREET,622,,,,,,,,9,31,8,PR2
87225351,2019,2019-05-27 21:30,1,1,COUNTY ROAD 12,,30.669062017759,-84.2802312602581,365,,W,HIGH HILL CIRCLE,,4,32,2,EC2
88109690,2019,2019-05-18 22:50,1,1,COUNTY ROAD 155 (N MERIDIAN ROAD),,30.652890712948,-84.2674446080425,400,,S,MERIDIAN HILLS ROAD,,4,32,2,EC2
88027217,2019,2019-04-28 04:30,1,1,OLD MAGNOLIA ROAD,,30.58391,-84.0159,,,,RING OAK LANE,,5,32,2,EC2
88109680,2019,2019-04-04 18:52,1,1,STATE ROAD 263 (CAPITAL CIRCLE NW),,30.5203272991405,-84.3656862295574,300,,S,WOODLANE CIR,,3,32,2,EC2
89141892,2019,2019-06-19 12:45,1,1,Thomasville Rd,3529,30.510301,-84.246458,,,,,,9,32,2,EC2
88049799,2019,2019-05-30 03:10,1,1,OLD BAINBRIDGE ROAD,,30.50795,-84.34714,,0.5,N,PERKINS ROAD,,5,32,2,EC2
89141758,2019,2019-06-14 02:04,1,1,Miccosukee Rd,,30.502259,-84.161211,527,,E,MILES JOHNSON RD,,5,32,2,EC2
88109684,2019,2019-05-03 18:55,1,1,MICCOSUKEE ROAD,,30.4864815202241,-84.1929083722852,100,,E,CENTENNIAL OAK CIRCLE,,5,32,2,EC2
89141637,2019,2019-06-09 00:09,1,1,FULTON RD,698,30.481725,-84.294267,,,,,,9,32,2,EC2
89140213,2019,2019-04-14 22:22,1,1,Old Bainbridge Rd,2631,30.47904,-84.315333,,,,,,9,32,2,EC2
89297424,2019,2019-06-28 23:58,1,1,Capital Medical Blvd,2626,30.476927,-84.230029,,,,,,9,32,3,EC2
89141386,2019,2019-05-28 10:53,1,2,LA RUE CT,,30.472857,-84.318907,62,,S,HARTSFIELD RD,,5,32,2,EC2
89140664,2019,2019-04-29 12:44,1,0,Hartsfield Rd,,30.469367,-84.360832,106,,E,CAPITAL CIR NW,,5,32,1,EC2
89140985,2019,2019-05-10 20:11,1,0,N Blair Stone Rd,,30.454287,-84.248576,458,,N,MAHAN DR,,5,32,1,EC2
88092907,2019,2019-04-01 23:07,1,2,CAPITOLA ROAD,,30.45185,-84.08905,20,,E,LONG BRANCH LANE,,4,32,2,EC2
89140505,2019,2019-04-24 14:40,1,2,S Calhoun St,,30.441042,-84.279504,106,,N,E COLLEGE AVE,,5,32,2,EC2
89140673,2019,2019-04-29 15:30,1,1,RESERVE BLVD,19F,30.434674,-84.206389,,,,,,9,32,2,EC2
89140466,2019,2019-04-23 07:55,1,8,OLD SAINT AUGUSTINE RD,,30.424217,-84.240778,79,,E,CHINA GROVE TRL,,5,32,1,EC2
89141625,2019,2019-06-08 00:30,1,0,OLD SAINT AUGUSTINE RD,,30.420098,-84.224554,726,,E,HILL CT,,5,32,1,EC2
89140911,2019,2019-05-07 15:06,1,2,DOZIER DR,,30.412785,-84.265319,,,,E ORANGE AVE,,5,32,2,EC2
87270820,2019,2019-04-12 01:09,1,1,AENON CHURCH RD,,30.4120683690922,-84.3799178679672,,0.5,N,CREEK STABLE ROAD,,5,32,2,EC2
89139936,2019,2019-04-05 23:30,1,1,Blair Stone Rd,,30.403688,-84.245285,1544,,S,PAUL RUSSELL RD,,5,32,4,EC2
87292199,2019,2019-06-14 06:56,1,1,COUNTY ROAD 2203 (SPRINGHILL RD),,30.34499,-84.38444,500,,S,TOM ROBERTS ROAD,,4,32,2,EC2
88054827,2019,2019-06-09 01:50,1,1,COUNTY ROAD 2203 (SPRINGHILL ROAD),,30.3267526655722,-84.3969773375468,150,,S,O H HUDSON LANE,,4,32,2,EC2
88047542,2019,2019-04-25 22:49,1,0,US HWY 319 (CRAWFORDVILLE ROAD),,30.3250613623735,-84.3318346416979,10,,W,OAK RIDGE ROAD,,2,32,2,EC2
87505317,2019,2019-04-05 18:04,1,1,FLICKER RD,,30.31155,-84.288847,830,,W,WARBLER DR,,5,32,2,EC2
87505363,2019,2019-04-09 07:10,1,1,WAKULLA SPRINGS RD,,,,0,,,STRAWHILL LN,,4,32,2,EC2
88592889,2019,2019-04-11 07:35,1,0,WEST CALL STREET,644,,,75,,E,DEWEY STREET AND W CALL ST,,5,32,1,EC2
85871811,2019,2019-04-18 17:20,1,1,MONROE STREET,400 S MONROE ST,,,,,,,,5,32,1,PR2
87505407,2019,2019-04-24 06:16,1,5,FREEDOM RD,,,,0,,,DARIEN RD,,5,32,2,EC2
87505504,2019,2019-05-15 12:04,1,2,E Orange Ave,,,,500,,W,BLAIRSTONE RD S,,5,32,2,EC2
88060357,2019,2019-05-29 15:50,1,1,NB TAKESTA DRIVE,,30.5812427956837,-84.2354646292715,50,,S,BANNERMAN ROAD,,5,33,2,EC2
89297705,2019,2019-05-30 09:42,1,1,Thomasville Rd,6706,30.561777,-84.217819,,,,,,9,33,3,EC2
89141319,2019,2019-05-25 14:54,1,1,SHANNON LKS W,,30.533051,-84.215844,316,,S,MERRIGAN PL,,5,33,3,EC2
89297728,2019,2019-06-17 12:25,1,3,N Meridian Rd,,30.508811,-84.277385,,,,MILL BRANCH RD,,4,33,2,EC2
89141421,2019,2019-05-30 08:48,1,1,Thomasville Rd,,30.492247,-84.254763,104,,N,BROCKTON WAY,,5,33,2,EC2
89297479,2019,2019-06-03 06:00,1,1,LAGNIAPPE WAY,4440,30.46403,-84.215492,,,,,,9,33,8,EC2
89140365,2019,2019-04-19 13:19,1,1,N Monroe St,1318,30.457471,-84.280892,,,,,,9,33,10,EC2