report_number,crash_year,crash_date_time,total_number_of_vehicles,total_number_of_persons,on_street_road_highway,street_address_number,latitude,longitude,feet_from_intersection,miles_from_intersection,direction_from_intersection,from_intersection_of,from_milepost_number,road_system_identifier,first_harmful_event,harmful_event_location,other1
83828198,2019,2019-06-07 15:51,1,1,STATE ROAD 20,,30.4414724078048,-84.4370045294011,,,,WHISPERING PINES DRIVE WEST,,3,33,3,EC2
83828198,2019,2019-06-07 15:51,1,1,STATE ROAD 20,,30.4414724078048,-84.4370045294011,,,,WHISPERING PINES DRIVE WEST,,3,33,3,
89140605,2019,2019-04-27 19:02,1,1,W Jefferson St,,30.439626,-84.294928,295,,W,GRAY ST,,5,33,1,EC2
89141879,2019,2019-06-18 18:00,1,1,RANKIN AVE,,30.432415,-84.344367,300,,S,ROBERTS AVE,,5,33,10,EC2
85914278,2019,2019-04-17 09:33,1,1,S MARTIN LUTHER KING JR BLVD,1938,30.422959,-84.287021,,,,,,9,33,8,EC2
89125704,2019,2019-04-23 12:00,1,1,PHASE III PARKING LOT,,30.41711,-84.29032,,,,PALMETTO STREET,,5,33,1,EC2
89142147,2019,2019-06-30 21:45,1,1,Ridge Rd,110,30.397731,-84.282764,,,,,,8,33,2,EC2
88038630,2019,2019-06-09 15:50,1,1,OAK RIDGE RD W,,30.3249422752205,-84.3318637255791,200,,E,CRAWFORDVILLE HWY,,4,33,2,EC2
88135037,2019,2019-05-14 21:03,1,1,COUNTY ROAD 2204 (OAK RIDGE RD E),,30.3214419812235,-84.2387757441561,50,,W,CLEM LANE,,4,33,2,EC2
88109688,2019,2019-05-18 03:55,1,1,WOODVILLE HIGHWAY,,30.3172740508234,-84.2480602900341,5,,W,PAGE ROAD,,4,33,2,EC2
87505406,2019,2019-04-23 07:56,1,1,Woodville Hwy,8038,,,0,,,,,4,33,1,EC2
88074480,2019,2019-04-26 01:00,1,1,COUNTY ROAD 155,,30.49507,-84.27728,,0.5,N,LAKESHORE DRIVE,,4,34,2,EC2
88111373,2019,2019-06-16 19:55,1,1,I-10 (STATE ROAD 8 ),,30.4838361886452,-84.3827038161408,,1,E,STATE ROA D 263 (CAPITAL CIRCLE NW),,1,34,1,EC2
88060003,2019,2019-06-12 16:00,1,1,INTERSTATE 10 (STATE ROAD 8),,30.48381,-84.15652,,,,US HIGHWAY 90 (MAHAN DRIVE),,1,34,2,EC2
89140813,2019,2019-05-04 06:18,1,1,FAIRLANE RD,,30.463984,-84.31811,30,,N,BOTANY DR,,5,34,1,EC2
89141754,2019,2019-06-11 04:41,1,1,Alabama St,,30.456342,-84.301257,,,,CLAY ST,,5,34,10,EC2
89297805,2019,2019-06-27 06:32,1,1,W Pensacola St,1955,30.440225,-84.31662,,,,,,9,34,1,EC2
89141175,2019,2019-05-18 23:54,1,1,STONE VALLEY WAY,,30.433806,-84.295141,,,,MOSLEY ST,,5,34,2,EC2
89125708,2019,2019-05-10 15:43,1,1,LEE HALL SERVICE DRIVE,,30.42576,-84.28293,,,,HUDSON STREET,,5,34,1,EC2
89140669,2019,2019-04-29 00:00,1,1,Kerry Forest Pkwy,4616,30.536463,-84.215093,,,,,,9,36,4,EC2
89142088,2019,2019-06-27 21:30,1,1,MILLER LANDING CV,701,30.53478,-84.281586,,,,,,9,36,2,EC2
88060363,2019,2019-06-08 22:15,1,1,SB VETERANS MEMORIAL DRIVE,,30.5206083415698,-84.0542066937578,5,,S,US 90 (MAHAN DRIVE),,5,36,2,EC2
89140138,2019,2019-04-12 08:01,1,1,Killarney Way,2529,30.511924,-84.22729,,,,,,9,36,2,EC2
89140661,2019,2019-04-29 11:25,1,1,Live Oak Plantation Rd,,30.497424,-84.257142,178,,E,MILLSTREAM RD,,5,36,1,EC2
88027220,2019,2019-06-03 16:10,1,1,INTERSTATE 10 (STATE ROAD 8) EB 199 MM,,30.4886581032015,-84.2892435530054,,0.3,W,COUNTY ROAD 155 (N MERIDIAN ROAD),,1,36,2,EC2
88074491,2019,2019-06-12 15:04,1,4,INTERSTATE 10 EB MM 199 ENTRANCE RAMP,,30.48144,-84.31368,,,,UNITED STATES HIGHWAY 27,,1,36,1,EC2
89141595,2019,2019-06-07 18:18,1,1,Pullen Rd,,30.477984,-84.310092,,,,CLEMONS RD,,4,36,2,EC2
89140012,2019,2019-04-07 08:14,1,2,CHESTWOOD AVE,,30.471274,-84.303054,277,,E,TANGLEWOOD TER,,5,36,1,EC2
89139951,2019,2019-04-05 15:10,1,1,W Tharpe St,,30.465471,-84.330853,166,,E,MARY ELLEN DR,,5,36,2,EC2
89141737,2019,2019-06-13 03:02,1,2,FAIRLANE RD,,30.464258,-84.318189,20,,S,SHERWOOD DR,,5,36,2,EC2
89140482,2019,2019-04-23 15:06,1,1,E 6TH AVE,,30.456305,-84.263605,231,,E,LEE AVE,,5,36,1,EC2
89140702,2019,2019-04-30 16:30,1,1,Appleyard Dr,770,30.450555,-84.341563,,,,,,9,36,1,EC2
89141089,2019,2019-05-15 13:56,1,1,N Monroe St,,30.446026,-84.280787,79,,N,E VIRGINIA ST,,5,36,2,EC2
89141897,2019,2019-06-19 15:00,1,1,N Monroe St,,30.445268,-84.28057,196,,S,E VIRGINIA ST,,3,36,2,EC2
87511831,2019,2019-05-21 00:00,1,1,TCC PARKING LOT B,,30.4447,-84.3388,,,,,,9,36,8,EC2
89140215,2019,2019-04-15 00:40,1,1,N Adams St,301,30.444399,-84.281648,,,,,,9,36,8,EC2
89140955,2019,2019-05-08 14:21,1,1,S Calhoun St,,30.440457,-84.279279,,,,CALHOUN ST S,,77,36,8,EC2
89140350,2019,2019-04-19 01:15,1,1,Ausley Rd,207,30.440373,-84.319203,,,,,,9,36,2,EC2
89140475,2019,2019-04-23 12:00,1,2,Governors Square Blvd,1569,30.438932,-84.256676,,,,,,9,36,2,EC2
89139896,2019,2019-04-04 02:15,1,2,Apalachee Pkwy,1103,30.437302,-84.265999,,,,,,9,36,2,EC2
89141753,2019,2019-06-09 21:24,1,1,S Meridian St,,30.435568,-84.277002,371,,S,E MADISON ST,,5,36,2,EC2
89140335,2019,2019-04-18 16:10,1,1,Jackson Bluff Rd,3000,30.434519,-84.336159,,,,,,9,36,2,EC2
89140433,2019,2019-04-21 20:03,1,1,CIRCLE DR,,30.430467,-84.266686,,,S,SEMINOLE DR,,5,36,2,EC2
89140625,2019,2019-04-28 06:18,1,0,KEITH ST,,30.42227,-84.297329,116,,S,KISSIMMEE ST,,5,36,2,EC2
89141587,2019,2019-06-06 11:25,1,0,W Orange Ave,,30.414171,-84.338926,382,,E,JOHN COX DR,,5,36,1,EC2
88592880,2019,2019-04-08 12:09,1,2,SCHOOL HOUSE ROAD,3000,,,200,,E,FOUROAKS,,5,36,1,EC2
87505414,2019,2019-04-22 13:21,1,1,GOLDEN EAGLE DR E,3044,,,0,,,,,8,36,1,EC2
88592935,2019,2019-06-11 21:13,1,1,WOODWARD AV,104,,,,,,,,9,36,1,EC2
89140233,2019,2019-04-15 15:24,1,1,W 9TH AVE,219,30.459773,-84.284149,,,,,,9,37,2,EC2
89142018,2019,2019-06-24 19:50,1,1,Alabama St,800,30.457201,-84.295506,,,,,,9,37,2,EC2
89139894,2019,2019-04-03 17:00,1,1,CENTRAL ST,1320,30.45708,-84.291058,,,,,,9,37,8,EC2
89140352,2019,2019-04-18 21:42,1,1,ALIGHT WEST TENN,,30.451247,-84.331962,,,,,,9,37,1,EC2
89140991,2019,2019-05-10 23:55,2,2,W Pensacola St,2166,30.441449,-84.321199,,,,,,9,37,2,EC2
89141670,2019,2019-06-11 13:55,1,1,W Pensacola St,2757,30.440907,-84.334685,,,,,,9,37,8,EC2
89140000,2019,2019-04-06 22:10,1,5,W Madison St,601,30.436429,-84.291078,,,,,,9,37,2,EC2
89141788,2019,2019-06-15 07:00,1,1,HAMILTON PARK DR,,30.434367,-84.341236,32,,N,JACKSON BLUFF RD,,5,37,2,EC2
89141438,2019,2019-05-31 10:15,1,1,Putnam Dr,,30.416589,-84.274785,70,,E,TEXAS ST,,5,37,2,EC2
88074479,2019,2019-04-13 06:46,1,1,PUTNAM DRIVE,,30.4165,-84.2771,,,,MERIDIAN STREET,,5,37,2,EC2
87505353,2019,2019-04-12 00:00,1,1,JACKSONBLUFF RD,2006,,,0,,,,,4,37,8,EC2
87505366,2019,2019-04-12 14:05,1,1,Jim Lee Rd,3013,,,0,,,,,5,37,1,EC2
89297715,2019,2019-05-31 14:15,1,1,TUSCAVILLA RD,2384,30.583071,-84.238123,,,,,,9,38,2,EC2
89140171,2019,2019-04-13 05:00,1,1,SUMMER BROOK DR,317,30.572674,-84.274245,50,,N,UPLAND GLADE ST,,5,38,3,EC2
89297656,2019,2019-06-26 17:00,1,1,OX BOW CT,,30.555647,-84.250378,,,,OX BOW CIR,,5,38,10,EC2
89297653,2019,2019-06-08 17:50,1,1,CLARECASTLE WAY,,30.533337,-84.199245,50,,N,SHANNON LAKE DR N,,5,38,3,EC2
89141458,2019,2019-06-01 02:00,1,1,GARDENVIEW WAY,,30.509436,-84.21676,,,,A J HENRY PARK DR,,5,38,10,EC2
89140391,2019,2019-04-20 10:37,1,1,OLSON ROAD,,30.498114,-84.229867,10,,N,OAK PARK CT,,5,38,2,EC2
89141244,2019,2019-05-21 15:46,1,3,ELMWOOD RD,3064,30.481601,-84.161108,611,,W,WALDEN RD,,5,38,3,EC2
89141673,2019,2019-06-11 14:30,1,5,GOODWOOD DR,1680,30.467567,-84.250746,,,,,,9,38,10,EC2
89141009,2019,2019-05-11 19:38,1,1,High Rd,2005,30.46709,-84.312327,200,,S,RAA AVE,,5,38,2,EC2
89140949,2019,2019-05-09 10:45,1,1,SHARON RD,,30.464561,-84.30812,91,,W,ROSEDALE DR,,5,38,2,EC2
89141012,2019,2019-05-12 11:33,1,1,Old Bainbridge Rd,,30.452832,-84.29192,114,,N,PRESTON ST,,3,38,2,EC2
89140849,2019,2019-05-05 10:50,1,1,Apalachee Pkwy,3626,30.428778,-84.210851,,,,,,9,38,2,EC2
89140648,2019,2019-04-27 21:30,1,0,COLEMAN ST,1503,30.419466,-84.308777,,,,,,9,38,10,EC2
89140166,2019,2019-04-13 03:49,1,1,N Ridge Rd,,30.405481,-84.304005,725,,N,CREEK RD,,5,38,1,EC2
88056974,2019,2019-05-04 00:25,1,1,LOUVINIA DRIVE,,30.4046391044285,-84.1371211544858,,0.1,N,OWENSTONE ROAD,,4,38,2,EC2
89297504,2019,2019-06-13 10:30,1,1,BLOUNT CREEK RD,,30.396859,-84.619589,35,,S,LIAHONA DR,,5,38,2,EC2
87505334,2019,2019-04-04 17:00,1,1,MCCRACKEN RD,10300,,,0,,,,,5,38,2,EC2
87505369,2019,2019-04-15 07:25,3,3,Blountstown Hwy,,,,20,,E,SILVER LAKE RD,,3,38,1,EC2
87505396,2019,2019-04-15 19:42,1,1,HILL GAIL TRL,6852,,,0,,,,,5,38,2,EC2
89297679,2019,2019-05-15 10:00,1,1,BANNERMAN RD,1580,30.586751,-84.250563,,,,,,9,39,8,EC2
89297741,2019,2019-06-11 09:24,1,2,Old Bainbridge Rd,,30.583035,-84.358583,897,,N,ORCHARD POND PKWY,,4,39,2,EC2
89297615,2019,2019-06-09 02:00,1,1,OLD CHEMONIE RD,8996,30.576978,-84.126577,,,,,,9,39,3,EC2
89297553,2019,2019-06-23 12:40,1,2,KINHEGA DR,,30.56767,-84.218816,139,,S,TURTLE CREEK LN,,4,39,1,EC2
89297585,2019,2019-05-17 13:40,1,1,BANNERMAN RD,3451,30.562085,-84.219353,,,,,,9,39,2,EC2
89297614,2019,2019-06-17 10:30,1,3,OX BOW CIR,7125,30.559933,-84.249258,,,,,,9,39,2,EC2
89297734,2019,2019-06-25 17:00,1,1,OX BOW CIR,,30.555589,-84.250382,,,,OX BOW CT,,5,39,10,EC2
89140795,2019,2019-05-03 11:14,1,1,MILLER LANDING RD,691,30.535124,-84.281014,,,,,,9,39,10,EC2
89297720,2019,2019-06-19 17:03,1,1,ROBERTS RD,,30.534684,-84.130181,,,,CRUMP RD,,5,39,2,EC2
89144964,2019,2019-05-30 16:50,1,1,RAMSGATE DR,4656,30.53276,-84.224325,,,,,,9,39,8,EC2
89144964,2019,2019-05-30 16:50,1,1,RAMSGATE DR,4656,30.53276,-84.224325,,,,,,9,39,8,
89297534,2019,2019-05-31 09:15,2,0,N Monroe St,,30.531889,-84.361732,131,,S,CR-0361,,2,39,1,EC2
87505296,2019,2019-04-02 15:50,1,2,BREEZEE CT,3986,30.517134,-84.346149,0,,,,,5,39,2,EC2
89141884,2019,2019-06-18 11:36,1,0,CARRICK CT,2304,30.514643,-84.228159,750,,W,MUNDON WAY,,77,39,2,EC2
89141212,2019,2019-05-20 12:45,1,1,Maclay Rd,1372,30.513795,-84.249642,,,,MACLAY BLVD,,5,39,2,EC2
89142046,2019,2019-06-26 13:54,1,1,Thomasville Rd,3519,30.508518,-84.247889,,,,,,9,39,2,EC2
89140006,2019,2019-04-06 11:49,1,2,Timberlane Rd,1415,30.504468,-84.254602,,,,,,9,39,2,EC2
89297609,2019,2019-06-03 12:40,1,1,WIGGINGTON RD,,30.504213,-84.325739,232,,S,JOYCE DR,,5,39,2,EC2
89142001,2019,2019-06-24 13:27,1,1,Killearn Center Blvd,2305,30.50298,-84.242947,,,,,,9,39,2,EC2
89297632,2019,2019-06-18 17:11,1,1,I-10,,30.502056,-84.25464,992,,E,S SR-61,,1,39,1,EC2
89140827,2019,2019-05-04 16:00,2,4,N Monroe St,3802,30.500196,-84.328474,,,,,,9,39,1,EC2
89140622,2019,2019-04-27 21:47,1,1,METROPOLITAN BLVD,1271,30.499937,-84.255606,,,,,,8,39,2,EC2
88060344,2019,2019-04-26 09:10,1,1,WB SR 8 (I-10) MM 201,,30.4966356691268,-84.2699308384475,,2,W,MM 199,,1,39,1,EC2
89297713,2019,2019-05-23 18:35,1,1,N Monroe St,,30.485142,-84.313213,28,,E,OKEEHEEPKEE RD,,2,39,2,EC2
89297560,2019,2019-06-19 09:50,1,2,I-10,,30.478283,-84.331988,5357,,W,N MONROE ST,,1,39,10,EC2
89140805,2019,2019-05-03 15:30,1,1,Pullen Rd,,30.478026,-84.311164,341,,W,CLEMONS RD,,5,39,1,EC2
89141847,2019,2019-06-17 20:30,1,1,N Monroe St,2683,30.477801,-84.29863,,,,,,9,39,8,EC2
89297477,2019,2019-06-22 11:55,1,1,Capital Circle NW,1745,30.476955,-84.361792,,,,,,9,39,2,EC2
89141997,2019,2019-06-23 20:17,1,1,CAPITAL WALK DR,850,30.475336,-84.364844,,,,,,9,39,2,EC2
89140039,2019,2019-04-08 09:30,2,1,HARTSFIELD CT,2301,30.47221,-84.313129,,,,,,9,39,2,EC2
89141978,2019,2019-06-22 19:18,1,1,N Monroe St,2349,30.47196,-84.290361,,,,,,9,39,8,EC2
89141729,2019,2019-06-10 19:16,1,1,WATT DR,825,30.47041,-84.297571,,,,,,9,39,2,EC2
89140504,2019,2019-04-24 13:41,2,1,N Monroe St,2214,30.469361,-84.288405,,,,,,9,39,8,EC2
89140601,2019,2019-04-27 02:00,1,1,Gibbs Dr,2117,30.469014,-84.292316,59,,E,HAGAN DR,,5,39,2,EC2
89297471,2019,2019-06-03 08:33,1,1,UNIVERSAL DR,615,30.468962,-84.288552,,,,,,9,39,8,EC2
89297608,2019,2019-05-18 00:00,1,1,Mahan Dr,4220,30.468843,-84.20749,,,,,,8,39,88,EC2
89140446,2019,2019-04-22 13:00,1,1,ALTON DR,,30.468383,-84.323976,,,,DEVRA DR,,5,39,1,EC2
89140253,2019,2019-04-16 04:36,1,1,FOGLE CT,1221,30.465382,-84.30276,,,,,,9,39,2,EC2
89139988,2019,2019-04-06 14:58,1,1,Thomasville Rd,1806,30.464142,-84.272148,,,,,,9,39,8,EC2
89140027,2019,2019-04-08 13:20,1,1,Old Bainbridge Rd,,30.463033,-84.298931,117,,W,COMMERCIAL PARK DR,,77,39,2,EC2
89297684,2019,2019-06-26 06:34,3,0,COMMERCIAL PARK DR,1213,30.462507,-84.302449,,,,,,9,39,2,EC2
89297863,2019,2019-06-26 06:34,3,0,COMMERCIAL PARK DR,1213,30.462398,-84.302306,,,,,,9,39,2,EC2
89139900,2019,2019-04-03 01:34,1,2,Old Bainbridge Rd,,30.461326,-84.297212,168,,S,KNOTS LN,,5,39,2,EC2
89140615,2019,2019-04-27 14:54,1,1,DURA CIR,,30.460568,-84.339024,109,,E,REXWOOD DR,,5,39,2,EC2
89140848,2019,2019-05-05 08:44,1,1,THE PARK AT MIDTOWN APARTMENTS,,30.459904,-84.296708,22,,W,OLD BAINBRIDGE RD,,5,39,2,EC2
89139773,2019,2019-04-01 08:50,1,2,N Magnolia Dr,1452,30.45884,-84.262272,,,,,,9,39,3,EC2
89141457,2019,2019-05-31 23:29,1,1,LEE AVE,,30.457941,-84.264309,,,,SPRUCE AVE,,5,39,2,EC2
89141985,2019,2019-06-22 14:41,1,2,Thomasville Rd,1345,30.45784,-84.276905,,,,,,9,39,2,EC2
89141360,2019,2019-05-28 01:30,1,0,CALLOWAY ST,,30.457837,-84.305689,326,,N,IDAHO ST,,5,39,2,EC2
88074752,2019,2019-04-29 02:15,1,1,HORSEMAN ASSOCIATION RD,,30.45772,-84.38246,75,,N,US HIGHWAY 90,,5,39,1,EC2
89141916,2019,2019-06-20 08:37,1,1,W Tennessee St,3101,30.456721,-84.34572,,,,,,9,39,2,EC2
89141636,2019,2019-06-09 02:49,1,1,E 5TH AVE,,30.454758,-84.278291,47,,W,THOMASVILLE RD,,5,39,1,EC2
89141078,2019,2019-05-15 01:29,1,2,W 5TH AVE,,30.454728,-84.283019,22,,E,N DUVAL ST,,3,39,1,EC2
89141981,2019,2019-06-23 05:29,1,1,N M L KING JR BLVD,,30.454348,-84.285609,110,,S,W 5TH AVE,,5,39,2,EC2
89140724,2019,2019-05-01 15:30,1,1,W Tennessee St,2751,30.453477,-84.339739,,,,,,9,39,8,EC2
89142074,2019,2019-06-27 15:20,1,2,CALIFORNIA ST,809,30.453179,-84.309097,,,,,,9,39,2,EC2
89141519,2019,2019-06-04 01:03,1,1,W Tennessee St,2614,30.452999,-84.334188,,,,,,9,39,8,EC2
89297437,2019,2019-06-07 17:00,1,1,BURGESS DR,1327,30.452636,-84.347804,,,,,,9,39,2,EC2
89141160,2019,2019-05-17 17:03,1,1,Easterwood Dr,999,30.451536,-84.22283,,,,,,9,39,2,EC2
89140130,2019,2019-04-11 22:49,1,1,Capital Circle NE,1184B,30.451104,-84.227289,,,,,,9,39,2,EC2
89141735,2019,2019-06-13 00:30,1,1,N Blair Stone Rd,,30.450479,-84.25071,1065,,S,MAHAN DR,,5,39,3,EC2
89141079,2019,2019-05-15 22:21,1,1,W Brevard St,1000,30.449216,-84.30357,,,,,,9,39,8,EC2
89139911,2019,2019-04-04 11:20,1,1,N Magnolia Dr,243,30.44492,-84.261318,,,,,,9,39,2,EC2
89140424,2019,2019-04-21 11:11,1,1,N Duval St,10,30.444582,-84.282731,,,,,,9,39,10,EC2
89141251,2019,2019-05-22 03:41,1,1,E Park Ave,1220,30.441984,-84.262028,,,,,,9,39,2,EC2
89141910,2019,2019-06-19 11:02,1,1,E Park Ave,,30.441511,-84.22714,150,,W,CAPITAL CIR SE,,5,39,1,EC2
88592937,2019,2019-06-21 10:20,1,1,TRADITIONS WAY,860,30.441496,-84.296701,,,,,,9,39,2,EC2
89141088,2019,2019-05-15 11:26,1,1,CLAREMONT LN,2156,30.44137,-84.240257,,,,,,9,39,2,EC2
89141844,2019,2019-06-17 20:10,1,1,MEETING ST,,30.441282,-84.233987,54,,S,MILLBANK DR,,8,39,2,EC2
89140576,2019,2019-04-26 19:03,1,1,W College Ave,310,30.440819,-84.284863,,,,,,9,39,8,EC2
89297664,2019,2019-06-27 06:32,1,1,W Pensacola St,1955,30.440403,-84.316732,,,,,,9,39,1,EC2
89141503,2019,2019-06-03 08:31,1,1,S Calhoun St,,30.43965,-84.279561,,,,E JEFFERSON ST,,5,39,3,EC2
89140348,2019,2019-04-18 22:50,1,1,Apalachee Pkwy,1027,30.437645,-84.266886,,,,,,9,39,1,EC2
89141181,2019,2019-05-17 14:34,1,2,W Gaines St,600,30.435759,-84.290719,,,,,,9,39,2,EC2
89140925,2019,2019-05-08 09:40,1,1,Appleyard Dr,142,30.435657,-84.338393,,,,,,9,39,2,EC2
89140137,2019,2019-04-12 07:00,1,1,W Gaines St,233,30.434903,-84.283515,,,,,,9,39,8,EC2
89141081,2019,2019-05-15 08:49,1,1,W BLOXHAM ST,252,30.434791,-84.283743,,,,,,9,39,8,EC2
89141451,2019,2019-05-31 21:59,1,1,Jackson Bluff Rd,,30.434458,-84.307536,,,,HAYDEN RD,,5,39,3,EC2
89140394,2019,2019-04-20 10:45,1,1,HICKORY HILL APARTMENTS,,30.433015,-84.324464,,,,,,9,39,2,EC2
89140756,2019,2019-05-02 12:17,1,3,Lake Bradford Rd,912,30.432804,-84.302526,,,,,,9,39,2,EC2
89142068,2019,2019-06-27 12:50,1,1,OLD SAINT AUGUSTINE RD,1491,30.432209,-84.254167,,,,,,9,39,2,EC2
89141423,2019,2019-05-30 12:29,1,1,Capital Circle SE,1212,30.429932,-84.228342,,,,,,9,39,2,EC2
89125713,2019,2019-05-07 13:00,1,1,TUCKER HALL LOADING ZONE,,30.4277582078271,-84.2877882873228,,,,ORR DRIVE,,5,39,8,EC2
87505389,2019,2019-04-15 23:55,1,1,TWIN LAKES CIR,,30.424905,-84.207222,0,,S,HIGH RIDGE PARK,,5,39,2,EC2
89142022,2019,2019-06-25 13:27,1,1,PALM BEACH ST,503,30.4208,-84.290552,,,,,,9,39,8,EC2
89142085,2019,2019-06-27 00:45,1,1,BRIGHTON RD,,30.41803,-84.271322,,,S,WALLIS ST,,5,39,2,EC2
89141858,2019,2019-05-30 00:20,1,1,WILLOW BEND WAY,1639,30.417412,-84.250591,,,,,,9,39,8,EC2
89140946,2019,2019-05-09 07:30,1,2,Holton St,2502,30.416052,-84.299183,,,,,,9,39,2,EC2
89141632,2019,2019-06-08 14:40,1,2,S Monroe St,2525,30.415578,-84.279613,,,,,,9,39,8,EC2
89140133,2019,2019-04-12 00:41,1,1,S Monroe St,2847,30.412698,-84.280199,,,,,,9,39,2,EC2
89139822,2019,2019-04-01 18:50,1,1,Orange Ave,,30.412657,-84.265826,250,,E,PONTAIC DRIVE,,5,39,1,EC2
89297448,2019,2019-06-21 06:15,1,1,GATEWAY AT SEMINOLE SUITES,,30.404964,-84.601437,2580,,N,BIG BEND SCENIC BYWY,,4,39,2,EC2
89140526,2019,2019-04-25 09:10,1,1,Crawfordville Rd,3433,30.398361,-84.280835,,,,,,9,39,1,EC2
89142003,2019,2019-06-24 13:56,2,2,GAILE AVE,,30.397747,-84.281087,166,,E,RIDGE RD,,5,39,1,EC2
89297667,2019,2019-06-10 20:09,1,1,Tram Rd,,30.385276,-84.244439,1328,,W,MERCHANTS ROW BLVD,,5,39,2,EC2
89297624,2019,2019-06-01 18:59,1,2,BROCK DR,,30.383503,-84.304634,,,,BALKIN RD,,5,39,2,EC2
89297463,2019,2019-06-28 11:54,1,1,UNNAMED RD,,30.336832,-84.254936,382,,N,J LEWIS HALL SR,,3,39,8,EC2
87249949,2019,2019-06-26 07:00,1,1,BARDSWOOD LN,2732,30.32708,-84.3253,75,,N,BARDSWOOD LANE,,4,39,8,EC2
89297574,2019,2019-06-20 06:30,1,1,Woodville Hwy,,30.299104,-84.244301,,,,SUMMERHAVEN DR,,3,39,3,EC2
87505338,2019,2019-04-03 13:30,1,3,MONTEJO DR,5277,,,0,,,,,8,39,2,EC2
89140014,2019,2019-04-07 12:00,1,2,Roberts Ave,1795-1809,,,1000,,,IAMONIA ST,,5,39,1,EC2
88592883,2019,2019-04-09 18:00,2,1,N Woodward Ave,104,,,200,,S,N. WOODWARD AVE & W. TENNESSEE ST,,5,39,8,EC2
87505386,2019,2019-04-19 10:42,1,1,Buck Lake Rd,,,,85,,S,MAHAN DR,,5,39,4,EC2
88592901,2019,2019-04-21 21:40,1,1,SPIRIT WAY,,,,100,,W,CHIEFTAN WAY,,5,39,1,EC2
88592904,2019,2019-04-23 05:20,1,1,CALL ST AND CHIEFTAN WAY,,,,,,W,CALL STREET AND CHIEFTAN WAY,,5,39,1,EC2
88592904,2019,2019-04-23 05:20,1,1,CALL ST AND CHIEFTAN WAY,,,,,,W,CALL STREET AND CHIEFTAN WAY,,5,39,1,
87505401,2019,2019-04-23 12:53,1,1,Blountstown Hwy,,,,300,,W,CAPITAL CIR SW,,2,39,2,EC2
87505404,2019,2019-04-23 20:15,1,1,Apalachee Pkwy,,,,100,,E,TAPLEY TRL,,3,39,1,EC2
87505458,2019,2019-04-28 10:00,1,1,BANNERMAN RD,935,,,0,,,,,4,39,2,EC2
87505417,2019,2019-04-28 20:35,1,1,BAUM RD,,,,0,,,HEARTWOOD HILLS BLVD,,4,39,2,EC2
87505430,2019,2019-04-30 16:07,1,1,CAPITOLA RD,11201,,,0,,,,,5,39,9,EC2
88592918,2019,2019-05-04 02:17,1,1,W Madison St,805,,,,,,,,9,39,8,EC2
89141132,2019,2019-05-16 17:39,1,1,GARDENVIEW WAY,,,,,,,PARADISE PL,,8,39,3,EC2
89141809,2019,2019-06-16 00:02,1,1,UNKNOWN,,,,,,,UNKNOWN,,77,39,88,EC2
85871816,2019,2019-06-28 14:28,1,1,PHILLIPS ROAD FDLE PARKING LOT,2331,,,,,,,,9,39,8,PR2
87505424,2019,2019-04-29 17:30,1,1,Sharer Rd,3116,,,0,,,,,5,40,2,EC2
87505377,2019,2019-04-14 14:21,1,1,I-10,,,,500,,E,,199,2,42,1,EC2
87505382,2019,2019-04-18 01:02,1,2,DOG LAKE TOWER RD,,,,528,,W,NFR-324,,5,42,2,EC2
87505468,2019,2019-05-04 14:31,1,1,Mahan Dr,,,,0,,,CHAMPAGNE DR,,5,42,2,EC2
87505498,2019,2019-05-14 09:20,1,1,Miccosukee Rd,,,,150,,N,CENTENIAL OAKS CIR,,5,42,2,EC2
87505320,2019,2019-04-05 21:00,1,1,CATHEDRAL DR,2775,,,0,,,,,5,43,2,EC2
87505388,2019,2019-04-19 18:40,1,2,TOWER RD,,,,0,,,BOMBADIL DR,,5,43,2,EC2
87505425,2019,2019-04-29 15:12,2,2,Apalachee Pkwy,,,,0,,,TERRYWOOD DR,,5,43,4,EC2
87505450,2019,2019-05-04 02:23,1,1,Thomasville Rd,,,,100,,N,LOMA FARM RD,,2,43,4,EC2
87505451,2019,2019-05-04 22:59,1,1,CACTUS ST,,,,265,,S,TENNESSEE ST,,5,43,10,EC2
87505470,2019,2019-05-09 09:15,1,1,SWATTS RD,,,,500,,W,MONROE ST N,,5,43,2,EC2